CreditScore,NetWorth,LengthOfCreditHistory,DebtToIncomeRatio,Monthly_LoanToIncomeRatio,RiskScore,LoanApproved
623,267879,16,0.2649976163747366,0.07220954655690723,36.0,1
538,245744,3,0.05287380926897142,0.07667279712721595,40.8,1
607,69288,15,0.04716215218835339,0.0608088579604015,43.2,1
482,2473,15,0.02170965928683108,0.03818152588229914,42.400000000000006,1
549,441782,15,0.029207660173796515,0.15234522147892665,36.8,1
587,36107,26,0.048147238336388204,0.06750372810890806,40.0,1
634,7608,26,0.02075441311365212,0.02162171319929872,36.8,1
564,228007,29,0.07382358932572824,0.049703333998366336,37.6,1
639,108157,9,0.027816690014008404,0.09691325758724259,38.400000000000006,1
571,9907,17,0.0798004987531172,0.1318082978490657,43.2,1
528,4589,22,0.014537227148628009,0.020842788294697552,40.8,1
671,68700,4,0.04544288864953583,0.05342045260749326,41.6,1
541,170699,3,0.0486567817862012,0.01894552372358925,40.8,1
550,2976,5,0.055436832181018234,0.06967160490690186,40.8,1
611,99394,24,0.15595494148955563,0.221877402042132,39.2,1
639,9887,18,0.06150434100559868,0.06686990128007479,44.0,1
603,314536,12,0.13913352272727272,0.1236470125816599,32.0,1
601,11764,29,0.04415030846887268,0.062199643513315896,39.2,1
518,139486,27,0.02828529928904518,0.11536747164517974,40.8,1
626,32500,28,0.03833624304818128,0.031246434303268237,43.2,1
580,445776,27,0.08566153846153847,0.34031143428955285,40.8,1
643,1495,23,0.03643231387839649,0.03915174488935257,39.2,1
590,288071,7,0.015636036950424162,0.04830002086969599,37.6,1
602,149032,1,0.03796246648793566,0.0878115223089072,42.400000000000006,1
644,4604,13,0.06537821873028618,0.06339632634090876,40.8,1
611,226248,12,0.08469635130573541,0.12536077649755653,36.8,1
571,434947,14,0.03312146480844364,0.07073334135702067,40.8,1
533,87031,25,0.012462711302618496,0.05308293256103988,38.400000000000006,1
511,612585,12,0.128686327077748,0.21415047979392,34.4,1
657,5280,27,0.15030729491404649,0.05116811179437971,38.400000000000006,1
604,41853,28,0.157501806213374,0.13435702709852515,45.6,1
588,16657,11,0.03643754438376962,0.06775391203222213,39.2,1
614,464756,11,0.03347658900701199,0.09146218745616498,39.2,1
594,9119,7,0.02104785291265141,0.04868251719557698,55.2,1
576,61726,27,0.07145669291338583,0.06624405913795903,44.8,1
565,93388,25,0.03397027600849257,0.050035016202112176,43.2,1
608,5014,26,0.10944330535030368,0.05994876152491474,36.0,1
661,150516,1,0.10038767598449296,0.052677673181371336,43.2,1
501,40983,24,0.034820645524529285,0.056641842872947434,38.400000000000006,1
631,112526,20,0.012179255316277336,0.023454984813802475,33.6,1
625,95498,26,0.018891793877034664,0.03299841249544398,38.400000000000006,1
604,319342,18,0.02148877096715898,0.15639247536441903,35.2,1
465,72314,16,0.0542377784205959,0.09897797193782742,38.400000000000006,1
559,9388,8,0.016793367041962323,0.0476266028135063,44.0,1
528,45218,21,0.03114902301268338,0.12139535752134922,39.2,1
625,27232,21,0.03778808853730889,0.27675622976704534,40.8,1
596,23896,2,0.020976805103722167,0.04699415400399255,48.0,1
515,155149,25,0.09237921467669774,0.06010889698581776,42.400000000000006,1
628,7776,12,0.061851874578143215,0.09548639558229492,43.2,1
646,3886,24,0.09674243700832794,0.10237909211508686,38.400000000000006,1
617,110930,23,0.12125876730184346,0.27458525610934736,35.2,1
625,10987,8,0.027689596822688685,0.17771460289514568,44.0,1
565,299885,26,0.03039940341719124,0.07149631290507429,40.8,1
613,376393,12,0.08793751807925948,0.3055528993346151,35.2,1
632,7818,14,0.05859750240153699,0.0637637158292003,43.2,1
500,105814,14,0.08508438273200634,0.08912714668561497,40.8,1
578,9222,12,0.26557970481333787,0.03684722162121313,41.6,1
639,38861,26,0.012036365188441674,0.062460685536602584,39.2,1
534,581271,18,0.06372631225893007,0.14630174728715112,34.4,1
645,566222,16,0.05197537357299756,0.15453984430160417,35.2,1
533,2794,7,0.0303634355116424,0.018803969565231823,40.0,1
619,663721,9,0.17675127576380142,0.08551955571813293,31.200000000000003,1
549,245272,4,0.036632179285635946,0.07477718878974728,38.400000000000006,1
616,3352,22,0.07592052132890897,0.10418181605730034,38.400000000000006,1
518,898526,1,0.06531924666972898,0.19739387402427083,36.8,1
580,24879,16,0.04030467101036982,0.04683163809815776,44.8,1
585,107975,16,0.03657017587564147,0.1458542224950938,36.8,1
601,1720,27,0.025385227858179944,0.11583918588144687,41.6,1
631,9450,2,0.04632187482848832,0.043477165792149226,48.0,1
626,3245,25,0.10557468418567695,0.05952477691020407,37.6,1
607,7453,6,0.15582180868013512,0.07491794872920676,40.8,1
589,9724,21,0.10685027573236429,0.07702387974898153,41.6,1
624,132930,24,0.06351514633077063,0.0649858226853911,37.6,1
560,29613,24,0.025190471080588046,0.06759657902919523,44.8,1
556,262643,5,0.019011452828135017,0.10710529839943725,44.0,1
524,20059,21,0.05659418243434058,0.055321491132242794,43.2,1
582,53047,13,0.03979562692393133,0.09907247868364358,39.2,1
608,18663,2,0.01943337924872492,0.05857854304177365,41.6,1
644,58979,1,0.061525681130826446,0.07868222630895358,45.6,1
473,340337,13,0.03586619151626624,0.05471804130374769,37.6,1
580,207824,16,0.10568553978697667,0.11307088104694545,43.2,1
610,313352,28,0.053179856115107914,0.11292698536042697,34.4,1
567,56593,10,0.02738075515460036,0.059013718954519206,45.6,1
594,34482,22,0.025533821113931612,0.19129473957143822,40.8,1
668,76809,9,0.1022852524064957,0.12861389379826893,38.400000000000006,1
531,90754,7,0.020178811321628756,0.05213178469796194,37.6,1
603,379302,15,0.07984413483806933,0.0675770723434835,33.6,1
616,10646,2,0.041994262643433915,0.04405151554954854,39.2,1
564,85529,17,0.030731642700498947,0.05965743505323807,39.2,1
514,404350,14,0.0259758651035292,0.08950951882437123,36.8,1
659,295425,21,0.03716979661809398,0.05209921384709294,30.4,1
587,22134,11,0.09362611104071251,0.06433160379221166,46.400000000000006,1
625,456482,21,0.045123125601870956,0.12187872583909627,32.800000000000004,1
551,9052,8,0.08302735742937793,0.05483520687879623,41.6,1
434,4122,16,0.019359001935900195,0.04170696539926043,39.2,1
553,23136,10,0.0764225646062243,0.05749355570942716,43.2,1
531,452024,8,0.059949091547441415,0.0860747931081015,40.0,1
635,10320,18,0.030629608621667612,0.023649986904414385,39.2,1
558,52424,19,0.05813822475606733,0.12168832045483641,40.0,1
604,344652,10,0.05890783296268841,0.1490743447562672,32.800000000000004,1
607,917795,27,0.1581302834410741,0.169878923590375,47.2,1
572,24690,16,0.05831808858584179,0.11565040390466931,40.0,1
502,8320,21,0.09119335048486049,0.13032652495615443,40.8,1
619,10772,20,0.05690703735881842,0.05570854880918619,36.0,1
573,38522,28,0.06424698672392004,0.2561282005403572,40.0,1
614,7925,14,0.045546706460560256,0.04636566587484871,36.8,1
593,8585,6,0.01209327830101296,0.01673836905257747,45.6,1
673,18467,21,0.042703536944681826,0.07806958961368927,37.6,1
522,1212567,24,0.2236328693727797,0.22026846494873872,35.2,1
645,183472,25,0.016680917135708177,0.03226149700315682,40.0,1
625,8779,9,0.051431873635546424,0.2922297950381246,39.2,1
488,33397,15,0.03592305841389365,0.059933333772620646,40.8,1
549,4144,25,0.1342079184559483,0.12771344222512523,43.2,1
604,6916,25,0.017345983142636103,0.0974123653062226,40.8,1
582,8284,5,0.019451751825318872,0.03755493985172969,48.8,1
627,5414,10,0.011041500345046886,0.06633143582261157,41.6,1
558,82899,4,0.06659752781904307,0.11972766640960374,47.2,1
523,75332,26,0.11059299137430703,0.151673193781202,37.6,1
645,250543,25,0.025525405904940967,0.08592948453928817,32.0,1
564,59977,1,0.0476062036412677,0.0853741593051681,43.2,1
576,90491,26,0.2028121005538986,0.07538639536933371,40.8,1
611,19059,21,0.024891654628292032,0.044180530801226706,36.0,1
536,43211,5,0.06142413695795316,0.21758569660395757,40.0,1
593,25019,24,0.04627485606681743,0.03193086045161633,44.8,1
616,130410,12,0.10691671568457839,0.08659465812700988,36.8,1
620,1874,2,0.1041275052288793,0.08636679245365546,40.8,1
604,7249,3,0.02464088707193459,0.03870240707628333,47.2,1
528,231705,16,0.0815615680411815,0.34499085311158784,34.4,1
618,3672,26,0.064757572624832,0.11822460518249092,39.2,1
620,375879,5,0.1943485681775081,0.12931789861346443,44.0,1
451,227989,18,0.02525185919966973,0.07628607952610054,52.8,1
556,88404,26,0.04452785123261964,0.06024346934153668,40.8,1
633,65718,28,0.12271827578623268,0.11574187722245545,36.8,1
595,588297,4,0.11502226033876073,0.10667471696841134,35.2,1
611,3569,29,0.08390568049391288,0.10512012189731813,42.400000000000006,1
617,121910,27,0.03328464278094175,0.06349540919758408,43.2,1
622,45156,27,0.13665876533031024,0.28633872080469175,37.6,1
592,1962,17,0.08532976997232032,0.22689896674738103,41.6,1
606,216055,22,0.06108404078967197,0.1551511795903984,39.2,1
605,1673,13,0.05346089653450383,0.05260421208917453,37.6,1
582,15672,2,0.01738533112686171,0.04873513389341085,49.6,1
674,79996,22,0.02614264409158698,0.04136149771700004,33.6,1
591,1009,17,0.024294832200947088,0.044619757555538674,38.400000000000006,1
632,30988,13,0.033704887915349147,0.07779154484594604,36.8,1
579,66165,25,0.09873176053456975,0.12945194852884448,39.2,1
617,25824,11,0.05932336968203247,0.0749991523003297,40.0,1
632,63289,16,0.11648866478739033,0.11550476848290174,36.8,1
542,494431,21,0.031135471734829567,0.07748770263657634,34.4,1
569,366055,4,0.03055717014033048,0.03911044708562356,43.2,1
604,8249,29,0.056405543688838114,0.025419563167785528,43.2,1
556,102133,20,0.03341804691379663,0.06203809065821407,35.2,1
528,59811,29,0.0441954928176403,0.059510540273679406,38.400000000000006,1
556,161424,29,0.043241245495703594,0.2762729118918332,37.6,1
655,130997,24,0.04646123450495523,0.10217475617593248,40.8,1
614,235425,26,0.08441777928004056,0.14612575722125956,36.8,1
591,14309,5,0.04627903805064327,0.11762078589349619,40.0,1
620,3853,6,0.06056651100189653,0.054686460675743336,44.0,1
663,333097,12,0.09635469700055276,0.06375780927373453,33.6,1
531,41463,17,0.030010591973637753,0.04504227588861118,38.400000000000006,1
578,231645,14,0.05292577655133376,0.3938442117569407,40.8,1
556,10814,7,0.022622983764851116,0.07347501446779174,44.0,1
582,44739,18,0.03068094182710011,0.051051920107789715,46.400000000000006,1
601,92972,15,0.041769129334616344,0.10958336213310271,34.4,1
646,16535,6,0.06351721842760019,0.23696916608206017,40.0,1
570,243451,1,0.024309767577272063,0.13121333629513077,51.2,1
527,10236,9,0.1542939800346447,0.0829450061610896,42.400000000000006,1
572,275467,18,0.10778354701380516,0.13869071795921373,37.6,1
529,46013,24,0.023469073751153965,0.012557106268054648,38.400000000000006,1
626,508881,24,0.04959000108369757,0.03228597884035379,32.0,1
515,2992,4,0.07252812314979278,0.06912569178219544,41.6,1
515,118688,16,0.04646894729114667,0.09887453474022323,41.6,1
616,18170,15,0.04180877984376719,0.11501688169359559,43.2,1
517,40804,3,0.04710642294631891,0.0907120935950021,48.0,1
580,8670,28,0.0281266157293043,0.05161409356178658,40.8,1
558,169063,21,0.08173273395995095,0.4294598043683857,38.400000000000006,1
577,77426,28,0.18824599295214278,0.042161174983681354,41.6,1
559,1397840,18,0.07075887752768613,0.11083752266614012,42.400000000000006,1
611,23047,23,0.06551191216907853,0.12553216209944787,40.0,1
576,72622,9,0.03127057051147199,0.05259241566538763,51.2,1
514,5763,15,0.1217064155013878,0.08318509020848995,43.2,1
501,3722,16,0.03731930376634871,0.04521643863342448,43.2,1
587,21158,13,0.05955550725425202,0.08324907640674976,40.8,1
555,162078,26,0.039403055506400046,0.14117898075188826,38.400000000000006,1
609,8572,11,0.03486002696009279,0.04061967806085272,38.400000000000006,1
607,25069,15,0.027658459926663177,0.09941285424325336,36.8,1
610,4990,7,0.03773902221624258,0.077244388894749,37.6,1
526,121396,2,0.06906279122484446,0.08224876310511,39.2,1
602,76235,29,0.027666601159006265,0.06498941537701694,40.0,1
658,362464,19,0.058620936340688205,0.047782556750865755,29.6,1
545,2068,25,0.03902255107571223,0.06274405296795234,41.6,1
660,26464,9,0.04494494808494621,0.09986141067519942,40.8,1
639,8161,1,0.024280372206278808,0.0736896155510461,44.0,1
648,281669,21,0.03554698849825312,0.02377925887032248,32.800000000000004,1
589,12768,4,0.04785024645092211,0.028934635692902177,42.400000000000006,1
602,103217,13,0.020017774151721325,0.07611868699988045,32.800000000000004,1
564,242984,22,0.04334208075848641,0.26022617007589877,36.8,1
588,8863,14,0.06583524221600068,0.06234798509639224,44.0,1
668,5640,8,0.08716325894833495,0.16617569066755603,38.400000000000006,1
647,72166,14,0.09909152318063386,0.09149979026678993,39.2,1
581,115557,16,0.03375315348405618,0.04451608372914707,36.0,1
596,104719,21,0.0669898228767029,0.07545801473786119,39.2,1
513,736970,4,0.15127466816489923,0.21535379825402834,44.0,1
630,7111,19,0.04869019236180011,0.09426949869077707,37.6,1
523,30794,7,0.09743221555874651,0.032626252407527465,44.0,1
538,55271,11,0.06416314349664262,0.05648771189350741,39.2,1
577,117231,8,0.17586104806079148,0.08594675645263002,39.2,1
519,3543,14,0.05412385397258757,0.13143501291782853,41.6,1
595,2958,2,0.08866436619298124,0.06355406871581462,44.8,1
489,5396,2,0.04974647794275522,0.05523561533256772,41.6,1
517,51970,14,0.09937065253395164,0.06499622680895176,41.6,1
505,24706,26,0.014878338585524616,0.13774276586953152,41.6,1
577,1208,20,0.14102449089441108,0.027184280227459272,43.2,1
591,33687,20,0.01380412543137892,0.06742199157567003,40.0,1
477,1405,28,0.07633456546032838,0.12548409381121753,40.0,1
535,370792,25,0.05208933428008736,0.11308862950428128,36.8,1
525,6201,22,0.029024562643576605,0.16615471447085509,38.400000000000006,1
625,345259,12,0.13623655002965346,0.08226907715759825,32.0,1
643,215594,11,0.17870945075535777,0.0669161007279776,35.2,1
643,84606,12,0.0377781731267549,0.02039030397404766,47.2,1
523,2478,22,0.03247727473303327,0.04510215575481083,43.2,1
537,7346,21,0.07302012041372923,0.026073408973483796,46.400000000000006,1
633,7401,12,0.09840590435426125,0.24556921177477997,40.8,1
517,285834,21,0.045168857998214254,0.1920801501807612,36.0,1
558,9094,7,0.04965082953215194,0.05229603828124254,43.2,1
533,81856,1,0.08284523437930338,0.14729873360039838,42.400000000000006,1
584,13800,27,0.02990215837883396,0.07037909222138415,41.6,1
524,14199,27,0.017640546639161286,0.07856527422443785,41.6,1
622,46922,10,0.08633367139959432,0.23353352480217004,41.6,1
621,298219,22,0.2371020856201976,0.07216129059076895,37.6,1
629,2439,27,0.0588338690237043,0.04471677766375348,36.8,1
674,68950,22,0.025976432536239817,0.05702653466562138,42.400000000000006,1
600,8736,9,0.11131593030861628,0.1382460181726809,37.6,1
628,81252,23,0.044899595466307084,0.052019336199201384,36.8,1
607,56851,13,0.08110085350984149,0.11225991991403195,42.400000000000006,1
532,143783,24,0.024744448360944662,0.15379968152265325,40.8,1
606,1403366,18,0.0545096013897366,0.0405290151930068,32.800000000000004,1
548,5574,22,0.11686350101414043,0.056899299974727716,41.6,1
596,7317,5,0.006913953072536906,0.009129258136992963,41.6,1
629,43551,18,0.01987937273823884,0.02533649425374732,36.0,1
529,49146,17,0.03810260965934578,0.058451154595642714,43.2,1
566,577452,4,0.10745644599303136,0.23506010138883673,43.2,1
659,217108,14,0.09599588589060469,0.08913579636990394,32.800000000000004,1
536,170705,27,0.08317516554894766,0.11794671924848645,36.0,1
565,28836,28,0.030428637599914484,0.04442261450709526,53.6,1
610,63600,5,0.015218656282171792,0.17592576875456728,39.2,1
649,46416,3,0.05196642240979501,0.05226114783068252,42.400000000000006,1
546,34396,4,0.02370315109487195,0.0854216305457066,44.8,1
548,120887,2,0.08813672922252011,0.11827560168561022,41.6,1
619,6345,12,0.09078491121151623,0.12368059271074586,40.0,1
569,1035762,12,0.2673618576650183,0.3232178129044508,44.0,1
561,174128,22,0.07991496352128327,0.034188521098675984,38.400000000000006,1
583,354369,29,0.04372298723489798,0.07404598154596664,51.2,1
622,8104,29,0.06281384743687562,0.1272463276981565,36.8,1
593,13225,14,0.07850829085747467,0.0684935696935322,42.400000000000006,1
518,5734,29,0.09011333271906385,0.10519388695154443,40.0,1
608,64639,5,0.04807582938388626,0.05805142752540424,43.2,1
587,18279,15,0.08680863649807749,0.1385790885313487,40.0,1
507,1879,13,0.01623760691034424,0.07534395655304832,40.0,1
565,53238,19,0.04402939865351424,0.048095753031813196,39.2,1
584,127219,23,0.09151744508030275,0.04785535073424252,43.2,1
598,32008,19,0.04501969611705121,0.06800644857311863,44.0,1
568,71913,15,0.051773661627205994,0.07552688536135418,40.0,1
632,44508,14,0.029277393737890785,0.1512999504397022,44.0,1
591,45030,6,0.037155580295018094,0.0678579767663851,43.2,1
682,10793,25,0.05980133114819894,0.18016462636002087,36.8,1
498,197469,28,0.02593762806869109,0.08833011036456744,42.400000000000006,1
583,35121,24,0.041743759862467415,0.03640918718541477,38.400000000000006,1
536,379263,8,0.020401719573506907,0.048897045791793575,37.6,1
630,73590,3,0.02044308773877249,0.14020019380060927,37.6,1
627,94222,24,0.03770529724728198,0.12816757402752854,35.2,1
503,7240,11,0.01622615059413099,0.24454204482730219,40.0,1
612,792824,18,0.026673172318451656,0.16017319337320837,31.200000000000003,1
598,10695,24,0.03834791500965799,0.07478618877633235,44.0,1
550,86320,27,0.04734799482535576,0.09034714744803087,42.400000000000006,1
567,49529,11,0.05833039181080127,0.03591395611915385,40.0,1
618,448039,20,0.13082741586909538,0.14309235347863786,33.6,1
635,2482,2,0.05999159487287245,0.027367819421274135,46.400000000000006,1
508,42515,4,0.1022446821013045,0.09446242690766839,40.0,1
545,117616,9,0.04210198035240917,0.039891360397035044,43.2,1
468,35874,8,0.04962624414339753,0.09008449674971325,48.8,1
525,21493,28,0.10500802669268784,0.08734394388227966,48.8,1
571,4025,17,0.08569133267874676,0.14598886029137623,45.6,1
620,183291,1,0.032325996557879995,0.03404593858918688,39.2,1
548,44648,4,0.112655209275553,0.12413649080069582,48.0,1
687,3611,25,0.0701502398667088,0.10607604322387174,40.0,1
452,57323,3,0.027974125297361405,0.15737847939197847,39.2,1
631,35500,12,0.05245801058363372,0.04941413628426406,44.8,1
636,131199,12,0.07846486900431499,0.159109154330825,35.2,1
655,6392,18,0.03567565415320092,0.08034349953174985,39.2,1
587,3954,28,0.0451243109050418,0.12196818646873077,43.2,1
583,1280,27,0.1524715805409497,0.16055832414668209,45.6,1
539,226360,9,0.09828485077446165,0.07567356349846908,36.8,1
478,1435,11,0.02175471907729288,0.06692198353448614,37.6,1
620,321504,15,0.05970495319247602,0.12239544860761585,36.8,1
634,22144,13,0.0683311432325887,0.1219464913071861,37.6,1
589,102289,17,0.03737380969427937,0.05971401407161315,44.8,1
574,213747,15,0.17823539854429257,0.09744419116923407,39.2,1
631,10479,24,0.06895217832793385,0.17554540184589063,39.2,1
631,6950,1,0.0924046832782948,0.0472463515174404,41.6,1
605,307126,15,0.03284696098301561,0.010634121117429134,36.0,1
649,171686,24,0.029198701046379307,0.1105532977821434,36.0,1
588,560000,9,0.04099770997091044,0.10756297700041707,33.6,1
586,37334,1,0.07101945690172676,0.051512932286350205,48.0,1
581,115716,28,0.04429439567859554,0.1323738927797512,40.0,1
659,7105,26,0.10729921934721676,0.30346550866532523,39.2,1
546,75242,24,0.016799520013713893,0.062410634629708035,39.2,1
538,161238,23,0.040493225757345104,0.1447988220089035,43.2,1
615,2830,14,0.12013597479734525,0.06653089662324645,38.400000000000006,1
608,436570,15,0.08784162240463544,0.08833085988637421,40.0,1
546,6048,19,0.02768826455589275,0.08562484094789471,41.6,1
597,1916,10,0.06557847791168261,0.053045872880863675,44.8,1
561,36874,19,0.055130713142450646,0.0935051418542934,40.8,1
649,102769,25,0.07037346711259755,0.1253244958514397,36.0,1
631,48804,3,0.04071909929352363,0.030170339004322817,40.8,1
609,28829,11,0.062176165803108814,0.023725594919873055,41.6,1
548,175122,19,0.07354254920607475,0.07352040109414916,35.2,1
577,22232,29,0.05655503693297684,0.11460338615883565,46.400000000000006,1
531,179640,28,0.019386106623586433,0.053487996701989844,35.2,1
597,16736,7,0.04051842809277681,0.07463410975637588,42.400000000000006,1
666,47659,1,0.08883983255037622,0.12433977609377524,37.6,1
642,27001,14,0.03495474050176966,0.05458624139064422,42.400000000000006,1
594,6366,9,0.10373162127221333,0.06278659099655146,40.8,1
610,32393,15,0.025951345307947803,0.0414682663143957,40.0,1
656,8030,28,0.02662616915281661,0.0455248968374501,34.4,1
619,29243,20,0.11002813504823152,0.135293653918198,39.2,1
545,31503,5,0.02709394655206762,0.03839867474039267,45.6,1
546,244669,15,0.030933750218282513,0.06252950549105436,35.2,1
461,5137,18,0.06664282083623563,0.09362513841192414,41.6,1
547,19026,26,0.02466011891267305,0.04070495599446904,42.400000000000006,1
570,415294,13,0.06372726589251662,0.1347817677758914,32.800000000000004,1
611,145880,12,0.07065240919520326,0.09318163484764946,38.400000000000006,1
552,314827,6,0.19482049804917648,0.1116573889718834,37.6,1
557,96577,25,0.023016437833052714,0.0961648175875564,37.6,1
520,174303,10,0.04822673170302023,0.08011544522119869,40.0,1
543,109331,11,0.017601936533636852,0.02245183898202748,40.0,1
523,3830,26,0.05980672217832614,0.0829075055218308,43.2,1
644,82935,2,0.05583204382919995,0.08179577576673813,40.8,1
586,9411,29,0.09001172027607761,0.041268464356461455,42.400000000000006,1
609,18375,29,0.0457272784690204,0.06967303859811146,39.2,1
632,139702,29,0.13849349849965376,0.23652620050618603,40.8,1
584,135564,21,0.13012004031888574,0.1676183178810945,40.8,1
535,73344,12,0.05153382777951879,0.09147111064712854,40.8,1
575,10751,15,0.13602759980285856,0.03603584912752613,40.0,1
618,202664,28,0.10819690492635667,0.06768177563021056,39.2,1
654,40659,29,0.049420194421812745,0.08466655175282933,43.2,1
508,34015,13,0.08598351001177856,0.0506049897208012,40.0,1
615,108800,18,0.0802817923151947,0.04499934003410921,46.400000000000006,1
548,590053,26,0.0925801890302895,0.2568182315961961,40.0,1
618,9522,11,0.06395822593251627,0.01419193694365312,53.6,1
596,199781,13,0.03011566917920039,0.03480115413891756,41.6,1
607,39924,27,0.013336049936098094,0.04301042397028615,40.0,1
619,83459,29,0.12172786431494949,0.08074803584731048,35.2,1
547,18645,24,0.025288673510017384,0.11608749572067462,43.2,1
612,171422,9,0.05160329963406314,0.12856520149937764,46.400000000000006,1
571,165385,11,0.08245388639074974,0.16192592899684444,37.6,1
615,12254,27,0.016568328843061107,0.01962430833173285,36.0,1
569,1681779,14,0.2856035866496928,0.1115947247860236,40.8,1
601,14735,20,0.09399538554006631,0.07270700992627004,44.0,1
623,108644,4,0.05157521385353641,0.09199319098504383,41.6,1
576,39511,25,0.05882143998863354,0.11255535623073563,39.2,1
586,45805,29,0.09533829131144567,0.19048037126874234,45.6,1
604,6840,12,0.026090769568077175,0.05088686324838005,45.6,1
550,10384,21,0.015380836889448317,0.15291023785221125,37.6,1
631,28846,21,0.016686889067633708,0.06414793973940477,39.2,1
545,7778,13,0.050073562985135205,0.047898403932708056,44.8,1
578,7657,14,0.026470996570288518,0.06236083383187861,40.0,1
565,2450,27,0.018007008715967294,0.16054504755047033,39.2,1
605,83866,8,0.02120302374946533,0.053203407981506835,36.8,1
611,45075,12,0.03140180030849276,0.043478626341848146,43.2,1
564,35484,29,0.032524573033340956,0.04135669854704982,39.2,1
512,617633,24,0.11962087373352218,0.32256075948394575,36.0,1
541,357376,29,0.12877325716050336,0.18250229003297858,39.2,1
597,101649,19,0.02422300144630464,0.05756757456656479,39.2,1
567,347242,5,0.015251006142766362,0.06238258347076576,38.400000000000006,1
643,274990,16,0.07039588221936265,0.10068605496295305,35.2,1
626,4274,22,0.10005630177752754,0.0925728665451682,38.400000000000006,1
620,87804,7,0.07138634348211646,0.16519917768686143,36.8,1
617,63468,14,0.06293634143825017,0.11161812986626989,37.6,1
499,48225,21,0.0810469971695205,0.06547698648126189,40.0,1
540,51447,29,0.05351140286344858,0.06027324780625177,36.8,1
590,76586,21,0.03613440235020503,0.06206062509320371,38.400000000000006,1
581,6602,15,0.04805524914872188,0.05788500364578968,47.2,1
599,70143,5,0.040730683781782274,0.050300072671130555,48.0,1
599,3918,10,0.05715503581456119,0.1205077103000395,38.400000000000006,1
621,10373,11,0.04361790713351045,0.12568942629095364,40.0,1
570,19628,10,0.03967954047313128,0.07179896189399271,41.6,1
638,10327,3,0.02594157392033405,0.07153355533325514,39.2,1
571,6754,8,0.06211026515218428,0.08494188327276274,48.0,1
569,26960,1,0.10199787208889939,0.055909350103558984,48.8,1
642,70145,28,0.06667752177806724,0.07864549981038318,36.8,1
604,43990,11,0.058235341172706186,0.05620580811649749,48.0,1
697,10264,24,0.06810181424316274,0.08633572727018046,40.0,1
601,28529,24,0.038908064010040794,0.1422038343325675,38.400000000000006,1
602,627231,19,0.09344202457719918,0.11730332438280336,32.0,1
565,255047,9,0.04623575117108187,0.12150462452037625,40.0,1
564,104071,12,0.039090875051484626,0.10491639832268829,36.8,1
624,67942,9,0.05321809037639532,0.10823465271850982,37.6,1
549,10137,23,0.09888086131180054,0.09589814496362103,41.6,1
565,111257,29,0.05330398207476709,0.13240679916810374,42.400000000000006,1
594,21642,3,0.028055219797697054,0.09850314809479559,42.400000000000006,1
477,12188,27,0.06985288558944043,0.04971798912837597,40.0,1
599,49356,3,0.058358421278988985,0.0675330495355418,45.6,1
625,426292,22,0.08847628657921291,0.09261611960220778,33.6,1
591,30966,25,0.01661213189025925,0.059358429626770945,40.8,1
546,76411,20,0.008157487157564248,0.027754448860192432,42.400000000000006,1
619,3465,18,0.02766750286173555,0.06583805005209047,36.8,1
520,55480,4,0.013081761006289308,0.06315592210466597,39.2,1
526,90285,16,0.08435102822560742,0.07393543865527918,38.400000000000006,1
657,28010,25,0.06266388758152357,0.09538009522877525,39.2,1
567,121540,18,0.09123152374972424,0.0664379389546737,37.6,1
628,7351,17,0.08896180276109701,0.1590268265547403,42.400000000000006,1
481,127905,10,0.052789039563819376,0.0484912632817553,36.8,1
547,9236,21,0.07916772392793707,0.17678718347118186,40.8,1
634,109215,14,0.13378140502480396,0.05525554988340321,38.400000000000006,1
569,81573,16,0.06355506671130028,0.12122455918318087,41.6,1
628,96055,19,0.018533178114086148,0.1434294352016522,40.8,1
618,136221,29,0.04464955845483144,0.1327056636283991,33.6,1
631,7603,1,0.04834428123796338,0.0767462447010522,45.6,1
605,90520,7,0.08281628749972202,0.075991833956274,36.0,1
616,27900,21,0.05178634594977007,0.07593904825135213,40.8,1
606,167180,19,0.1618777405210214,0.1968109593531387,39.2,1
461,308431,13,0.07587784205569756,0.45055122745627246,38.400000000000006,1
559,19357,16,0.10727001263351327,0.061798421295562324,39.2,1
578,20790,14,0.009376385867843642,0.017342519175372974,44.0,1
632,14084,6,0.075385624269381,0.04203275994827754,40.0,1
626,2334,9,0.06419911028406942,0.06876936103374058,37.6,1
554,78606,12,0.008106414095689114,0.10434850815791602,45.6,1
616,9141,25,0.054158021475412314,0.11990590475621363,37.6,1
634,40927,27,0.04827020216614844,0.1138501926206898,37.6,1
536,26209,22,0.021839285259755137,0.06536908416309381,43.2,1
587,82210,21,0.03321496275331749,0.056986154996467475,50.400000000000006,1
574,209160,20,0.031083802870764603,0.021034471465036758,40.8,1
521,152541,8,0.024075396258746252,0.03717730987153785,38.400000000000006,1
591,184691,2,0.11825235884630209,0.2212696377452686,39.2,1
475,214754,15,0.022636459229519165,0.09828624019161784,37.6,1
542,18344,11,0.04977892592776591,0.051790755612880546,40.8,1
623,8867,3,0.014539310605471138,0.04134254344740368,45.6,1
558,10259,28,0.04336149748842355,0.04137368235040982,44.8,1
609,613986,24,0.12030254658292432,0.060780052208156715,34.4,1
691,126594,20,0.06520341235478201,0.11941873316851341,38.400000000000006,1
625,67035,13,0.04199230141140791,0.06505526724036287,51.2,1
641,93405,20,0.11845708715631817,0.05377103951078814,40.0,1
642,192713,6,0.03924939120469847,0.06054110820319476,33.6,1
632,55133,24,0.03807640004944987,0.09861245305816294,42.400000000000006,1
518,11885,28,0.024456650036983996,0.11095694256201552,40.8,1
564,474773,24,0.10399524450145482,0.20839157494829125,35.2,1
513,22514,2,0.013448674394984764,0.13999222575144948,43.2,1
604,5439,17,0.02192427500666693,0.019731996755347807,40.0,1
562,382048,26,0.0505258512907259,0.12891712708370226,36.8,1
630,176920,29,0.09192915366810908,0.12235578777365191,37.6,1
613,1171,18,0.07047554885103766,0.18181031048020166,38.400000000000006,1
604,10320,27,0.06278055869530115,0.06895919825290729,38.400000000000006,1
593,10552,12,0.12181579281990422,0.06026128793003887,40.8,1
578,15977,25,0.07751341874163731,0.10549350816644686,45.6,1
533,78880,14,0.050524687711459355,0.060275288058550966,43.2,1
584,4419,4,0.040114888425663534,0.04884004894239048,45.6,1
554,10372,10,0.07513583441138422,0.1234935550198436,48.8,1
610,103283,17,0.040974194718075785,0.09119898349997753,36.0,1
510,580884,11,0.0349578931507308,0.13928277027862068,40.0,1
567,89421,2,0.04066317162093834,0.11879130582344541,43.2,1
523,115855,9,0.016459232918465835,0.11721572187823665,41.6,1
684,1018,12,0.0348555752783605,0.061479101688071046,33.6,1
633,207058,9,0.0449181425954018,0.06149794255650671,35.2,1
441,96556,14,0.041296006332054304,0.10081087640037248,43.2,1
623,243413,23,0.05175892622159839,0.05418516098446624,34.4,1
674,90376,23,0.05741810251863213,0.030584859502114148,32.800000000000004,1
568,259770,16,0.09763563861924518,0.12246061136890211,38.400000000000006,1
608,174509,25,0.05251841968845869,0.03298400369639152,38.400000000000006,1
600,6322,25,0.03421396808788909,0.08722222042250913,39.2,1
660,167630,28,0.16490517952177497,0.1026629125122542,31.200000000000003,1
671,50326,6,0.05922701746886113,0.10335909871473384,40.0,1
536,153253,20,0.023312287518212724,0.14256134432014342,34.4,1
581,9649,9,0.044930288572884336,0.0703882232621772,40.0,1
649,4061,8,0.029971277525704533,0.03592033651492698,38.400000000000006,1
616,12089,8,0.053832631264718565,0.09251883891784417,40.0,1
636,17515,19,0.035306382485810264,0.04470144976083834,37.6,1
639,113207,3,0.05647898139661622,0.053367787169522854,39.2,1
501,123109,29,0.056534480839856065,0.03157788247897504,44.0,1
549,145168,1,0.0948306706283154,0.09156873190891172,43.2,1
590,387739,24,0.09951731510576955,0.11984423892854618,42.400000000000006,1
661,5552,17,0.13757779696852387,0.11417757368540207,42.400000000000006,1
571,78376,13,0.05719622928562488,0.15866376986975755,44.0,1
652,279360,6,0.07121025073432379,0.058740924836922496,44.8,1
626,9219,8,0.02660368596865279,0.0711997623866854,36.8,1
579,32128,8,0.09235807860262009,0.0472486685931419,40.8,1
666,5599,13,0.06596908237523146,0.15666824312336453,38.400000000000006,1
641,45196,15,0.01805869074492099,0.00988797084632639,41.6,1
562,3994,5,0.040823900538133236,0.06071795942403429,41.6,1
524,1156,24,0.057132481994795134,0.0914609180354103,40.8,1
578,184973,28,0.10173258158771965,0.0658436890556777,44.0,1
502,34703,20,0.03680878007598143,0.10393473825121458,43.2,1
619,57257,25,0.06654886140099356,0.04291165756532397,34.4,1
622,46103,29,0.03500377275153211,0.062040508572681084,41.6,1
677,21087,10,0.04521607442262967,0.11958912153646983,36.0,1
474,91364,18,0.027234664197112186,0.11527672378303727,40.8,1
601,8026,9,0.04890374113619692,0.0652916811461104,37.6,1
430,322412,14,0.05293860288756016,0.3740411146080518,42.400000000000006,1
613,80820,7,0.021748864581334355,0.059016934564708794,43.2,1
478,384065,8,0.05282313594334055,0.15493644956446972,41.6,1
566,116885,4,0.04211023351648352,0.05313172162822637,42.400000000000006,1
521,113390,5,0.09366382299343644,0.07403099993294958,41.6,1
549,23279,7,0.032157908007059754,0.05491655953076938,46.400000000000006,1
519,2773,27,0.05909754954656964,0.12977591342264938,39.2,1
665,76975,12,0.04340736575766095,0.08427441608357852,33.6,1
597,37969,15,0.06008435168162648,0.16400821929120163,48.0,1
569,5504,2,0.04017760363557533,0.020483012197277366,42.400000000000006,1
657,3323,27,0.0786836262527753,0.18265970053922875,36.8,1
625,142849,9,0.05419590077896248,0.1065061790537946,38.400000000000006,1
550,74378,18,0.05724014171996503,0.17074347060100573,41.6,1
530,282865,9,0.08451569943143984,0.10755135971927288,36.0,1
588,7381,18,0.08107894111747473,0.1104873227662626,44.8,1
566,2453,15,0.008251128845383374,0.026367945185273647,37.6,1
578,414428,8,0.029127273294282136,0.05069194086790822,49.6,1
585,29992,25,0.039959844274136284,0.24237986076535684,45.6,1
589,189395,8,0.03552095371327778,0.06659275546414008,41.6,1
635,213107,15,0.05846180495409666,0.2035359930590663,36.8,1
609,7740,2,0.01072427929979827,0.03356356491409638,44.0,1
584,1443,24,0.04264867255187776,0.10655259516673679,44.0,1
621,3386,2,0.08298080052066384,0.07613768583635296,44.0,1
557,96183,7,0.007907342169957168,0.02154729288095495,37.6,1
609,8792,6,0.0338564627049903,0.08567221986181052,40.8,1
595,5486,22,0.026816521360849072,0.03997368762652086,41.6,1
578,75942,9,0.08416100365917407,0.051273817788884214,44.8,1
540,57642,27,0.07812705510982507,0.11282699990697703,38.400000000000006,1
536,1185153,27,0.11226217464918072,0.9170123376904207,36.8,1
479,26817,29,0.018807568036779247,0.03434207178094852,38.400000000000006,1
619,10436,25,0.1313515983722499,0.11399516752595432,44.0,1
564,33737,2,0.04371023291109684,0.05777586821353205,52.8,1
641,270893,8,0.10280665744500468,0.06404870196577156,36.0,1
659,4699,9,0.07095534200113059,0.043236320939844426,38.400000000000006,1
541,11174,16,0.026122348297977306,0.06839353178731805,45.6,1
527,20571,9,0.044191119555274085,0.05990687459938956,41.6,1
575,115854,15,0.07929444129783964,0.0644569349936382,40.8,1
579,63820,12,0.03676154583622599,0.05430292565097528,40.8,1
505,4478,17,0.02516765880491297,0.049286937977904566,43.2,1
627,29542,19,0.04459819189568036,0.28797362278991234,37.6,1
590,139537,4,0.12440701916283362,0.1491986498872323,42.400000000000006,1
626,95537,18,0.041646649548579474,0.08995567575003016,34.4,1
653,34066,26,0.035439935906498896,0.035445204633792485,44.8,1
650,9467,18,0.07984588656589413,0.18612500439801236,35.2,1
579,500784,14,0.022755145156802326,0.1705636105580107,39.2,1
560,155121,12,0.038037128391535766,0.054579450323118894,36.8,1
508,1033,24,0.04759993388898071,0.1635713226785334,39.2,1
587,96702,22,0.13657721624725908,0.11560935647380889,41.6,1
609,3674,10,0.08910048065918974,0.033514059730732196,41.6,1
578,89025,20,0.08973119319280604,0.21957626609484998,38.400000000000006,1
613,160280,10,0.06770745523822369,0.05628583930512141,36.0,1
554,31880,28,0.055845339434953754,0.15175467330710476,44.0,1
566,154698,3,0.0626480281392044,0.07268885161143315,41.6,1
647,556881,28,0.09741566701553821,0.08622613244430509,36.8,1
634,10490,8,0.07500667794497373,0.050073285801682445,38.400000000000006,1
680,143281,21,0.051234723270967925,0.06622145776433129,35.2,1
646,106728,25,0.06664599706132132,0.07390577232677589,44.0,1
574,175062,6,0.036626230615372624,0.1569506892319582,44.0,1
634,30788,18,0.04033501580786511,0.06338945236344921,44.0,1
645,2312,25,0.022802937018287957,0.1099570124688605,37.6,1
536,72829,15,0.0755875970132784,0.10802522404887999,41.6,1
546,5461,8,0.03972667295004713,0.10178546600208342,39.2,1
577,204282,14,0.03626109138775059,0.0300319388783929,36.8,1
623,1151602,10,0.07776687093177291,0.07186927103130297,35.2,1
595,9736,19,0.056864274570982844,0.06580492448262772,41.6,1
624,2967,1,0.07364301011742116,0.08302773666539834,39.2,1
599,10861,26,0.09756573967819908,0.07995476583974584,45.6,1
558,69627,27,0.05796885200037303,0.03624241867314829,37.6,1
564,23562,2,0.07715082452576857,0.23847230836604066,44.0,1
544,219556,29,0.052350803854613506,0.11297952815043873,38.400000000000006,1
588,122581,6,0.019449839525049244,0.013345163517793506,41.6,1
627,365760,16,0.08792176900713594,0.020859942303333812,36.0,1
574,17486,19,0.028365641116841544,0.03374086810596929,40.0,1
614,10720,19,0.043446936188452454,0.039168134469751016,39.2,1
576,636515,19,0.1148313230106255,0.0779946224700384,46.400000000000006,1
607,100162,5,0.062232515986103416,0.06681530162861257,40.8,1
620,270674,6,0.14300243201414992,0.3268781268045503,36.0,1
540,9864,12,0.047511816089678555,0.05475684238540634,37.6,1
608,5312,3,0.0893067582107906,0.059802079472814844,39.2,1
567,3719,13,0.08406660349262217,0.04057735792661419,44.0,1
534,33494,5,0.017551284604660426,0.05849720582161917,43.2,1
637,9094,25,0.01872669224371529,0.023078573636437588,36.8,1
602,29149,21,0.056605621388698464,0.1259136777306198,40.0,1
600,4670,12,0.09676369553426145,0.0930155121684477,41.6,1
571,45393,26,0.05481093223511794,0.07304284584863406,43.2,1
615,8237,3,0.032979347884092,0.08970860204224657,41.6,1
492,14796,12,0.02703040921036166,0.03610397602662381,46.400000000000006,1
559,1599,3,0.03578028334984868,0.216233281123737,44.8,1
609,28961,2,0.03015745672114985,0.06496428755474808,47.2,1
616,382774,12,0.11599904053729912,0.1207230791800047,36.8,1
564,10754,22,0.05260942149960078,0.1352935018538881,43.2,1
506,72152,5,0.023480892673030232,0.02004826094201478,50.400000000000006,1
588,36801,25,0.08430635266178509,0.13385027317519255,39.2,1
657,50236,10,0.015567445907293464,0.03549982285398372,36.8,1
548,6463,13,0.03461445686258744,0.033811454367321137,40.8,1
610,21113,9,0.02347456336609308,0.049397983880820735,37.6,1
596,3076,14,0.015396861226283962,0.06878442723478473,45.6,1
495,98418,9,0.08095637138947526,0.2715491445208163,43.2,1
523,140195,21,0.07683823170553154,0.13810887283458034,36.0,1
593,184930,22,0.09940891993551854,0.09760386275114856,39.2,1
499,121442,4,0.0437945892491347,0.04415109820226362,37.6,1
609,8516,28,0.107920059215396,0.06408067801437835,46.400000000000006,1
622,7187,10,0.014425081979278255,0.0967502047343169,40.0,1
556,3511,22,0.031032699270156887,0.14933111341408845,39.2,1
454,64890,11,0.09509770775576443,0.0734892443563542,43.2,1
561,8538,19,0.07981883474355451,0.062348369956066345,38.400000000000006,1
572,43179,26,0.010382369198971377,0.06283765426132405,55.2,1
587,106195,16,0.05547280291745853,0.10791249510890756,37.6,1
622,1371,11,0.05900511554065973,0.09676667448482176,39.2,1
607,59664,11,0.04927913592747963,0.02509481308018415,43.2,1
543,6256,23,0.04605008806220198,0.0997203326640729,46.400000000000006,1
584,122666,1,0.03846702526706219,0.08515317021982126,43.2,1
524,85086,23,0.1318972097362395,0.09277752226929255,40.8,1
626,173713,5,0.04863925883034163,0.0401825293040283,36.8,1
528,131794,26,0.016282063979399825,0.13030531706960502,36.8,1
637,5584,10,0.04268685407397865,0.07202594887396428,36.8,1
604,16514,17,0.05069773396492127,0.051783112345755694,40.8,1
612,201907,23,0.06842711689044607,0.1498119694294683,37.6,1
551,153896,13,0.05758069675689674,0.08676475861689568,36.8,1
604,2855,19,0.09142362738382782,0.09818930830065259,39.2,1
591,3291,3,0.02868478769807043,0.15942911897975365,41.6,1
607,404690,8,0.09927611168562564,0.22367350233557393,34.4,1
582,56426,6,0.03626027926486009,0.07576977722088073,48.0,1
620,140912,28,0.025329280648429583,0.10324029184921488,40.8,1
622,813886,17,0.2619273301737757,0.09115196747890646,35.2,1
606,274802,14,0.10074876817958528,0.0793405605996004,36.0,1
568,33927,11,0.0804574312225297,0.0793864458606263,44.0,1
528,64274,8,0.09814313194362659,0.04968462172800454,40.0,1
566,844909,29,0.3493028950590466,0.2775487147912313,38.400000000000006,1
653,130378,18,0.035198026503813123,0.07241416161820763,31.200000000000003,1
570,15178,14,0.02689901753129265,0.036766158103194474,40.0,1
592,32628,24,0.07699215426788922,0.05587598683335204,42.400000000000006,1
534,6469,12,0.014442341547218433,0.029295850002713543,40.0,1
623,64224,20,0.05513812067758204,0.08525156671471555,40.0,1
551,24222,2,0.03530375746224979,0.14814635300526616,45.6,1
669,56624,5,0.07812288078122881,0.06426310128299881,35.2,1
565,63078,26,0.06177812693265583,0.11811586264376406,41.6,1
588,314456,22,0.048147223510110915,0.24261290183774006,36.8,1
546,205211,28,0.06535465051877562,0.17713266180313447,51.2,1
605,10524,25,0.031567489114658925,0.07253468132766393,40.8,1
605,256801,25,0.04441724026423985,0.0236643178444168,34.4,1
494,35071,4,0.02104089596108042,0.06691271596110059,46.400000000000006,1
554,8483,1,0.023612906412863597,0.02093088753236051,44.8,1
592,10564,19,0.10789602746444335,0.09272389250616048,41.6,1
469,53189,11,0.05185731161842066,0.06306090954012143,39.2,1
517,57405,4,0.06239168110918544,0.05400837824184804,39.2,1
444,58331,21,0.046668852384882366,0.10023951478836157,36.8,1
650,6525,20,0.023412146499768197,0.09048041768805215,34.4,1
569,186110,20,0.04154026812799687,0.10969247131667227,35.2,1
529,50810,19,0.024681568122119243,0.09081682171496266,42.400000000000006,1
589,9102,28,0.05044263775971093,0.07488558150046962,47.2,1
497,10879,26,0.1796962879640045,0.08725133607994304,40.0,1
557,16736,23,0.0887695179132335,0.22221056377731374,47.2,1
640,52519,12,0.014359559980319384,0.040437053323403395,36.8,1
522,2006,20,0.06802746970532844,0.07428009171188721,40.8,1
544,88663,23,0.05869969944391039,0.04247894767441866,38.400000000000006,1
606,141217,26,0.09269653842424504,0.12951791399529164,33.6,1
600,24263,24,0.06121234448947204,0.05284064559557286,52.0,1
647,14405,29,0.047499825162598784,0.07053996208939911,35.2,1
666,72339,14,0.023280891952783503,0.02931528396538693,33.6,1
571,199392,7,0.06168463154550902,0.05125374134344929,36.8,1
612,11531,7,0.04938271604938271,0.11175756947756989,42.400000000000006,1
593,433159,11,0.0894136717814578,0.06486814659437554,34.4,1
535,55534,1,0.038747042292020806,0.06839942201452522,44.0,1
611,1595777,20,0.12436895300177875,0.09304485776623464,34.4,1
599,181748,18,0.04080705032701194,0.0637233455934453,42.400000000000006,1
595,88161,25,0.07463279078999603,0.12504784875457914,43.2,1
573,115328,26,0.04249869563155149,0.0973763195266671,36.0,1
659,53628,20,0.06643061508610766,0.058805993275687564,40.8,1
647,8078,16,0.07938295237022858,0.041996333693319544,41.6,1
583,106364,9,0.1281361869497749,0.0804355787828636,44.0,1
621,3345,25,0.03775359398092167,0.09029326335808735,43.2,1
623,70678,3,0.029671897289586305,0.15938326244252654,39.2,1
597,128388,20,0.03550254010537606,0.09518830188373287,36.8,1
523,10418,6,0.07090344714915864,0.08735692824786097,43.2,1
590,104814,12,0.04386364432610448,0.0613034485330282,41.6,1
419,40016,22,0.05716013911991531,0.035880806931241106,40.8,1
636,202561,11,0.05504420491704008,0.13771400776076242,38.400000000000006,1
578,70748,17,0.0742046456088477,0.08038768680866033,40.8,1
517,23854,25,0.012210137492304535,0.03926505781143992,40.0,1
591,20885,12,0.03662056337736767,0.03556179917704602,44.0,1
589,23755,22,0.06518632516214136,0.05547975696947251,41.6,1
658,6557,25,0.05812619502868069,0.052105272324064006,37.6,1
569,56104,10,0.01295532729889965,0.048829127230085506,36.0,1
527,26054,18,0.0400484177762407,0.05886264876305803,39.2,1
540,177347,24,0.0905804968388786,0.07081043805249378,36.8,1
584,13745,13,0.12347487450651136,0.09774654959547492,39.2,1
621,4698,14,0.02835490024230551,0.02116583185110614,41.6,1
575,6894,21,0.02179115403023734,0.06713130892519344,51.2,1
601,37857,5,0.02500595379852346,0.052565245352939806,40.0,1
644,14021,11,0.08972989470471539,0.09977187591801064,42.400000000000006,1
631,148113,10,0.05505017245035773,0.10940168379511694,39.2,1
601,136598,20,0.05548947544269963,0.09903388183440451,40.8,1
536,55053,23,0.025528988725412947,0.1039406580687256,42.400000000000006,1
636,11366,6,0.013372930485657887,0.039496418301059114,44.8,1
569,43525,20,0.07526505141838327,0.1974762982439958,41.6,1
567,9982,28,0.023359008707300736,0.04376812214255604,38.400000000000006,1
578,168864,11,0.04339444074450559,0.03747239104636348,35.2,1
625,9130,8,0.04161892670238132,0.08393147483672032,38.400000000000006,1
605,54723,4,0.09947157834315332,0.08973419669274227,37.6,1
608,48626,19,0.03804585229754674,0.040871142387250606,38.400000000000006,1
622,5841,1,0.011789762968052217,0.01910764056064567,43.2,1
581,25454,27,0.09807920879249879,0.08430152150098043,48.0,1
451,68906,3,0.037034406616607375,0.07393159290397917,44.0,1
591,63358,25,0.16160055411993499,0.05622799873044921,44.0,1
589,2656,27,0.028280810576392357,0.11417073313381039,44.0,1
587,8894,15,0.04005747529263335,0.06267563844760976,41.6,1
540,1590,20,0.05470136903866406,0.0337206076338874,40.8,1
509,212190,5,0.04396,0.02804180407833039,42.400000000000006,1
496,207272,20,0.06401255832206863,0.03812266393592411,40.8,1
544,469604,26,0.042138637222462874,0.0799496353051257,41.6,1
639,169034,1,0.07015271338969185,0.09290512247199581,38.400000000000006,1
561,8217,19,0.07116436890532815,0.07368670103884632,40.0,1
567,185180,29,0.0416036308623298,0.31068722739137355,46.400000000000006,1
604,67907,3,0.05808856418667064,0.04643083165134791,41.6,1
574,42257,19,0.04017108226155032,0.040308913215221454,40.8,1
663,45820,22,0.15919256795504072,0.19762030960125462,35.2,1
654,358063,28,0.08554519368723099,0.09198792453366739,42.400000000000006,1
572,25546,29,0.09216911636350941,0.0822831335124239,50.400000000000006,1
645,68994,16,0.1203352853370077,0.07002229939410715,40.0,1
550,24488,5,0.11101126480310664,0.032601873032493775,41.6,1
477,27864,26,0.04102094015869833,0.18855350362544368,40.0,1
622,8385,8,0.024848330729828894,0.0305150558267122,40.8,1
658,23174,7,0.03136500300661455,0.06856196223995582,40.0,1
584,62841,19,0.044657394054984416,0.12885249212700978,42.400000000000006,1
633,52147,8,0.029964114832535887,0.10767199033298927,41.6,1
478,265563,8,0.127929091131157,0.08018691548453806,41.6,1
557,1908,25,0.01543100003632533,0.033183394578685535,42.400000000000006,1
531,398717,8,0.05570310480174865,0.14218838555233448,34.4,1
642,25538,19,0.06283632751055551,0.0739161187405097,46.400000000000006,1
533,559136,24,0.022697420270057268,0.23727771887871174,47.2,1
571,40833,15,0.04853471004789973,0.06923334475573262,44.0,1
607,48035,22,0.10920789166516413,0.04574670810552104,39.2,1
602,1451,5,0.01991012789491877,0.04754297734301971,38.400000000000006,1
594,121888,21,0.11240444399143819,0.047920372017179205,39.2,1
541,5973,20,0.033617300131061595,0.03547805631419368,40.8,1
592,3799,5,0.11193429225911633,0.08432001014914664,49.6,1
492,3759,26,0.08568476638732636,0.1431377322329197,40.0,1
564,32444,18,0.02334855227417211,0.25363076790375894,42.400000000000006,1
645,5231,5,0.020500110643947776,0.08925083258595137,43.2,1
563,4068,5,0.0542453079287291,0.04516219577981979,46.400000000000006,1
568,66058,17,0.07962632560190847,0.14379518419938034,42.400000000000006,1
641,100037,9,0.06218099852320129,0.08366984451439086,38.400000000000006,1
570,223983,24,0.035666792054973064,0.030916774877149843,34.4,1
606,96698,8,0.02754263431970187,0.027051229368795324,41.6,1
479,7675,9,0.039102932719954,0.07478076268811859,45.6,1
633,194152,26,0.05524657881983707,0.04388502121802428,40.0,1
577,153844,6,0.027483476551581114,0.11427064396329162,40.8,1
545,70586,23,0.027116829828512812,0.057127185574013625,36.8,1
630,12292,14,0.025089686604544123,0.016168500255051618,35.2,1
583,24065,8,0.038086313864476196,0.12206482129878546,40.0,1
594,22876,26,0.05165450959521648,0.07924809849756857,41.6,1
555,67570,11,0.05390454893191314,0.1139629629520096,40.0,1
598,8293,3,0.05401876224184735,0.07154488663695671,45.6,1
559,10533,17,0.04925282098200671,0.09755113289227052,42.400000000000006,1
617,247930,11,0.051966180739518725,0.10030464916602844,39.2,1
623,105547,2,0.03496613129057893,0.0909707705807178,42.400000000000006,1
616,362669,3,0.029447852760736196,0.05584073182093714,34.4,1
590,124257,6,0.016892109806302288,0.06345853837045132,43.2,1
491,16358,28,0.11131325382386631,0.06010433221978388,42.400000000000006,1
597,18291,5,0.07368097890443402,0.034312606800979,48.0,1
640,1264382,14,0.06953786595693201,0.021098840018000074,30.4,1
569,4771,10,0.0429596027707963,0.07192782178356354,38.400000000000006,1
526,111992,19,0.021991447770311544,0.09009512820992978,37.6,1
573,147864,18,0.10346611484738748,0.15729544304497117,37.6,1
608,1485,24,0.018178484933278012,0.022568079568524444,37.6,1
563,5485,17,0.07750671873375996,0.07652452232391613,41.6,1
630,36358,28,0.16571892770105606,0.07380497452137418,41.6,1
628,10115,15,0.026147174940133324,0.039628729362538924,37.6,1
570,169416,19,0.04219409282700422,0.05519193070915228,36.0,1
562,5741,11,0.018091493544445034,0.03315603398455981,38.400000000000006,1
528,57674,29,0.048097955592487134,0.05064336599873872,43.2,1
439,92372,29,0.1042112556778813,0.06461070323515453,44.8,1
650,9440,1,0.034163551891570894,0.07591116231759845,40.8,1
592,19428,5,0.037188961684847394,0.10368057931929014,44.8,1
574,322025,10,0.03467872134323539,0.11601729381751422,41.6,1
609,60002,15,0.03537532355478861,0.05751861382659418,40.0,1
649,16612,26,0.021707310337208983,0.07031458848343042,42.400000000000006,1
546,103795,28,0.08856272500692329,0.07119831631086719,36.0,1
605,8478,23,0.08066378835527602,0.11974198060279516,37.6,1
627,4978,6,0.10383508545251659,0.06839764283060451,44.8,1
501,115777,19,0.05413294414223166,0.04131487431182797,40.8,1
586,195235,11,0.0855962081767027,0.09302954333610203,40.0,1
613,161687,2,0.06342656451033347,0.07482862660804566,47.2,1
628,5023,20,0.028978853517221112,0.04444059556512623,39.2,1
612,111290,14,0.05627213359758277,0.08152079351096282,40.8,1
524,45588,29,0.09884836852207293,0.06196195900341007,49.6,1
515,13442,20,0.05429505597939166,0.05030459003832668,44.0,1
599,13252,14,0.04311588311504388,0.04220748260707921,42.400000000000006,1
586,58839,23,0.06447185632751434,0.13435963165654044,48.8,1
499,46269,23,0.03445563247325362,0.0315078648409233,45.6,1
589,12892,27,0.013149900182275843,0.0739963443984199,39.2,1
584,30460,23,0.04861652160363288,0.06049930695300431,38.400000000000006,1
507,32623,3,0.032806092560046865,0.038146164084894095,43.2,1
527,64552,28,0.05503511354900913,0.09007530024672189,39.2,1
578,54711,18,0.047922213219122586,0.06882396194916873,48.0,1
571,16042,16,0.06780383795309168,0.049976822196898564,44.8,1
440,9049,11,0.0796872975424351,0.0494542389320455,42.400000000000006,1
554,85361,28,0.10206645250994871,0.05666434186251774,42.400000000000006,1
547,44473,22,0.031044747909086616,0.13608916647978464,43.2,1
568,167782,25,0.15488054933002718,0.11624785975223423,48.8,1
617,4139,25,0.022917245654915878,0.06913133318988765,35.2,1
536,14941,29,0.03165261651025927,0.12728803634406988,40.0,1
534,52252,26,0.04720883058036302,0.06580460497643381,36.8,1
478,424741,27,0.04081632653061224,0.4639470381246411,37.6,1
556,9372,29,0.0574644298152474,0.08187241219074519,41.6,1
588,6770,13,0.043192413435868826,0.015478774992176736,43.2,1
627,26691,15,0.1285662033650329,0.10408785124158612,35.2,1
570,278454,23,0.13971334068357222,0.14364762678517384,40.8,1
629,79361,15,0.051240992794235385,0.13175772320750076,37.6,1
672,97582,25,0.0800247448190535,0.1549089780354827,38.400000000000006,1
612,11877,29,0.07794708362380905,0.06255103208649196,36.8,1
651,136124,26,0.03655471784327165,0.07798548189631628,31.200000000000003,1
589,14729,28,0.06701358040360451,0.09119156084785227,43.2,1
572,10302,9,0.06381348511383537,0.031049981031891535,44.8,1
523,2106873,18,0.10834629930381257,0.10007763325111675,33.6,1
519,18059,25,0.07322666123114555,0.07501200299385108,48.8,1
612,40406,15,0.040907895889930775,0.04062076599065617,39.2,1
546,26553,6,0.03161807865388378,0.09808981730860937,40.8,1
578,78399,19,0.06850668831398016,0.07146009821445336,37.6,1
483,80839,10,0.14127765571208684,0.25896967648860836,40.0,1
587,93155,24,0.23364713700299036,0.09183684045606416,40.0,1
574,78862,19,0.010364129325675639,0.028469192913855277,39.2,1
637,10203,29,0.023803357427071316,0.1007295082709839,42.400000000000006,1
570,34860,12,0.05929597229271788,0.10450778172442214,47.2,1
592,69050,8,0.11693212058624936,0.12327086919610082,48.0,1
588,3688,29,0.03516764576589538,0.11522500457479973,41.6,1
634,70144,18,0.09869757900644438,0.08429890773219624,35.2,1
594,42012,21,0.06582122954056782,0.16675706100116994,39.2,1
493,15140,9,0.09095475902012351,0.04341759865106682,41.6,1
553,10386,21,0.050884168352975864,0.04277371068012233,44.0,1
629,113496,12,0.05180836116978217,0.06235337333896558,39.2,1
618,169268,10,0.11567504588971082,0.0821885267009711,37.6,1
621,43019,19,0.034352539895236935,0.028544996966015642,39.2,1
643,7691,12,0.06660476110079352,0.08740728238484068,38.400000000000006,1
651,32898,21,0.03559106591610677,0.1422789703765889,36.8,1
541,116408,29,0.0319084840256746,0.07258656386005868,37.6,1
578,7175,25,0.027224721298650497,0.06504878869133315,39.2,1
519,107152,20,0.09160670506866515,0.07167722332386756,35.2,1
635,5752,12,0.03759713545634619,0.1210384519088295,37.6,1
505,7604,8,0.1211497652884059,0.04612918645064585,43.2,1
685,30087,24,0.02669343243903101,0.09047153959276089,38.400000000000006,1
620,161153,23,0.031132250293409106,0.11171295238109238,40.0,1
621,5207,23,0.05903870070963495,0.07701848944755335,42.400000000000006,1
590,8562,7,0.14899067527410595,0.09717480433653256,42.400000000000006,1
621,136265,6,0.020788590006763412,0.0815637313804602,33.6,1
551,6621,2,0.03573028378698848,0.0753574003989833,44.0,1
576,195947,15,0.13575389018064746,0.20767166787020253,36.8,1
558,34111,28,0.10126200303915335,0.286389029889962,40.0,1
615,8130,24,0.05716328908061223,0.02732281853415659,36.0,1
611,4317,16,0.023723982108491897,0.03952483551179978,35.2,1
623,112714,2,0.07589809814510448,0.1338045704396819,42.400000000000006,1
596,24782,29,0.08461031025943268,0.23887467288039554,39.2,1
603,60741,13,0.05559123016237043,0.07024295203165032,41.6,1
603,495578,13,0.05919326899282356,0.22753478235919578,32.0,1
504,93883,9,0.15577321252881832,0.09341509140157377,39.2,1
564,21168,29,0.03222197359588275,0.11814795469269664,39.2,1
562,145828,11,0.017564477873458835,0.11218928834313015,35.2,1
603,296073,21,0.0551371582454699,0.13035403523181902,35.2,1
618,7599,12,0.11282414194004954,0.04656264138572498,42.400000000000006,1
602,44507,26,0.059124845751622385,0.1017548784154034,43.2,1
559,54027,18,0.024800130527002775,0.09443034518024289,40.0,1
590,87273,17,0.07371606666967795,0.051463243347991613,40.0,1
580,4154,29,0.18352337514253134,0.059254757717804925,40.0,1
547,6772,17,0.050790254187285125,0.04916608473507989,48.8,1
638,7010,7,0.05942536111682871,0.10448137228989927,38.400000000000006,1
549,162216,6,0.17833265353171718,0.0277723730063197,40.8,1
530,129505,17,0.09981943608500393,0.040312674326110805,37.6,1
621,86400,20,0.08849533703858213,0.06718544561472144,37.6,1
674,179465,26,0.09772395072040092,0.05378544225824537,38.400000000000006,1
682,546135,24,0.09178873293303248,0.14988488017334525,32.0,1
596,8829,13,0.04032094545665209,0.040019508438760086,44.0,1
614,34506,9,0.028611738148984198,0.07327890608711869,39.2,1
572,91515,6,0.04925235631776628,0.16132082051090468,44.8,1
611,3901,16,0.08951666811985932,0.02139529828829012,45.6,1
536,196003,28,0.13233266962781437,0.047605008397993503,38.400000000000006,1
585,72805,8,0.033611950915881206,0.0338111510229916,47.2,1
523,248970,27,0.0823504946377113,0.14782501950172217,36.8,1
597,51359,29,0.0819821218641173,0.09987690347498625,38.400000000000006,1
642,10623,7,0.011370814908401769,0.06034824956443765,40.0,1
567,61302,6,0.0959840026662223,0.05151531575263415,45.6,1
614,28535,25,0.03606577799925253,0.12683410029028372,40.8,1
628,220354,17,0.021540821488601314,0.050574389213158655,33.6,1
492,6975,25,0.015812684115280324,0.059889661287042845,40.8,1
581,44917,24,0.06483366331111794,0.029965494299764226,45.6,1
588,60185,28,0.0405612838204512,0.16710322657229829,47.2,1
529,24088,10,0.037670398348694865,0.059046453901452474,44.0,1
651,11443,1,0.04144895859092686,0.10677422347725238,40.8,1
595,206988,7,0.06084889876534735,0.07386327675941444,36.0,1
574,10637,10,0.10529432081709182,0.07116965251586918,38.400000000000006,1
601,714348,27,0.09739334885718808,0.1367151088491453,37.6,1
618,1626,22,0.08422779470353878,0.04747241258022292,39.2,1
552,140566,19,0.07349334824208079,0.07700205338924672,36.0,1
596,83844,11,0.0948841707485247,0.1136286828438148,41.6,1
608,41531,2,0.02584944502217789,0.07405297937087314,44.0,1
578,537710,28,0.044303547287949344,0.10161406429043192,32.0,1
605,27684,5,0.14717113923390723,0.04610834574864259,44.0,1
634,34862,20,0.05232592475933619,0.04824902001907505,40.8,1
655,132316,29,0.08618719044998518,0.14517507199346025,34.4,1
582,78932,25,0.04973869165615426,0.120637358087215,38.400000000000006,1
512,21248,19,0.01831926049146154,0.0863704843289844,40.8,1
582,4160,21,0.06742116723567838,0.18042576524238235,40.0,1
557,77613,17,0.02612,0.03550087958606914,40.0,1
567,52687,9,0.03460623787004893,0.07839838605239616,41.6,1
570,68399,17,0.057852047297957586,0.12408227558322646,42.400000000000006,1
581,75373,14,0.08879461067424575,0.09970056540452756,40.8,1
615,160004,12,0.059947074698037575,0.07280737825036437,33.6,1
596,83621,3,0.05710699717602761,0.10004300182908955,45.6,1
593,117670,27,0.06348767246446972,0.0387150064280688,40.8,1
607,149429,6,0.04169875467232668,0.0667845193010887,36.0,1
554,16565,2,0.021092193296505697,0.04991601537459353,41.6,1
599,12716,14,0.06211660679745786,0.06435335393774967,40.0,1
565,3161,2,0.03995310045793421,0.11122063242847333,42.400000000000006,1
692,326750,26,0.015720369752517026,0.035090510362365324,28.8,1
606,162541,15,0.034178254272281786,0.13062198477826467,33.6,1
589,376859,27,0.09742068841556574,0.11487144262597976,36.0,1
600,126740,6,0.043021122700351175,0.07164733464353389,35.2,1
630,254904,15,0.051719640794425606,0.11200247754721374,33.6,1
617,2178,17,0.0382062429596805,0.2113199589798278,37.6,1
546,19027,14,0.02613348352576739,0.0717017510908812,47.2,1
607,112118,24,0.17389628658971343,0.0452665614942922,35.2,1
543,10909,23,0.06023132319778861,0.051306229634661395,40.0,1
433,33159,10,0.04304863615094547,0.08820699763674807,40.8,1
493,36254,27,0.013431714752794591,0.03782193314538808,54.400000000000006,1
613,168089,8,0.03146626539232265,0.05469622463010836,40.0,1
654,3110,11,0.02114130475013139,0.08403819653160315,35.2,1
546,28031,28,0.06329650873277881,0.07246156479734411,44.8,1
550,6937,26,0.020916583190791496,0.02700125918021129,45.6,1
624,296808,22,0.05021269932405982,0.10266785795527325,44.8,1
567,585569,29,0.02838597354427266,0.32387140484003957,40.0,1
569,16102,14,0.02395611292050336,0.07928887006010758,40.8,1
585,7021,5,0.016727678246745377,0.1748651789981846,56.0,1
658,209162,27,0.038006334389064846,0.15368813133712014,35.2,1
561,186923,9,0.05222454200605758,0.08293431154033529,41.6,1
606,10184,2,0.09563869825105158,0.06685945396358059,49.6,1
472,388767,10,0.0875299366818674,0.16518619722668543,34.4,1
584,16955,26,0.13588333436322067,0.06830932300635714,43.2,1
584,8146,20,0.049974502804691484,0.07020869775646417,44.8,1
648,364422,10,0.3235582185861612,0.22523293771349706,40.8,1
612,108904,16,0.04535737522074542,0.07011894473376239,37.6,1
593,102120,14,0.04862141970651936,0.0556802330773009,36.0,1
583,280679,20,0.11272636838416496,0.05159389822452494,36.8,1
509,22443,12,0.026073992619770132,0.021758163189156014,38.400000000000006,1
452,11695,9,0.1424158415841584,0.07228844676573386,43.2,1
596,7709,22,0.05434721074263199,0.05998722324048959,40.0,1
643,3882,24,0.059416787497986144,0.12062589463611638,40.0,1
546,129013,29,0.076250703069182,0.1162875610370232,40.0,1
553,189209,3,0.018723977366981746,0.18191814789198546,38.400000000000006,1
638,15768,2,0.07468098232550084,0.0952252876478596,43.2,1
541,266828,27,0.039448765439451146,0.06807285970010635,35.2,1
594,176079,4,0.01968101740852705,0.03820133136768303,41.6,1
657,58277,10,0.143860555803519,0.10014110809966344,34.4,1
614,128415,19,0.017488015340364337,0.03814916350538205,35.2,1
488,40587,25,0.1433188141070676,0.10965273809408103,44.0,1
612,867981,28,0.051564647753024655,0.11426065209697812,31.200000000000003,1
583,59029,16,0.012370859752582805,0.01781617945582998,36.8,1
496,108285,12,0.019274357381508032,0.038850225037389316,40.8,1
617,1187,26,0.09749802853251129,0.1395459117701656,40.8,1
568,110249,26,0.0717408074055027,0.13137761934513043,39.2,1
637,20465,14,0.04741821497777271,0.1471019672875601,39.2,1
602,86439,27,0.08153092405128118,0.06000893394660798,40.0,1
594,14951,14,0.05859582542694497,0.06751254610187109,42.400000000000006,1
571,134367,21,0.0429878697595233,0.08285613017820882,38.400000000000006,1
585,8051,18,0.049422093615901885,0.042737565126358346,39.2,1
565,135326,18,0.10296249057916403,0.13221589216167598,38.400000000000006,1
545,261028,14,0.06210331022361098,0.07323087844746508,40.0,1
605,1348,10,0.046578669602424266,0.06656431433657684,37.6,1
633,37321,29,0.016288106835969568,0.04522267427594418,44.8,1
613,25203,10,0.030746459447640193,0.042239552313264817,35.2,1
533,8736,29,0.06576297926224234,0.12217222049497253,40.0,1
594,40632,28,0.03331702046215494,0.08248093757562255,44.8,1
570,380011,27,0.10059691543193043,0.05548090203724374,36.0,1
584,350560,9,0.040435665105666034,0.06979959458644165,35.2,1
647,3311,4,0.020989432065018427,0.07325874572797926,38.400000000000006,1
542,129607,17,0.05858665943374575,0.09527936508458752,38.400000000000006,1
650,23107,4,0.02764334345008613,0.048160133892767604,36.8,1
594,13326,26,0.028923454646166743,0.10282168614368296,43.2,1
636,1934,10,0.09502020442120276,0.06217967074662983,42.400000000000006,1
532,251329,28,0.021450099813420664,0.093026101942742,40.8,1
443,8676,7,0.038414961616629634,0.024626942129087552,43.2,1
667,4409,20,0.1032774301598009,0.2195898202434834,36.8,1
635,8136,12,0.03888313166844248,0.058095816514906244,37.6,1
499,8600,12,0.09644967823841002,0.06022020790098127,43.2,1
578,53678,29,0.04328933344264983,0.06189322795481291,36.8,1
652,47763,19,0.10118399325440046,0.07724873646586973,36.0,1
637,53755,28,0.06418803683835159,0.059159339893362625,36.0,1
658,273207,1,0.01528,0.03449738945682781,33.6,1
662,36285,12,0.04382167470552164,0.09420521801149763,38.400000000000006,1
589,10610,3,0.022174416680456728,0.06294847062726537,45.6,1
607,34626,16,0.025910535321437302,0.05593566384328846,40.8,1
585,6742,26,0.021414073071718536,0.06125341771877122,43.2,1
593,47131,5,0.04101351253911714,0.04989161648489083,41.6,1
619,9806,14,0.06389613231459362,0.10712950315737331,44.8,1
646,116377,12,0.03740041310120979,0.05738416210295887,36.0,1
517,96668,27,0.09992107881824108,0.09942555447315711,38.400000000000006,1
587,134794,4,0.020622986036519873,0.06333587002630624,40.0,1
599,1637,28,0.037423611486669194,0.1966705465861932,46.400000000000006,1
497,2755,17,0.03196136918521245,0.03288575879573743,44.0,1
529,4951,28,0.029410928122422277,0.010967763145067755,47.2,1
620,109850,4,0.09205695352377541,0.1716779376893282,39.2,1
599,96782,19,0.027790494142991787,0.11718243283560069,37.6,1
707,5618,12,0.03685291973221979,0.08760523422782611,32.800000000000004,1
592,62136,29,0.07920579554601556,0.19305873205859375,39.2,1
679,150381,1,0.04142509907029972,0.05502789191611283,40.0,1
584,163460,28,0.06629040942903297,0.07542773965463503,42.400000000000006,1
558,304344,11,0.029869277983413767,0.03928797781441013,33.6,1
626,10705,25,0.03518628258309796,0.040637562448410124,35.2,1
554,106525,18,0.062143717382577277,0.030368540125389414,41.6,1
631,2090,14,0.1631573378478468,0.11007871435749463,38.400000000000006,1
432,6140,2,0.018342562906829885,0.07107488614213618,50.400000000000006,1
612,1074,5,0.0523502987079146,0.08298256871767233,40.8,1
657,2870,13,0.031387657121624724,0.0522321938122264,36.0,1
616,9728,20,0.049990690746602125,0.0731654172785923,40.0,1
624,218794,16,0.0875771397907164,0.06737041118644893,40.0,1
654,26425,19,0.10464651843962189,0.08032668142055407,36.0,1
566,8964,17,0.054557551563539586,0.05070060558005069,40.8,1
561,66874,27,0.10346395433036391,0.06951581796640104,38.400000000000006,1
664,96207,8,0.04974548546727923,0.08476158299047613,33.6,1
560,16724,28,0.09588597343699384,0.12291558599387785,47.2,1
490,65291,23,0.056311470140778676,0.0914976264624641,41.6,1
656,64019,24,0.027068483262654517,0.052553153355738146,38.400000000000006,1
578,44601,28,0.03538396516645207,0.03962482969364844,38.400000000000006,1
624,7382,26,0.03743910306319934,0.12516799915853408,36.0,1
568,99351,11,0.035412306404353285,0.06449961900111993,46.400000000000006,1
623,44075,1,0.06411052853912481,0.09481092972610622,51.2,1
550,1151,29,0.05985476417516321,0.12513945287321732,48.0,1
617,51694,19,0.03292317924842035,0.05035969112704204,35.2,1
509,90381,27,0.051218575269964574,0.12819907667383745,37.6,1
564,214513,25,0.056574500583304266,0.11765031356793988,38.400000000000006,1
579,13366,10,0.05988576703398142,0.07765863551523257,40.8,1
622,4298,21,0.013505970627259,0.05560976433473351,40.0,1
549,41995,29,0.019407917867941774,0.2221514378819144,37.6,1
566,75824,24,0.15867154439844494,0.13934059050227815,38.400000000000006,1
632,49377,12,0.01818419574932886,0.08703367419488345,36.8,1
515,4983,21,0.05603399304687678,0.04168574971941954,40.0,1
611,75208,27,0.022278915860466292,0.11966499620722604,36.8,1
531,84033,18,0.030393952382807933,0.14676100377575743,38.400000000000006,1
614,36203,9,0.04069989707395971,0.13774052545939275,40.0,1
526,142191,28,0.042116191937886516,0.021451158419660256,37.6,1
656,52589,27,0.06276383910792513,0.11005527400727763,33.6,1
653,42229,5,0.03529049687104606,0.020730471330859482,35.2,1
649,230438,20,0.04748323608813028,0.07367573399850624,34.4,1
619,117036,28,0.13864053093611567,0.11152591488162437,38.400000000000006,1
602,36177,11,0.04239317243709329,0.08255588912050503,39.2,1
612,1606,14,0.07274185369075278,0.1862891591334132,43.2,1
596,179087,15,0.06410921029894591,0.055165232953418325,37.6,1
525,24265,23,0.06849366284069242,0.06625008729312275,42.400000000000006,1
645,448771,3,0.05502822908705407,0.1007911751459362,37.6,1
534,73263,25,0.03143242029636282,0.06624829792406323,42.400000000000006,1
590,133298,17,0.06653798912089841,0.032686329099177985,36.8,1
572,90863,28,0.02669512775341726,0.16075831362740778,47.2,1
565,7059,16,0.039384422110552764,0.06265257943447436,40.0,1
613,6267,14,0.012500742460032804,0.06970674847385581,42.400000000000006,1
539,33729,12,0.06880547381516304,0.06469549670963541,41.6,1
609,93800,28,0.18513876454789616,0.059515952702466735,42.400000000000006,1
602,69977,28,0.0273972602739726,0.04059379856248677,37.6,1
628,9999,26,0.06509083257347267,0.14207120134378556,37.6,1
636,23328,26,0.1413835435167323,0.20630813459542705,41.6,1
649,100470,9,0.05569537796464632,0.06654576965073472,32.800000000000004,1
545,2662,24,0.033892986034834455,0.04994437410283503,39.2,1
601,101408,10,0.021763256909292695,0.041349515320842654,40.8,1
594,11426,15,0.02619685160233998,0.07395430531102806,45.6,1
598,4366,11,0.09997837089587748,0.0656017535917353,43.2,1
637,36203,18,0.04422001723718813,0.02781655454430047,36.0,1
505,77542,19,0.027174897641218887,0.1560783386078691,36.8,1
533,21474,23,0.017386363636363637,0.1835045095173413,39.2,1
616,216021,26,0.021238659604593844,0.20126499513788268,35.2,1
440,1571,22,0.021837210092536308,0.04050541636340205,40.8,1
508,94409,9,0.017753064915924165,0.04886853728407721,40.8,1
488,19185,25,0.071889071829561,0.39756857647863186,44.0,1
657,120144,16,0.03397866455946266,0.08348016055463987,38.400000000000006,1
584,3533,25,0.07911902924879007,0.09993655855020658,40.8,1
557,191942,5,0.04135931712030923,0.034577488670379616,41.6,1
562,12811,15,0.026497249554505307,0.0292954303205302,41.6,1
439,101330,11,0.1052556999334004,0.06053576039368199,36.8,1
571,92968,18,0.044920590170096794,0.11742125135117458,40.8,1
591,10299,27,0.04180874722016308,0.07006352502106344,42.400000000000006,1
534,7291,23,0.051711401132725925,0.055820247463376015,39.2,1
583,5235,14,0.03404479452218777,0.047577768527017596,39.2,1
633,8719,24,0.1742413242340642,0.11092450379128556,39.2,1
579,83647,26,0.034988886523734324,0.09160289300074949,42.400000000000006,1
587,194075,6,0.09950585527651798,0.09133009403155325,38.400000000000006,1
528,31394,28,0.015085076974405413,0.08359806937367466,39.2,1
578,20895,29,0.0982167432023294,0.06440070845267705,43.2,1
512,19886,18,0.0650468720107136,0.063048281670185,46.400000000000006,1
596,21241,5,0.028953507006891147,0.0666220043861374,41.6,1
614,7286,16,0.04175022991434998,0.10538158070312029,42.400000000000006,1
659,69436,23,0.021078503399543168,0.05214388103358473,32.800000000000004,1
627,8895,10,0.03935020387029966,0.06317310072333668,38.400000000000006,1
666,288876,24,0.05888759529800578,0.33657143359227687,42.400000000000006,1
659,201705,6,0.16865633731267463,0.06821813898911537,35.2,1
609,17434,27,0.08436644662695218,0.13738366615554332,40.0,1
658,169822,14,0.018003328917422467,0.04431591860197914,35.2,1
672,9010,7,0.06300826022923738,0.05171272364573643,39.2,1
610,50358,24,0.05027978266158462,0.07627488269897818,36.0,1
615,103591,12,0.10480236899703875,0.1127554318292676,37.6,1
627,3676,19,0.0566356720202874,0.2765747547861145,37.6,1
605,186985,28,0.07328389578458977,0.09117858744795827,40.0,1
562,87179,16,0.02633096942757287,0.045830167515270095,38.400000000000006,1
583,127198,16,0.02963092327395506,0.06817223762584831,39.2,1
496,13731,4,0.027153279119736834,0.09383794316413553,40.8,1
567,51853,18,0.16792542135698557,0.04283151122405184,40.0,1
540,30847,17,0.1207873546078139,0.13749057402822076,39.2,1
434,37256,13,0.0445929544330731,0.04539046438465608,43.2,1
584,16755,23,0.045247072831911095,0.08981136942699443,42.400000000000006,1
654,8257,27,0.0337501537452339,0.07526968316092138,40.8,1
558,129599,10,0.02170887837461731,0.05971962630489268,41.6,1
702,3044,3,0.028499050031665613,0.04706321277444238,40.0,1
555,6479,14,0.048415435673846555,0.20315194067911035,44.8,1
672,73870,2,0.15120659810609918,0.0421122488768398,40.0,1
505,7373,28,0.05554868460573509,0.2162539574535969,42.400000000000006,1
531,1106657,9,0.1752988047808765,0.4163540175728748,34.4,1
628,33918,29,0.02332696631112764,0.1379947370505858,40.0,1
627,383141,23,0.1253928535682114,0.19461026160729789,32.800000000000004,1
613,5105,27,0.06306332755937877,0.1105319953984891,51.2,1
603,10691,21,0.050320615280467856,0.050603894773126754,40.8,1
582,213789,20,0.10506933223103228,0.10119820441836105,40.0,1
504,3593,11,0.011820593889515578,0.1329504555330608,40.0,1
588,705839,7,0.02687721058138831,0.031151695692160395,40.8,1
606,6411,26,0.032264736297828334,0.09305720583682478,39.2,1
635,3516,28,0.021987491894831516,0.017026197545308274,39.2,1
647,61213,11,0.020857071126474964,0.030181917307141662,34.4,1
571,44313,29,0.018791071525552597,0.047396854132959604,45.6,1
634,21023,14,0.09394340121660937,0.0881467558083809,40.8,1
447,14454,13,0.054964329531512694,0.1735645724486762,39.2,1
537,35728,7,0.03388350362413763,0.04914856826685769,51.2,1
515,66175,21,0.022333912780591037,0.038576254048611903,36.8,1
539,78223,2,0.034176189413602356,0.03398845374229366,43.2,1
629,9407,25,0.06087697450350659,0.07498596399131975,41.6,1
482,871449,19,0.03579000323403644,0.24969866162527835,39.2,1
663,10393,12,0.04087286852703436,0.02367639359504172,39.2,1
598,8040,12,0.017768528893869057,0.2487289228995477,44.8,1
614,179218,10,0.051086108650528185,0.21915240785334975,39.2,1
597,13823,21,0.04736499674690956,0.09303157476105635,46.400000000000006,1
552,4397,15,0.06245256424156999,0.05769007235659873,39.2,1
592,101529,27,0.12794515605267906,0.11637376725188252,43.2,1
549,7333,27,0.024378290357769592,0.09746016860271338,43.2,1
625,105834,6,0.02906738128002704,0.2908599179345851,33.6,1
551,60540,5,0.05855222649488249,0.04829993549764497,38.400000000000006,1
563,17720,26,0.05480333193966487,0.08156447870231061,44.8,1
569,1273,23,0.009124117754012463,0.12378278877323812,40.0,1
595,85364,24,0.009016599735192095,0.033113693401576785,44.0,1
409,7272,21,0.031218447264292536,0.028520888946476412,39.2,1
579,11421,24,0.046076828769922355,0.06743858675697362,39.2,1
605,5178,29,0.01044137991474125,0.021077632951683658,36.8,1
648,56782,4,0.022786559314147126,0.0320921117737134,36.0,1
579,33978,18,0.12073894044905618,0.09161501880588177,44.0,1
607,146526,25,0.044473755097112176,0.054814194522469405,36.0,1
624,229596,26,0.0478401508731305,0.057551220650203704,34.4,1
635,23054,18,0.09124456643071953,0.046811096914533966,43.2,1
623,7122,20,0.046607180234586376,0.05479137657107396,36.8,1
573,308259,29,0.16574585635359115,0.20069884935607707,43.2,1
626,1555,15,0.030379256965944273,0.04334085823542367,37.6,1
604,26728,13,0.06888590771534646,0.11316868846732726,39.2,1
500,2349,22,0.07550309396287244,0.11117379192510196,43.2,1
614,63971,18,0.10488087161272298,0.030923992149879977,42.400000000000006,1
597,8960,22,0.047831406132838705,0.1021487917916993,40.0,1
540,37741,7,0.035053668578150274,0.08368121768328189,41.6,1
614,20121,6,0.03991601827837471,0.050482667008163576,38.400000000000006,1
528,7155,13,0.037655642922290046,0.017258300845853523,43.2,1
603,71758,14,0.08569650020749758,0.10492211402139766,36.8,1
500,9540,17,0.028640985249892597,0.044271725780998354,41.6,1
653,97066,12,0.12645988375251235,0.06279378249128297,33.6,1
582,147593,13,0.11006321898642346,0.024254806805415117,41.6,1
585,68033,25,0.06355460385438973,0.0858027140622046,41.6,1
604,232402,6,0.049229470652855274,0.05147892558520177,36.8,1
507,111409,17,0.05079634341720856,0.038089986457235096,40.8,1
609,75451,16,0.10186757215619695,0.21232874927112438,38.400000000000006,1
587,28794,29,0.04773121194613573,0.167494963801519,38.400000000000006,1
613,120568,22,0.1296547166694201,0.06089365153383164,36.0,1
611,196822,14,0.015669253687424136,0.05888122683227803,33.6,1
611,282050,17,0.12040504924400056,0.07667675165801409,40.8,1
608,87323,28,0.0688341691553502,0.08648171524746286,35.2,1
614,170616,5,0.1039949739458221,0.17908912769606702,40.8,1
646,21088,28,0.033302892655099205,0.18515398770029642,38.400000000000006,1
565,61750,29,0.06814791899148151,0.13226088391697266,44.0,1
521,1249053,5,0.2771143787624593,0.3674106932738952,36.8,1
544,30533,3,0.02684056773584349,0.0745166848591095,40.0,1
556,10861,27,0.051922829765661815,0.18249950242143104,44.8,1
578,24285,16,0.05420091576101948,0.06543546385341924,43.2,1
559,123032,1,0.07823942180837842,0.1864203025579175,44.0,1
591,916699,7,0.0979196201905641,0.25692856777192746,42.400000000000006,1
605,8466,12,0.07143384252084717,0.055382494749679184,44.0,1
550,49140,17,0.04094955489614243,0.1566185250011041,42.400000000000006,1
647,34217,12,0.09875241121858476,0.05080504416653557,38.400000000000006,1
533,5260,23,0.10427584203710652,0.0774006237927969,40.8,1
554,226957,6,0.03437137744364287,0.05999333985222036,47.2,1
635,8747,24,0.2625535202231155,0.11395879937354207,40.8,1
608,6569,16,0.022596251339841826,0.11701026962796175,44.8,1
606,31466,4,0.04720541249330518,0.04647324938734875,44.0,1
634,5593,17,0.05989625113642441,0.07624964374761255,36.0,1
523,90839,12,0.0880689343534288,0.039694659546867864,39.2,1
546,109762,7,0.023467413232327393,0.08302976390503856,44.0,1
599,53254,27,0.038376615723097474,0.021613454036954142,42.400000000000006,1
599,3759,26,0.04427227448810182,0.07817193269497115,42.400000000000006,1
538,186298,20,0.021234625203063354,0.09532591966624608,37.6,1
538,3303,23,0.10695506246503822,0.11049973087081048,41.6,1
554,31474,17,0.032930658896087366,0.04753540105063723,51.2,1
570,116219,19,0.05993108435785085,0.0663366463938758,36.8,1
554,32581,20,0.06252598752598752,0.12496213693004321,41.6,1
611,69039,12,0.0951912220259981,0.053595659440045886,38.400000000000006,1
636,15559,24,0.03458816058966713,0.03851043243481567,35.2,1
585,1315,4,0.04615276815396713,0.0376424480211319,44.0,1
588,22558,25,0.1512588317245497,0.06661574743565231,41.6,1
500,30702,14,0.04000642673521851,0.14358076634829095,42.400000000000006,1
474,11479,1,0.03595609207986401,0.07457592260910578,44.8,1
634,329748,19,0.164885056090706,0.1414437315095556,38.400000000000006,1
541,23954,4,0.06005444187721579,0.050307691925756945,44.8,1
547,10857,21,0.06416346716990955,0.2038197809777406,40.8,1
604,33748,21,0.03188804771736637,0.1254922858866547,40.8,1
595,29917,6,0.013829916292611913,0.05449634820534001,48.0,1
635,219949,26,0.09580803362914526,0.058647267450403495,36.8,1
540,41412,10,0.022606244900986425,0.03326422991877417,37.6,1
571,416006,18,0.028939243898176734,0.1265661186614925,39.2,1
585,161881,16,0.04227230297372983,0.06734618064441028,40.0,1
624,37585,26,0.03737137009406013,0.07572986886608486,45.6,1
633,7993,15,0.02926063453712415,0.06954827160899772,48.8,1
624,3072,4,0.028078488406188058,0.10884200009537272,43.2,1
621,20706,14,0.036774171498877864,0.04830130143096137,38.400000000000006,1
512,81147,17,0.02245948360202476,0.035825855890809236,42.400000000000006,1
569,281042,14,0.05346886912325286,0.15753286582763856,41.6,1
622,312532,17,0.01768105378247514,0.016755129091257023,36.8,1
594,14906,24,0.0601432338861878,0.19464802341276966,43.2,1
624,7274,8,0.031116873495091686,0.09623523773117569,45.6,1
478,29275,16,0.038308929676221896,0.04898493801485963,47.2,1
628,70264,15,0.032060523496501646,0.09850137109711257,40.8,1
592,16427,24,0.034666649470908,0.1155501661563117,40.0,1
652,60997,26,0.03875254882883256,0.024889811075424165,32.0,1
654,109424,15,0.03133610675887406,0.050161198689174125,31.200000000000003,1
654,61994,6,0.015447518282628286,0.03574180589589592,32.800000000000004,1
590,1514,21,0.04864109333747477,0.10054835175628653,44.0,1
587,377026,23,0.044843805754695557,0.032601987250556505,35.2,1
609,140187,21,0.04402310630764931,0.18130343901162133,38.400000000000006,1
600,22486,21,0.057515337423312884,0.04229033315138875,37.6,1
586,133397,22,0.05243063024306302,0.083573858974073,42.400000000000006,1
565,64619,8,0.02697139152281384,0.04489667143665918,40.0,1
550,56252,11,0.0890786821782771,0.04934532422588798,40.0,1
634,87699,8,0.030077315680428523,0.06603564399786202,36.8,1
541,34886,15,0.03579000932914935,0.16193709942965195,39.2,1
623,78908,19,0.06163505068903114,0.0417088619861584,34.4,1
604,179987,16,0.10384666855010184,0.09196704740076947,38.400000000000006,1
440,143339,23,0.05330022760190358,0.17062568747208792,36.8,1
591,31963,15,0.07684843780322143,0.23077230049237604,41.6,1
536,41205,26,0.07893735734212529,0.046155870765958895,47.2,1
492,1116683,15,0.11534764498558155,0.2322490487899108,38.400000000000006,1
600,6837,19,0.019914274951385143,0.07927497567951929,40.8,1
507,75166,14,0.044720973752819054,0.10038627323255263,42.400000000000006,1
586,88895,13,0.012233537347860047,0.020224780164998873,38.400000000000006,1
532,34270,12,0.02417395011724579,0.027842599628411364,42.400000000000006,1
514,823483,17,0.046405844379609,0.11536382732202519,32.800000000000004,1
498,619235,25,0.035565674805684226,0.1559745972859928,33.6,1
540,5729,25,0.06811081521523113,0.03793354995625965,42.400000000000006,1
595,196592,24,0.06060681175945664,0.06837501912183677,38.400000000000006,1
573,78030,29,0.03336689198906947,0.12708676964088098,39.2,1
612,103235,27,0.05659318037204776,0.06652052973449063,44.0,1
587,10416,17,0.057329202674058374,0.10831736417674181,43.2,1
601,32022,16,0.07547467107854723,0.059890640467405006,42.400000000000006,1
567,582610,5,0.07143301909114684,0.07143172094401515,40.8,1
602,154506,8,0.07910327371846577,0.13394902474206927,34.4,1
580,51933,20,0.08303358137236058,0.05382384387061576,44.0,1
552,10345,21,0.11580810915842653,0.1521250750971949,39.2,1
646,81478,16,0.11900210284840375,0.04858753005449782,36.0,1
584,45660,24,0.07328192237228921,0.0966181933149146,44.8,1
538,72805,26,0.05402838199813827,0.18677458485271933,43.2,1
622,147456,27,0.07990796508086892,0.17717400543069767,37.6,1
553,41817,23,0.06337649019356492,0.06352301506357967,45.6,1
637,409777,5,0.06639082189204439,0.15578440965988394,36.0,1
600,123916,18,0.07927661365404481,0.17370975934872135,34.4,1
564,143544,19,0.04663701837931442,0.12052286469750156,40.8,1
628,106058,15,0.07416876424928506,0.05928081287409155,34.4,1
625,5499,28,0.05505279034690799,0.08024423139160029,37.6,1
631,56598,20,0.028239977607066216,0.026808584314573877,40.8,1
602,1332,26,0.08784971883215238,0.13134207828923558,39.2,1
641,4547,5,0.08161880117083103,0.06618267783664,39.2,1
520,280924,28,0.07248046664026213,0.08759227771516645,37.6,1
632,20376,27,0.04235213753059715,0.07094348629762919,40.8,1
648,24699,9,0.0497498986075436,0.1900251503176487,38.400000000000006,1
589,39726,26,0.06415639471303784,0.10019478026383918,48.8,1
610,34935,23,0.11038264988159044,0.07980056893418672,38.400000000000006,1
573,737805,17,0.21100397050482134,0.4433987566885769,38.400000000000006,1
570,435808,9,0.04933979608891861,0.22645781518466074,45.6,1
612,118944,7,0.09285714285714286,0.029042751970691658,34.4,1
548,47611,25,0.01392013227971006,0.02530144730206338,40.0,1
590,53978,11,0.04335260115606936,0.05354918830461736,37.6,1
609,96129,17,0.06946403385049366,0.15912692197820186,37.6,1
625,102881,19,0.07398404058553083,0.12840059639980603,38.400000000000006,1
594,321801,20,0.10246639636604436,0.17741850713416432,34.4,1
541,55166,20,0.05473798070080555,0.020402833037802444,36.8,1
572,2288,27,0.08100858908031544,0.11671607354836967,42.400000000000006,1
651,30530,6,0.11455540062211733,0.09383272524880447,40.8,1
615,42600,12,0.03882003974158371,0.09510008843303396,36.8,1
598,153261,16,0.10421756576014266,0.1280870549652612,36.0,1
675,8559,29,0.09263357571925387,0.0714351512612898,39.2,1
602,137246,19,0.04330009860852416,0.0435210619792964,33.6,1
602,171866,5,0.04333818972769991,0.130472665736624,43.2,1
603,50906,8,0.0385228509548258,0.10551859038913053,36.0,1
534,224812,9,0.017602383751881456,0.06394585996369864,36.8,1
660,52239,28,0.17374863170464722,0.11875444141128279,35.2,1
574,122638,10,0.056050194203764565,0.06895280669255963,39.2,1
603,43197,29,0.14933488688222157,0.09432358466065295,42.400000000000006,1
462,10813,26,0.08709677419354839,0.08229220014120776,43.2,1
561,161444,17,0.03800832816514574,0.16558205641415555,39.2,1
618,9877,21,0.06646500981033356,0.1464597886978639,44.0,1
636,64311,20,0.10849186655638268,0.0833441992148969,38.400000000000006,1
522,45590,20,0.04177166117464625,0.06109867781283638,40.8,1
517,113103,23,0.036172121032294606,0.10172372845239387,43.2,1
606,13797,21,0.02241042345276873,0.04647786060839741,36.0,1
569,44490,4,0.08168584500207958,0.048935540543113575,44.0,1
599,62740,19,0.042477409141877184,0.09295497578414978,36.8,1
560,2373,26,0.03311957139378196,0.1463333857532644,40.8,1
593,467275,7,0.06629003979628754,0.05921768158837587,44.0,1
636,110872,12,0.0997164344717051,0.10765968710416296,41.6,1
622,63359,15,0.0863812760139143,0.11440660156482145,44.8,1
576,45760,5,0.09130780685828523,0.023214016879157667,45.6,1
525,80544,22,0.059542661683663775,0.042562399643640794,37.6,1
507,206862,3,0.029671778295809158,0.17976828174396892,39.2,1
566,3556,20,0.038864418699337454,0.06708594495299927,51.2,1
637,28542,15,0.02203734105011269,0.08257798677904668,45.6,1
593,57301,4,0.030686728852970215,0.02113466736445102,40.8,1
516,38621,11,0.03550259386717346,0.22526396486415612,42.400000000000006,1
597,74350,24,0.1371166883670812,0.20842886067403013,40.8,1
444,192664,28,0.027741549071083522,0.04266947430507056,38.400000000000006,1
537,84034,15,0.03080600185898287,0.0832118819649752,37.6,1
594,22726,20,0.16968529995787954,0.040083976554570945,39.2,1
622,3306,21,0.022236834239942615,0.05283385385090714,40.8,1
522,24277,27,0.07384576005460576,0.056417817616468184,42.400000000000006,1
596,89059,16,0.02988311170491826,0.06049032627258033,36.8,1
536,660930,28,0.1190721310757234,0.17834899586672384,36.0,1
660,1579,10,0.06800734705411388,0.09001372424618966,35.2,1
553,2603208,11,0.25665992013566,0.4038402885686925,42.400000000000006,1
616,167246,24,0.04190537735966297,0.043745203819296315,32.800000000000004,1
556,68144,14,0.0661474536988704,0.09818443039702195,44.0,1
619,245810,21,0.0903205179442091,0.0548004759051155,35.2,1
588,47233,16,0.08391914041158259,0.1541524707005837,44.0,1
626,122160,26,0.09063386341183595,0.13345919730368327,35.2,1
606,451795,25,0.041111842438357554,0.12467322123387745,32.800000000000004,1
526,259209,29,0.09689166819937466,0.0408311654486821,36.0,1
606,412236,22,0.05542725173210162,0.22830548417697502,33.6,1
650,74154,18,0.0813089509143407,0.05975138173744132,36.0,1
561,415075,18,0.07714549911200481,0.1252075849293436,39.2,1
601,41401,19,0.08042935226176638,0.04975814551276155,44.0,1
603,87163,7,0.029805933891967135,0.09705448922242267,34.4,1
501,40178,20,0.08469797620886761,0.05469935363527684,44.0,1
618,154025,7,0.030818001243955777,0.157871374556227,35.2,1
598,46379,23,0.019574245201840697,0.03182435347419462,42.400000000000006,1
655,42698,8,0.07189571171487513,0.08137150501174856,36.0,1
531,24825,2,0.07009267059814658,0.07944187416571545,44.8,1
611,81819,21,0.03148518953255541,0.07318538253869726,37.6,1
563,2645,11,0.01677344205008736,0.059246495851523355,44.8,1
665,35633,23,0.065362768963877,0.06423507565729383,40.0,1
667,15630,23,0.05883261272390364,0.11525025873378063,37.6,1
645,7234,27,0.08491286419711187,0.1633949846420333,39.2,1
586,1839,27,0.05506523407521105,0.11714523135312764,39.2,1
531,400304,24,0.0661529070654662,0.21496753257674225,37.6,1
595,9934,23,0.0833051134439553,0.1287405382639015,44.8,1
629,2830,1,0.04799055108320641,0.11483404048550017,41.6,1
515,8755,25,0.11450180283176502,0.2152962312595197,40.8,1
530,73403,3,0.0411598988875933,0.07263947290842625,39.2,1
664,9606,6,0.039694771266398525,0.034258549096551204,41.6,1
540,37336,12,0.03175288908089427,0.0837220752333473,44.0,1
605,23790,5,0.02235088764953808,0.07871922495338417,39.2,1
602,168819,25,0.03945171166156415,0.1023184773777457,36.0,1
496,15007,22,0.03325028523529001,0.3191344571488611,39.2,1
528,495471,18,0.014860854732808374,0.09245265573817274,42.400000000000006,1
599,197288,20,0.04333225002708266,0.043982813446892546,36.8,1
634,7973,11,0.03159090909090909,0.019885581791385464,43.2,1
558,1272,23,0.11636617019423395,0.23797119282938456,43.2,1
602,3745,11,0.03248017911637964,0.13939366911999176,42.400000000000006,1
587,87791,23,0.03944970519921386,0.046792047471073045,40.0,1
484,4886,5,0.03753078379093481,0.11103648925767837,40.0,1
475,31483,18,0.04383548853928388,0.043600320650351375,40.8,1
582,11107,25,0.06085317800239849,0.08286049822735277,38.400000000000006,1
557,286692,13,0.03716981673215361,0.1257752585235744,37.6,1
589,26233,6,0.030050666821967272,0.11442462067883591,42.400000000000006,1
613,5310,8,0.02680926916221034,0.09340232486131694,44.0,1
620,280171,22,0.030234592237699247,0.07743037926133069,37.6,1
654,3194,25,0.06250707734118446,0.20791585274738936,41.6,1
611,26010,14,0.037435698877150286,0.08253048634486243,37.6,1
634,15349,12,0.13689153186040007,0.031508017243706395,43.2,1
604,58566,12,0.013210887364461164,0.09519455303134798,36.0,1
645,154270,21,0.09207634470792365,0.143640224653072,35.2,1
493,8280,28,0.07019178507648109,0.05873615922830092,38.400000000000006,1
528,23958,17,0.11316080395316934,0.0933611756574548,40.8,1
618,16980,4,0.034452383282764024,0.08488275755210718,45.6,1
650,311644,20,0.11051382437065137,0.061983348645798485,31.200000000000003,1
578,26525,20,0.03126879134095009,0.20808756548167862,44.0,1
499,334089,24,0.07684435957758812,0.06964450165147085,43.2,1
655,97422,1,0.024763782661677985,0.022048302456683183,37.6,1
559,307044,27,0.0716833879083976,0.06634454329329757,33.6,1
564,9958,16,0.17335957455717935,0.08414446291285792,40.0,1
583,16902,24,0.12022474445472392,0.08923473316543158,44.8,1
589,10869,24,0.06178457095631193,0.12429137726077896,42.400000000000006,1
565,101766,27,0.05877368111112707,0.08688723845293744,36.0,1
658,125711,7,0.04416850365037313,0.039755364197941304,39.2,1
657,203150,13,0.08870482290337339,0.1730882742373476,35.2,1
542,9526,9,0.07831845666570689,0.09622730858962285,48.0,1
557,504594,23,0.2427917746292519,0.09407291589488537,40.0,1
613,10409,7,0.11628179081616372,0.06527349277108731,45.6,1
635,173811,26,0.06031456780534437,0.05447189121733729,35.2,1
653,43271,24,0.14287066305767449,0.08139606415741564,40.0,1
567,169899,12,0.023295632671763086,0.08046769054773666,36.0,1
629,198124,16,0.044452247191011235,0.11615357317588665,40.0,1
567,22226,20,0.02156656129258869,0.050109863190830044,39.2,1
602,20885,24,0.027827603635030278,0.11576042158221336,39.2,1
553,18886,5,0.027523331559799257,0.060310312166515445,42.400000000000006,1
572,6084,28,0.04550401077018006,0.09281388138289416,42.400000000000006,1
590,51004,11,0.040234537916145334,0.02432226651318261,44.0,1
636,28599,10,0.03217807097685125,0.06627845561881467,39.2,1
567,207842,3,0.09715676252679953,0.09296237059613423,40.8,1
507,71306,4,0.027210884353741496,0.0432615607615821,40.0,1
658,272665,12,0.02831332115903619,0.02934391590869823,31.200000000000003,1
598,157671,28,0.06964974577370911,0.061743179368888935,40.8,1
602,8963,13,0.06740272007963191,0.04550086807944025,43.2,1
571,61767,29,0.03412360417155696,0.06792400691613909,37.6,1
655,138981,16,0.040942745051768384,0.05201604811255681,32.800000000000004,1
598,81849,26,0.07963246554364471,0.12247952468206272,38.400000000000006,1
644,76191,21,0.07348126591487814,0.14986230283128976,37.6,1
619,8078,15,0.053748079046743835,0.05044051296054331,40.8,1
577,45977,27,0.054813175589411865,0.09092257127803352,45.6,1
650,12513,28,0.0789293272526752,0.05335899205965235,33.6,1
546,127840,27,0.025071974993830713,0.05757881319803025,36.8,1
566,77647,18,0.025210084033613446,0.03877311830655814,37.6,1
634,4699,24,0.12348095072756542,0.04311464451852552,37.6,1
607,9467,10,0.0396868509346541,0.030614893188031074,35.2,1
582,9408,28,0.06387324379525902,0.05454455449801157,40.8,1
560,179652,14,0.07178398773729514,0.02803204473550611,41.6,1
556,66617,6,0.02098864734429911,0.03763416870061986,43.2,1
619,52207,4,0.08499688732102095,0.03373421242786646,44.8,1
513,12102,15,0.1201081619200086,0.05154240166898176,44.0,1
575,74269,25,0.04515264152093108,0.1722458331872716,46.400000000000006,1
585,162493,26,0.08046310086191212,0.11701447757901262,40.8,1
595,65135,26,0.026073298429319373,0.06134031601601131,38.400000000000006,1
614,8009,21,0.02947827706387847,0.019866997147713585,41.6,1
580,24423,27,0.0740009866798224,0.036368229492961195,40.8,1
565,7531,21,0.09078598125778668,0.06346811732447881,40.0,1
611,195997,3,0.04696433433160904,0.10931555872924228,37.6,1
595,28074,24,0.0707685908672272,0.06639819796080242,41.6,1
615,40218,1,0.03764964121896082,0.01961113813523437,44.8,1
600,56685,2,0.0381201044386423,0.058300340146571684,46.400000000000006,1
591,3991,21,0.03218112562742515,0.05266658013062795,39.2,1
570,2332,1,0.018296214920603217,0.10338835920687688,44.0,1
621,30076,12,0.02186398957478643,0.05379140968682965,36.0,1
602,30894,19,0.050224612788011554,0.05384823358326763,37.6,1
593,1361,19,0.03828283052844535,0.04604416695186569,44.8,1
582,48518,9,0.0608527707621453,0.07104594432363906,40.0,1
612,54464,16,0.049901623748675704,0.1695356259884326,34.4,1
621,314669,22,0.06354650900392653,0.157506844708887,38.400000000000006,1
606,3668,20,0.013353474645063139,0.01505440567553642,36.0,1
640,22253,13,0.021567965549645553,0.14317291271670418,36.8,1
534,45182,3,0.07457689817811892,0.03146030173086649,51.2,1
647,114279,2,0.049175024263992236,0.16125654280100526,40.0,1
603,20540,18,0.04822512844465203,0.05145018187368282,42.400000000000006,1
582,27771,18,0.06666061541254424,0.04638248606385718,45.6,1
572,102131,17,0.0660681460958521,0.13235011483663428,41.6,1
614,101682,26,0.08219552157291098,0.13862018577134258,44.8,1
617,173205,10,0.01353983254878005,0.036479833280653844,33.6,1
526,60681,27,0.030196897901521618,0.07162006943025652,42.400000000000006,1
564,2270,12,0.02166381433401511,0.19039307087050406,44.8,1
608,49467,10,0.045352386702894903,0.08241719411247192,45.6,1
634,4072,7,0.0362656995813445,0.06331515478400934,36.8,1
547,60117,16,0.017693499318762948,0.05310013048641767,44.0,1
629,30782,8,0.05043154510069386,0.061877309587696355,42.400000000000006,1
586,30010,10,0.034518632870368146,0.020779941273863678,41.6,1
570,189514,4,0.06186222799438098,0.055130913497313486,43.2,1
550,53921,22,0.06274108558858137,0.0808356540704231,38.400000000000006,1
618,10339,20,0.04529593343175413,0.05926262399655124,40.8,1
629,23243,15,0.03607582142468395,0.02417988738841869,35.2,1
589,160390,24,0.11791128579449747,0.1053804643648877,36.0,1
611,162205,12,0.04093816631130064,0.0377070623547333,33.6,1
523,8349,28,0.05347121891871341,0.255802453950376,40.0,1
633,2354,13,0.02880650469460846,0.09880636656610563,43.2,1
597,2960,19,0.04816522311831298,0.11213938503845304,42.400000000000006,1
580,88919,5,0.04860553772070626,0.038161822814769944,47.2,1
560,10781,15,0.0427664893276072,0.1399296809585265,42.400000000000006,1
603,1544,23,0.11002039532622991,0.1963330139973656,39.2,1
431,100782,3,0.08755859264697577,0.11072273557855278,39.2,1
639,2425,4,0.08617367849511332,0.09823788584041149,38.400000000000006,1
640,123548,9,0.03695422100915898,0.03622126585891462,42.400000000000006,1
636,360640,14,0.09459491258206462,0.11772919178779798,32.800000000000004,1
586,27771,12,0.03876811245829447,0.04979422468645234,40.8,1
578,37141,14,0.01690289059160117,0.029033161177378086,44.0,1
489,248879,15,0.024077434966727162,0.05494375206254897,36.0,1
596,39329,21,0.04893465185034152,0.08012740161713934,40.8,1
550,31227,5,0.11706633174635628,0.15977204868250633,40.8,1
618,29800,12,0.0745078670711917,0.08349103754850333,40.0,1
592,332211,7,0.15950108006410701,0.14455430962997903,36.8,1
581,302407,10,0.0698286302952682,0.12752759930914034,41.6,1
604,146965,15,0.07089304712435071,0.10139370975529999,35.2,1
546,6112,19,0.10947534121603493,0.08881860194109494,44.0,1
618,10225,27,0.06411447686303662,0.09980113901619363,42.400000000000006,1
634,104179,22,0.07176955625474667,0.0688376837880565,38.400000000000006,1
620,7030,6,0.04024759359746953,0.07643748119172769,42.400000000000006,1
540,5915,26,0.048462573986623646,0.09611135145735052,48.8,1
572,57426,3,0.09571959638874138,0.04179938626615002,40.8,1
580,47941,29,0.15539074237474065,0.07779136888794323,46.400000000000006,1
652,100626,6,0.0591704808191384,0.11469898065342923,39.2,1
572,60738,23,0.043981800634220324,0.1041214080070164,41.6,1
548,100857,16,0.03185310847220836,0.05890253347279357,36.0,1
533,215841,7,0.032696495424850626,0.1655988043244015,36.0,1
451,43842,1,0.02190898364001658,0.04771572678032195,44.0,1
411,3761,20,0.03687586918487282,0.05979089556470478,40.0,1
613,52391,17,0.029180588398609902,0.08475652734420407,40.0,1
627,411565,20,0.03354507860922875,0.10260450000095117,36.0,1
636,1127578,23,0.029641634210732674,0.10668089421303818,31.200000000000003,1
588,14386,14,0.02323018950623672,0.04208784210042372,40.8,1
625,8969,7,0.022484725050916497,0.06452683272936272,40.8,1
524,5990,20,0.026471838254639658,0.07893892759210727,43.2,1
567,29893,25,0.17428521312050518,0.07846722783765152,44.8,1
604,18027,7,0.02766399447762069,0.12497484412163463,42.400000000000006,1
575,52657,29,0.03890121139737246,0.19763556727453824,43.2,1
537,174818,18,0.0926896551724138,0.06253757807162161,41.6,1
548,27917,28,0.04639112328915777,0.1715588028110892,41.6,1
555,8126,6,0.024280243937030207,0.0573658714228413,43.2,1
576,285779,12,0.0538089326881666,0.16800672772547923,44.0,1
596,427864,26,0.09269575293016623,0.0796063680821125,40.0,1
637,51790,29,0.06037167596426983,0.041018939508532096,35.2,1
510,488197,12,0.053454168426711725,0.11538821505067441,45.6,1
462,10838,26,0.07054941601634107,0.4237074080403375,40.8,1
572,225902,27,0.04167340892966056,0.2188883287236287,40.0,1
648,8651,26,0.017851942225195795,0.08476772218660815,35.2,1
650,6385,4,0.022555327247616802,0.033870278990356995,35.2,1
598,68305,17,0.05691755847389796,0.027696138877661095,40.0,1
546,19238,21,0.10787773856296197,0.1031351971494761,40.8,1
594,91716,11,0.04591281034434608,0.10011929963457755,43.2,1
626,183917,5,0.05562991740393718,0.020525830289967864,36.8,1
626,9524,9,0.04987560715555029,0.08711775989060154,42.400000000000006,1
556,66596,21,0.036600864187071085,0.14357842105353777,39.2,1
640,79011,25,0.1393787241765222,0.14846621859221656,39.2,1
521,2084,25,0.05668207933995538,0.058029779766053995,52.8,1
473,5308,9,0.03763659642889045,0.03564122897610347,41.6,1
641,24693,27,0.04441587801148075,0.10032831111831068,43.2,1
620,59861,24,0.0882435282480076,0.05639903509990453,41.6,1
554,39767,28,0.055439248887595716,0.020963941751105178,37.6,1
604,30064,19,0.0763123124606399,0.12662726455164414,37.6,1
462,232362,24,0.08419962091333985,0.06890284579929112,35.2,1
579,275942,26,0.12025657711257787,0.036722432659844595,38.400000000000006,1
566,9951,5,0.013320866906890503,0.01411115630305186,42.400000000000006,1
552,16704,27,0.038981627238189535,0.10722174253404206,40.8,1
458,6221,10,0.06782411163394451,0.04043146572567031,42.400000000000006,1
624,47771,12,0.055785335840027345,0.053263383618333535,37.6,1
606,5018,8,0.05375353751862953,0.04904047126559201,43.2,1
634,198303,22,0.23597678916827852,0.03747650602847646,36.8,1
626,37524,19,0.05561750204871234,0.09262708112972408,54.400000000000006,1
644,56343,25,0.01780394630778397,0.05608778133787346,38.400000000000006,1
646,22242,20,0.0363147276395427,0.11426129225222606,43.2,1
515,215560,24,0.18850494574927013,0.17424995303328103,42.400000000000006,1
612,66606,3,0.0330316356558156,0.014437864192280254,36.8,1
652,9435,13,0.02949459777766399,0.0723619606788798,34.4,1
607,556141,14,0.030263060705504965,0.10527325960004483,32.800000000000004,1
594,240553,19,0.06473420055310868,0.12332013257112945,36.0,1
653,65331,28,0.04433237553509647,0.04205059720504701,34.4,1
616,72904,29,0.03400583682273823,0.10785410447249355,45.6,1
541,36429,19,0.13714698186411622,0.07942357728203064,40.0,1
535,49678,26,0.047713974763746864,0.11056089325508871,39.2,1
532,1172,18,0.02429675168995872,0.018432074815172325,43.2,1
625,42056,6,0.04339876049774268,0.04296422285369433,40.8,1
554,83255,9,0.019383272180409247,0.045995811065417114,37.6,1
555,87571,18,0.0386877127824203,0.050877019305134004,44.8,1
646,282921,9,0.08752396208082772,0.052518581550496456,31.200000000000003,1
584,7194,26,0.05126863719591943,0.02322922267985174,45.6,1
518,44328,18,0.016063005510149157,0.16455555307219208,37.6,1
628,164890,27,0.09928212037641314,0.1303690325221046,35.2,1
557,269660,23,0.028388169616343984,0.11909711127068189,36.8,1
566,252740,24,0.1121960559065671,0.10823363867388038,36.8,1
617,1645402,21,0.04494959695929197,0.11402751327062496,30.4,1
513,100941,20,0.023475976797635988,0.0756614385379753,42.400000000000006,1
561,65032,26,0.053362613230853694,0.0333209749359561,36.0,1
668,61796,15,0.0194884287454324,0.1021261726782669,37.6,1
527,68299,28,0.03042406730687516,0.09085611871708052,43.2,1
617,10191,29,0.040151624628997656,0.0834615318501254,37.6,1
595,16484,17,0.022637238256932653,0.05843336513547773,44.0,1
598,34895,28,0.020831594585120766,0.06740785305977716,39.2,1
586,29088,22,0.07057565496346463,0.06849478749076167,48.8,1
615,27145,20,0.033250413859650677,0.15449820281559754,43.2,1
558,56110,8,0.035006134653499325,0.06167182637391162,44.8,1
526,13570,19,0.027136999593101507,0.06977728299323112,39.2,1
589,481720,18,0.07457727677247108,0.05119476523012016,40.8,1
616,143971,25,0.03583735354927636,0.09011410890489596,39.2,1
642,19356,26,0.008310174567628092,0.08268404251842543,38.400000000000006,1
457,103336,2,0.033049607660593165,0.17882774758653064,40.8,1
632,43800,23,0.04058031062826364,0.032556103992856904,38.400000000000006,1
694,194474,14,0.09354300177715547,0.0908490279707897,31.200000000000003,1
641,24429,6,0.018191721132897604,0.18033104518965065,43.2,1
599,84874,28,0.06476197044674725,0.21961455042791006,40.8,1
608,17487,28,0.01511969760604788,0.1727484478811277,36.8,1
469,106101,22,0.16526992788930034,0.05802197362732463,43.2,1
541,20958,25,0.07820255370742243,0.08880581639382448,40.0,1
483,81526,19,0.016451841280186993,0.31570234479871423,39.2,1
606,447562,25,0.39366588051708545,0.1442986749680804,38.400000000000006,1
546,205721,25,0.0694148278177684,0.20106657676705408,44.8,1
515,136287,25,0.09821818599839062,0.07461995104277863,42.400000000000006,1
629,38771,7,0.017596907210247897,0.07126836587591967,38.400000000000006,1
583,45265,19,0.08230251071647275,0.08631671295180406,39.2,1
559,3364,8,0.13353658536585367,0.07229191364588808,40.0,1
553,120568,21,0.05286928309399599,0.07613502927694327,44.8,1
609,2872,10,0.10341507482734438,0.060577962294145235,41.6,1
604,9825,7,0.045522624656995116,0.031014174344915834,37.6,1
572,40320,17,0.030896491276123695,0.07294049921331508,40.8,1
603,123353,11,0.035358565737051796,0.06377214767850942,38.400000000000006,1
589,13285,17,0.024670502175402807,0.016725015680949015,45.6,1
479,233259,20,0.1261869688385269,0.06402721173324698,41.6,1
579,25425,28,0.04443952078750376,0.08696560694259606,43.2,1
632,2561,14,0.04348112523881679,0.08946628038602303,40.8,1
527,4742,1,0.03353492920001449,0.03167146386134001,41.6,1
498,130494,14,0.024948024948024946,0.04553610959384305,37.6,1
621,2604,8,0.0425081027175268,0.14329549202005767,37.6,1
570,5641,27,0.01887008536467189,0.03299141447430265,48.0,1
590,95513,12,0.08950437664049787,0.08066529761543566,38.400000000000006,1
563,167669,19,0.0551265296423904,0.09552718774357477,42.400000000000006,1
640,2049,25,0.03830470321235493,0.10837507193477677,39.2,1
591,3712,21,0.027526210716977143,0.0521910423998662,44.8,1
504,171246,5,0.09114219114219115,0.1158746898843426,40.0,1
539,47569,16,0.037826812534767294,0.08569617439005231,45.6,1
580,34841,28,0.03252806827963882,0.08977226160231926,46.400000000000006,1
596,24619,13,0.04821374017533952,0.05594641598995893,40.0,1
558,274308,25,0.04437457097938487,0.07854516567969773,40.8,1
647,32239,7,0.06138577735614988,0.04102461609908128,36.0,1
494,4145,20,0.04527533355962297,0.04206250035897691,39.2,1
605,436314,7,0.029858342522690644,0.11253612067557722,37.6,1
625,6146,16,0.05296240129686764,0.09108532055315131,43.2,1
543,97296,26,0.029583201064454903,0.1080940150594959,39.2,1
597,54515,26,0.06288813772502162,0.13671532990245963,41.6,1
629,26551,18,0.060219458668617415,0.0665495918141804,40.0,1
622,37993,28,0.019585132146993787,0.017433274693893917,35.2,1
605,52205,4,0.024395931096796757,0.18826585884240468,36.0,1
553,6103,5,0.04373990306946688,0.03834094587609665,51.2,1
608,246374,5,0.06436781609195402,0.10370252267683093,38.400000000000006,1
686,110694,12,0.056365232660228276,0.14700328817158934,30.4,1
579,26867,5,0.010678632082270588,0.0918461796761786,39.2,1
602,104659,13,0.036906137429484134,0.17408091150468952,36.0,1
520,57465,8,0.024096650675586462,0.0818920268038762,41.6,1
607,7796,16,0.03896596164051247,0.08948845359727492,42.400000000000006,1
568,87656,17,0.012399616775598034,0.16368995241392653,36.8,1
640,323696,19,0.0902291034627053,0.14206269090830848,40.0,1
635,88309,3,0.08163839028435686,0.044081360856521534,38.400000000000006,1
712,103974,28,0.0216791486007095,0.10600644837727081,34.4,1
591,3738,29,0.07498568975386377,0.06558805264299265,47.2,1
631,126107,25,0.03289481075372707,0.07333287774795343,37.6,1
530,60191,26,0.11837422738340513,0.10337609968334922,40.8,1
593,75794,16,0.10127566894835097,0.10831392279731886,40.8,1
535,6353,23,0.07289390952203335,0.08341118034896178,43.2,1
599,188540,5,0.07474947071277346,0.12750229098304197,37.6,1
565,97684,8,0.10473772783022904,0.10512697809063261,38.400000000000006,1
566,85518,12,0.043373493975903614,0.09603134950818859,41.6,1
638,56277,23,0.03931102868265453,0.08034446270250441,37.6,1
609,48415,11,0.04987142956425047,0.08015086959730078,43.2,1
643,139802,27,0.026540127914173716,0.08633357127235264,40.0,1
535,345652,22,0.07122851196135366,0.15886340577215127,39.2,1
515,397037,19,0.07307362011085955,0.224790799128383,40.8,1
574,111990,20,0.3293791918275772,0.18373219831864984,41.6,1
535,2423,7,0.10954301075268817,0.06508942966505946,47.2,1
652,71650,13,0.02643988471805054,0.037635306511925495,52.0,1
587,6210,27,0.014460538381399102,0.029017277903239953,41.6,1
525,148141,9,0.02026657594498378,0.03017282284187377,36.0,1
634,275130,11,0.03165954518080927,0.04921831259667356,32.0,1
596,30214,18,0.10152912075556556,0.07075510196160986,48.0,1
577,56347,12,0.09950746158935528,0.044088937861963384,37.6,1
645,164553,14,0.029743697922160108,0.06749098042058156,40.0,1
543,2762,28,0.10120788302606484,0.10121138228480762,41.6,1
530,165718,27,0.0422339933876071,0.025556807088419144,35.2,1
500,5120,18,0.020185786377808494,0.03703166371214634,39.2,1
625,83217,11,0.06052373202781401,0.05812139655572168,40.8,1
564,7537,21,0.10181706190329534,0.08079631209226906,44.0,1
636,86600,9,0.06264987443590567,0.10862303227615437,36.8,1
598,208618,19,0.04511703747624887,0.24418685318522884,39.2,1
611,45759,21,0.06516640253565768,0.08133814090536605,42.400000000000006,1
545,6894,16,0.05677519794694657,0.053798623233640847,45.6,1
612,1627,14,0.07152207924901817,0.06830180372397596,48.8,1
519,170538,11,0.039031168092967444,0.1358718476289546,40.0,1
608,1959,24,0.0817808678891346,0.03992460355297803,42.400000000000006,1
574,69243,24,0.04046784780141144,0.08892725430684659,39.2,1
549,110272,17,0.03957751410865086,0.09797759266525465,34.4,1
587,3520,12,0.11361089778292564,0.07826495250770776,44.0,1
555,32607,15,0.02959928762243989,0.0861255989947535,42.400000000000006,1
628,9794,4,0.05899088644907325,0.023957890315966485,38.400000000000006,1
557,244363,14,0.25128854593114014,0.054948965231876375,37.6,1
618,1859,25,0.07092912118315811,0.11321826480033427,44.8,1
638,8159,20,0.05775171531699492,0.09015732838168916,40.8,1
541,94916,29,0.0555635609095363,0.13164574355098743,38.400000000000006,1
569,25344,23,0.02653274461559203,0.09071527324327637,46.400000000000006,1
486,496117,16,0.0965069952747151,0.08104094283086946,36.0,1
544,4996,7,0.04922406402973954,0.0634183919729682,39.2,1
493,421890,16,0.19290859111312156,0.21718035541278102,40.8,1
517,37696,5,0.04870676284822365,0.0377891939122961,52.8,1
583,2010,28,0.012414062754553451,0.07597615249422979,41.6,1
558,11266,8,0.04683274726363231,0.08307668324913656,40.8,1
651,8849,10,0.09031144166279301,0.0818819836679058,34.4,1
589,343955,14,0.10504376823676533,0.25510232293747326,39.2,1
603,293802,7,0.06010197075937827,0.07966668031693991,37.6,1
626,143776,12,0.016845474051714732,0.14894099416720136,37.6,1
604,89075,22,0.02921197227181045,0.05585125189435848,36.0,1
556,619600,27,0.10213786213786215,0.1866734268033958,40.8,1
627,149523,24,0.05541450491224197,0.06917763484518633,34.4,1
542,160986,28,0.06299983064561655,0.10161752475569025,36.0,1
549,73538,25,0.10503887888239687,0.13672259446004498,39.2,1
590,26737,29,0.035649257307139436,0.03127732568352274,42.400000000000006,1
598,366932,8,0.15492214909766333,0.11389082404355501,36.8,1
638,3720,22,0.02853987938503355,0.05590269905373594,42.400000000000006,1
636,820714,9,0.08363435468105902,0.14623221315108653,47.2,1
481,1850,2,0.025916823593246305,0.06692860608091818,45.6,1
598,23270,22,0.06743419499249158,0.034783531833932624,47.2,1
544,43738,17,0.01055947956850698,0.06323062463390856,44.0,1
545,9497,21,0.04261893346119013,0.047285224759875205,41.6,1
598,91412,26,0.1197786269600738,0.036903308475060556,43.2,1
626,11734,11,0.05009428944441758,0.05240215395808784,42.400000000000006,1
539,105051,23,0.09880803011292345,0.050624426239781195,36.8,1
615,57727,6,0.029333755591623448,0.06564953779848909,39.2,1
571,321457,4,0.12222913518798328,0.15875297087111942,36.8,1
580,118928,4,0.08237129485179406,0.12399107358818903,38.400000000000006,1
481,263435,9,0.041011385705037894,0.07761109230010496,41.6,1
593,45835,26,0.01155157962872294,0.06306467049857789,41.6,1
530,3992,22,0.08416622830089426,0.08062616579453433,46.400000000000006,1
599,242935,1,0.11833646242248393,0.09676077618976846,41.6,1
522,218426,29,0.06812795584533227,0.1262115278262877,38.400000000000006,1
634,132126,23,0.026961988016894214,0.04721961525124006,37.6,1
497,278212,21,0.18853754940711462,0.13153083099764798,38.400000000000006,1
570,777977,9,0.18307188415790382,0.29606618133701557,34.4,1
550,9224,28,0.04277834525025537,0.08036310187099802,38.400000000000006,1
515,22468,28,0.08018271390550973,0.14971509795325383,41.6,1
582,427554,21,0.034422117796292555,0.06375397069320564,32.800000000000004,1
554,6307,28,0.10560178661632946,0.09586949409713307,41.6,1
611,3735,22,0.09095831077422847,0.09098813683614154,43.2,1
526,19506,23,0.03258036490008688,0.010829103773784177,40.0,1
623,121207,16,0.13598011642357252,0.08743574777154446,36.8,1
569,2704,6,0.04857538035961272,0.06300980802221025,40.0,1
600,417561,21,0.07098087098087098,0.16106081526910299,36.0,1
528,198279,11,0.068386973302287,0.10516767357692047,36.8,1
611,269958,18,0.22066004086297056,0.17576004241216314,36.8,1
607,10840,6,0.047458559735882797,0.018906657104201516,40.8,1
614,8481,5,0.07412672361432393,0.03799174543583714,45.6,1
625,109303,7,0.030436791553200483,0.4037826857271219,37.6,1
596,48622,1,0.0328475968118509,0.12754046245299408,48.0,1
642,1752,19,0.11486829811994952,0.23325542216144102,40.0,1
544,3913,28,0.042973389827503684,0.09119973570861828,44.0,1
503,2687,25,0.030853787330041522,0.04620679767698933,38.400000000000006,1
608,2035,10,0.010091876545239556,0.026801798744464752,43.2,1
636,78203,15,0.030243917664133334,0.1316496992607231,44.8,1
531,23235,10,0.0453257790368272,0.03290339850739585,44.8,1
564,7384,28,0.034598311428322745,0.03672396475418254,42.400000000000006,1
535,32648,15,0.06800824342344527,0.1172734291977132,41.6,1
494,283762,25,0.18544232922732362,0.24800985191129984,37.6,1
581,48690,17,0.025026546779627352,0.06642372025528355,37.6,1
615,287062,14,0.035475844399004704,0.040004639445816975,38.400000000000006,1
565,3047,27,0.0693692504071482,0.10305942371431924,40.0,1
596,9562,16,0.01902347701717462,0.06480439025754309,40.0,1
588,3948,4,0.03325488448523166,0.12404771455253928,44.8,1
570,87354,14,0.07698664917228276,0.024506455749685397,36.8,1
594,2514,17,0.028900041006814942,0.02571524473734608,39.2,1
564,552633,12,0.10195356891606688,0.18246178367501661,33.6,1
586,3853,27,0.060752786405993055,0.05520401703937069,41.6,1
434,244907,29,0.034984539660503564,0.07850033877968228,36.0,1
652,23959,17,0.07628601423072437,0.046098139927005344,37.6,1
521,18885,4,0.04285157096424702,0.05860812433900605,44.0,1
554,36933,16,0.05264229523368811,0.15767475225650499,42.400000000000006,1
641,8800,8,0.041249520485607045,0.026294545751534552,38.400000000000006,1
588,14346,15,0.023980713923194046,0.0856563998925085,43.2,1
605,5670,22,0.014027834176233895,0.03542154339476617,36.0,1
560,3499,26,0.00888,0.023560576870902697,43.2,1
629,48648,26,0.04503666131489871,0.13862283117964783,37.6,1
588,6219,25,0.09050510773152984,0.08519909154260626,41.6,1
600,26904,21,0.06224765787307436,0.0898723848927943,37.6,1
410,1868,1,0.03969359331476323,0.027187878723183092,48.0,1
606,51002,15,0.029760893642176215,0.018749913646732296,36.8,1
583,13350,9,0.06569495515907926,0.03957295380090573,47.2,1
581,88604,19,0.04875729414307326,0.07728354038101745,40.8,1
536,230729,28,0.01613891294704155,0.0895299105866284,37.6,1
627,19035,9,0.030896854664579178,0.06602528710848606,39.2,1
635,134263,29,0.06906541069938321,0.13032433051433273,34.4,1
556,379967,1,0.03599160195954277,0.06885113422882286,47.2,1
609,7795,27,0.11151664394705597,0.05832400547250846,42.400000000000006,1
561,175780,17,0.13195155078422982,0.20163898622811513,39.2,1
537,2824,27,0.0754696373962429,0.055688046186683736,38.400000000000006,1
414,211733,5,0.04722802195969608,0.0682346517880797,40.8,1
564,14404,3,0.027473406964392252,0.056334987073367225,49.6,1
576,3330,24,0.07281358949632817,0.09956027288754013,40.8,1
641,293425,22,0.11220645988619059,0.1678052223558885,33.6,1
586,28541,28,0.13983011867161385,0.08066657102931514,41.6,1
618,45287,3,0.04084596107454856,0.02815208361441674,37.6,1
622,28345,16,0.038091337292647964,0.10719519231202172,37.6,1
570,5443,15,0.11623040783291878,0.1231306552651454,40.8,1
556,26168,14,0.13069808929158255,0.07994492817841024,42.400000000000006,1
594,4419,13,0.028994261552401087,0.0335647011203437,44.0,1
611,257870,8,0.0694620380020845,0.052373311386151845,35.2,1
617,222350,8,0.07074541870482587,0.21883762921331656,36.0,1
598,43405,16,0.05847270220852201,0.04470647298754637,45.6,1
642,80886,11,0.06946381883942966,0.0499152232925491,35.2,1
528,1118533,15,0.05997273966378919,0.12520885363343778,36.8,1
586,162503,28,0.035982139615929144,0.27955297064546264,42.400000000000006,1
615,109253,13,0.031916908700593515,0.06461468480672801,36.0,1
578,73185,1,0.13539299081320177,0.06392610041788198,42.400000000000006,1
479,87663,26,0.05173746220697696,0.16214963147312275,45.6,1
608,201634,19,0.04091123660331835,0.04143360504047663,35.2,1
629,376866,4,0.16360980360331118,0.247084387951207,35.2,1
446,20095,21,0.011968116559048227,0.08684830803359675,41.6,1
568,5555,23,0.05410880031077875,0.04440623003363553,37.6,1
618,196983,16,0.051119399514477325,0.1853851651011478,34.4,1
595,17629,16,0.11669505962521294,0.07831781778820739,40.8,1
547,10347,17,0.019339089767188327,0.06781875006302712,40.0,1
598,25039,29,0.052026853892276945,0.1327259004371534,40.8,1
595,164935,9,0.028244155029028717,0.20810449434617317,38.400000000000006,1
686,9526,4,0.045284446873817434,0.08115901426104835,38.400000000000006,1
563,17112,7,0.040116585959194914,0.06981319342566981,38.400000000000006,1
464,248413,11,0.04583642140069553,0.09114745034873278,40.8,1
667,13932,23,0.1662111062329165,0.07899180972191822,34.4,1
586,9392,24,0.1467093001385018,0.1238285683511267,38.400000000000006,1
633,650958,29,0.06429224805076009,0.19817940372716827,35.2,1
563,35079,22,0.07564811936586882,0.05239161342406004,44.8,1
620,331917,22,0.0706944910711385,0.048278134745483585,45.6,1
546,199323,17,0.027301416444455318,0.07437844025589888,40.0,1
566,44714,25,0.1172879177377892,0.11000163689615051,39.2,1
518,197414,20,0.0696440879441409,0.2047982936570325,36.0,1
549,139162,20,0.03820680933204646,0.048905925956948454,37.6,1
557,8045,5,0.01707569619793275,0.036149825120859125,40.8,1
605,32362,15,0.03911111111111111,0.23849026159438086,38.400000000000006,1
607,65321,1,0.08554109755111937,0.06290413531988373,44.0,1
605,456439,27,0.05532454640710307,0.08135172040661315,32.0,1
672,5911,21,0.02022293695202009,0.0824623032681929,34.4,1
611,63280,18,0.091683038637852,0.1121936424283638,36.8,1
656,10930,24,0.03159693275334088,0.03749336710857686,36.8,1
584,166513,19,0.04944142002242425,0.053203276216067255,40.8,1
576,191178,26,0.04493309143488521,0.1059113569549022,40.0,1
568,169990,19,0.07502947212155613,0.08184650266490216,37.6,1
555,116258,28,0.0831316620790305,0.05723101649499918,39.2,1
574,286886,27,0.11698624830524888,0.11855518786233957,39.2,1
567,7780,12,0.044151230652118754,0.08368195742977352,46.400000000000006,1
563,344501,1,0.0880891558824355,0.06769360195208023,44.0,1
586,141298,10,0.030797600828873704,0.04831463391555461,48.0,1
554,58443,15,0.020519647447668016,0.09935755806587371,37.6,1
605,3420,2,0.05236131709115224,0.025391288422853146,40.0,1
585,43357,14,0.031675558706114985,0.03459807774914765,45.6,1
530,68715,16,0.040468280600162346,0.09503120152102844,45.6,1
556,595313,4,0.08963670836628335,0.12840990200164243,36.8,1
525,7696,25,0.06372624039668207,0.06726131928889115,41.6,1
595,158533,1,0.022405847767360557,0.03713111086774896,40.8,1
623,312413,25,0.08216062217831337,0.118284304495346,38.400000000000006,1
574,5557,7,0.04086661257850296,0.10362541014086714,44.0,1
653,106423,24,0.11373667148381049,0.05196748070108615,35.2,1
669,70942,14,0.03810190859744353,0.1736006366478699,32.0,1
470,95197,27,0.016472778036295953,0.05806532717101245,47.2,1
570,67759,18,0.038985290982732894,0.06159842216656957,36.8,1
572,32582,26,0.029831458828425306,0.0850087403558804,39.2,1
608,10585,12,0.04244414768830983,0.022268218720722124,42.400000000000006,1
632,102983,12,0.02280954890661045,0.04110462902463778,37.6,1
597,1222,23,0.007690547035934997,0.009916667019878296,40.0,1
530,128660,17,0.03952397580241787,0.1191982048206882,36.8,1
613,89584,27,0.035055211011949784,0.042061611623325,42.400000000000006,1
595,365967,2,0.0880284953853895,0.15776933539504762,44.0,1
530,378132,18,0.0849770591446233,0.15643114322034585,36.8,1
598,94483,25,0.08891882788817783,0.09273595720328323,38.400000000000006,1
639,104791,17,0.0270560092386373,0.03894410580131181,38.400000000000006,1
593,50969,20,0.07993689192742572,0.20857665861013994,40.0,1
547,354557,8,0.07105159699305448,0.08666274808591574,37.6,1
565,21657,22,0.04787571337983513,0.07161750362656011,46.400000000000006,1
650,74169,16,0.05297606687912464,0.050140140488921695,38.400000000000006,1
511,4913,1,0.045546263195115774,0.03919035259981621,50.400000000000006,1
688,18202,2,0.1703208253032536,0.22494053433844383,40.8,1
611,278507,23,0.1428646517739816,0.16295928632464798,37.6,1
476,47755,7,0.032452951903633585,0.02037926418804457,48.8,1
567,53439,22,0.04111685084679265,0.08009113153662646,44.0,1
621,91832,21,0.18089895422120644,0.11319804030590344,36.0,1
538,8068,24,0.026288328507356445,0.10268672723112812,38.400000000000006,1
589,59222,23,0.038435566586972794,0.16870017168543885,38.400000000000006,1
607,24655,21,0.036096887823655444,0.029629751547212195,44.8,1
594,12969,11,0.120634588198335,0.10916338042208559,47.2,1
603,134469,20,0.0929171668667467,0.11804474372084171,33.6,1
602,39651,18,0.05727885759619199,0.11337385718049307,40.0,1
617,14996,2,0.020360158870936645,0.04082188133932517,40.8,1
503,9112,29,0.022272842318400404,0.06714123212803168,45.6,1
516,81972,25,0.05859375,0.0838580750861795,42.400000000000006,1
649,24251,14,0.014999245004446084,0.03247931863638132,40.0,1
650,1418559,28,0.07401537703724327,0.1787312607028442,39.2,1
611,93005,9,0.03001829737207308,0.09814165420410303,38.400000000000006,1
671,25615,29,0.0400644537544312,0.05120966329245361,42.400000000000006,1
525,226715,27,0.08830278935970781,0.08072403126950893,40.0,1
628,7305,3,0.09774591984834573,0.16617660945357113,42.400000000000006,1
580,14424,28,0.00908,0.019155740025082496,42.400000000000006,1
622,29697,27,0.04126919140225179,0.16140773408679088,40.8,1
493,29534,27,0.0458093091222148,0.2889581459304501,42.400000000000006,1
631,9997,3,0.013273315548825573,0.09086272801314675,40.8,1
533,114850,23,0.04725248422986943,0.09227648533623059,35.2,1
560,22981,19,0.025982369106677613,0.09420372149125308,39.2,1
490,7658,23,0.07189972441994845,0.08292923464173584,41.6,1
573,5257,27,0.07669156807377488,0.07474010098119169,39.2,1
560,9109,13,0.022481307395078868,0.13751951981024757,40.8,1
574,16682,7,0.03431995641910296,0.0428956150147622,50.400000000000006,1
673,2660,19,0.0264684139986898,0.13245084361633744,38.400000000000006,1
613,10188,6,0.014070834105956652,0.01647105514619067,41.6,1
609,22204,25,0.024853956452469465,0.0770200761006372,37.6,1
667,268231,15,0.05824936475948479,0.10000540194342085,29.6,1
696,73746,10,0.04674891011965495,0.16621126033046935,34.4,1
646,98461,9,0.016685924678325924,0.07176583151507279,37.6,1
622,204530,1,0.03687256286259849,0.06325898224798893,37.6,1
543,566411,28,0.05629372959285667,0.0950326664125354,36.0,1
616,218603,9,0.06232245846604115,0.04390571703315173,36.0,1
594,249087,19,0.049947831520920395,0.1153939504558752,40.8,1
556,64680,18,0.07038033819123547,0.09809496131451358,40.0,1
550,46555,7,0.024443389234790565,0.024405315039948725,40.0,1
538,5353,26,0.050813622890327266,0.07523154103419034,44.8,1
572,8765,12,0.07524320833165139,0.071864012790908,40.8,1
638,81760,25,0.06738503566550312,0.03801080316736218,43.2,1
644,51316,23,0.051525121284782247,0.2485537920974288,36.8,1
582,126110,2,0.10525072352489516,0.03148803675889191,44.8,1
640,48227,5,0.04322846684890887,0.22948314718097435,44.0,1
650,191364,16,0.03543154682839078,0.06136010242180535,35.2,1
570,76065,29,0.05637982195845697,0.08784012889036688,38.400000000000006,1
497,37653,21,0.035959740725057816,0.15650578687380343,45.6,1
505,8135,11,0.02392746985699598,0.06251854643753144,41.6,1
562,58214,28,0.10246166500205628,0.0706139616255166,39.2,1
620,61600,22,0.10033095279568019,0.19006118647200773,36.0,1
567,151230,10,0.028525379197668514,0.10301534288276509,36.0,1
570,110443,22,0.025572657241762553,0.04915268739972925,40.0,1
593,44931,1,0.028263048788796,0.035394245844438156,43.2,1
628,83346,19,0.06380799063368944,0.1509500329316515,38.400000000000006,1
565,130340,25,0.031032424905510246,0.07403969694690499,38.400000000000006,1
555,12543,2,0.01729856352097845,0.04835520054794668,47.2,1
577,168347,29,0.1557679136362154,0.08370321428268826,38.400000000000006,1
642,1682,14,0.009695150396527595,0.06622904477437905,51.2,1
638,7525,23,0.04038896936996331,0.03139583888314598,37.6,1
509,131004,23,0.11145996860282574,0.15371531852373158,41.6,1
602,40077,3,0.04505978602894902,0.07511408544575514,48.0,1
560,216666,26,0.0793724042455007,0.16626714946238594,41.6,1
565,245460,13,0.06209085291129429,0.09485056549261432,37.6,1
655,60944,29,0.08062015503875969,0.07104907816284481,35.2,1
492,114321,28,0.05460595976402965,0.05708177744390947,48.0,1
584,269993,14,0.06567550096961862,0.06298165506289317,36.8,1
593,141478,11,0.040859088528025146,0.09617073907139582,42.400000000000006,1
663,3328,19,0.010928408803440426,0.14173093325918834,38.400000000000006,1
597,9546,27,0.03590135024873003,0.06490935729648308,40.8,1
612,361735,6,0.09991374606136352,0.09334736677616427,41.6,1
644,9035,22,0.1016480502095723,0.06173117287798828,37.6,1
499,53481,13,0.04870936952622691,0.041688902031939715,39.2,1
587,51875,11,0.04520132431950199,0.08219462313446878,40.8,1
578,67600,13,0.006902417937920071,0.009622208279607311,40.8,1
579,8687,21,0.018323280977796903,0.087341617050977,41.6,1
513,2195,7,0.03722750838035354,0.06263423100754932,45.6,1
563,8712,14,0.035153951755246125,0.20220523515156552,41.6,1
587,48844,14,0.04881988692452661,0.034045118982428325,44.8,1
623,50489,21,0.04284690328917677,0.020333028124914238,44.8,1
634,8998,9,0.02529915669477684,0.09100845638959833,37.6,1
604,60440,6,0.018849206349206348,0.030360641996363916,36.8,1
542,60348,5,0.03978016226118817,0.05441565255582224,38.400000000000006,1
581,5370,5,0.09863593958800838,0.05353337328681382,49.6,1
589,7528,20,0.039409927856142994,0.11158525766324312,40.8,1
501,62207,18,0.02878422198202467,0.16473836387472182,45.6,1
626,40110,29,0.05910743013763928,0.15020863770359966,42.400000000000006,1
539,180475,18,0.046763335059554635,0.05911461984629705,41.6,1
584,114674,28,0.0687853454634866,0.06725885115189305,36.8,1
527,32554,28,0.028269236989358605,0.07372609945779132,40.0,1
664,272974,1,0.08272680676576115,0.07892560513562691,37.6,1
555,261091,19,0.03564041894865728,0.053569377421852506,40.0,1
587,70937,4,0.03576078783766437,0.03502098275427583,38.400000000000006,1
626,281583,9,0.052581741213167714,0.04922888937625351,40.0,1
649,230701,14,0.009343802763798502,0.05350973432760217,39.2,1
594,77023,23,0.06339454764521296,0.09525821786486106,44.8,1
616,18467,29,0.09033544845601926,0.23123010959135654,36.8,1
640,213156,7,0.060066152149944874,0.04858922287675102,43.2,1
661,68128,3,0.07499597661069685,0.04953396500197155,36.0,1
598,86387,11,0.03165954702990247,0.011842790948443014,44.8,1
656,18019,13,0.05570136433637724,0.04853696193762562,36.0,1
610,356444,25,0.0402872757446565,0.08091685118113068,31.200000000000003,1
600,1702,1,0.013410088977752541,0.06073556710771548,40.0,1
624,108503,24,0.0648003410544266,0.10802668413984018,40.8,1
600,622068,10,0.040541636260439474,0.08947217501819697,32.800000000000004,1
613,440794,14,0.0531662493937527,0.048001186559911944,38.400000000000006,1
619,79393,20,0.04394187954066089,0.052425857289992196,34.4,1
592,64723,28,0.06622369262420418,0.1387137648239306,39.2,1
633,28510,25,0.04693251533742331,0.06010185757330722,41.6,1
604,80829,20,0.05188544449276263,0.033047076717379206,34.4,1
635,170968,18,0.038981727315320944,0.09073828396747229,39.2,1
559,1357204,2,0.054166868902587,0.10469817818586662,37.6,1
613,52983,9,0.04926985728133152,0.1313016177585329,36.0,1
595,7262,24,0.03738009283135637,0.08738805970700639,46.400000000000006,1
609,52217,8,0.046025484885390724,0.03516958187029196,40.8,1
474,2314,23,0.026270150399454125,0.06960952822103693,43.2,1
568,168150,2,0.18516120678492815,0.07535528719696684,43.2,1
620,15541,29,0.031900497392747806,0.019243832721668047,46.400000000000006,1
615,56533,20,0.013526630553902996,0.04409080230486019,38.400000000000006,1
652,37388,19,0.06424065737026097,0.04987756017529243,40.0,1
611,51467,26,0.050285332250901364,0.22030663300657716,35.2,1
513,46859,16,0.07011118378024853,0.05997915188670548,43.2,1
612,40458,6,0.04563686167090589,0.04850800769578267,38.400000000000006,1
516,45989,21,0.058263684235953433,0.15955912084872317,42.400000000000006,1
492,110623,26,0.18405615924608137,0.16940224502398882,42.400000000000006,1
634,43627,27,0.054222111677652035,0.10493275434014399,36.8,1
535,135480,28,0.062157221206581355,0.13501339016709743,40.0,1
608,9275,21,0.06949976248766762,0.09638695146361263,37.6,1
504,1082401,14,0.29796668144676003,0.355984472163369,40.8,1
523,71656,28,0.012445962438586063,0.025154228190382797,37.6,1
548,10242,13,0.032447952400445096,0.03600118252244564,41.6,1
576,73417,1,0.04820138589499585,0.1751256720339156,46.400000000000006,1
587,1798,8,0.07282795923952415,0.20869839656661124,40.8,1
565,380413,26,0.05614735309187994,0.11879780900640914,37.6,1
637,365451,11,0.010456878447502113,0.09982547359570039,31.200000000000003,1
460,1574,22,0.08175225258222842,0.04122164869407061,46.400000000000006,1
605,503095,2,0.032326117295770986,0.04961925347499294,40.8,1
573,9568,4,0.15431427351957155,0.09569827767258675,43.2,1
635,48026,23,0.05904844876821064,0.07803612248466618,42.400000000000006,1
555,373360,15,0.11142166848263774,0.11688102075180527,38.400000000000006,1
670,2937,29,0.08002041988386191,0.06462520148685491,38.400000000000006,1
662,162694,29,0.03545776381932894,0.03610792350623933,36.8,1
573,7660,22,0.11342562361238082,0.09283752852223309,40.8,1
578,39939,26,0.041147028731023425,0.10225892853914045,47.2,1
477,49728,16,0.052621147557229214,0.060094492140254134,40.8,1
610,190349,26,0.047010809406012065,0.080205139296348,36.8,1
615,6123,18,0.06289021555849246,0.13077195319813714,36.8,1
541,633548,20,0.025202920573737075,0.07386894091474275,33.6,1
576,195098,1,0.06176038853953353,0.1762562992415228,48.0,1
620,173020,12,0.05611617031749939,0.09395693327549547,43.2,1
609,190008,23,0.02710299136719534,0.03196993228417755,36.0,1
580,6479,27,0.07745408001400299,0.0722309402414252,39.2,1
608,164575,18,0.046157361565998936,0.0693199620718998,38.400000000000006,1
515,125283,22,0.02800757739251373,0.09881960867902306,39.2,1
600,95311,23,0.07229374088401293,0.08115073367479181,42.400000000000006,1
494,268430,15,0.053483055016930514,0.15234800660981207,36.8,1
635,69650,28,0.031173891865562593,0.16753330083034781,36.8,1
568,2929,7,0.0671796029664623,0.045312116494383124,42.400000000000006,1
503,56952,29,0.027162744704191836,0.04489130511160273,42.400000000000006,1
647,193890,19,0.07361543721036237,0.11790299999348222,40.0,1
544,6713,9,0.024154347667119526,0.017931769238909125,40.8,1
599,30776,4,0.041529790483305684,0.06361121197628183,43.2,1
607,260424,17,0.12581875764773626,0.13900828361276812,33.6,1
605,71591,10,0.13446954890157142,0.06729460580450547,38.400000000000006,1
606,111865,1,0.041372883988196926,0.10196356486995069,44.0,1
555,82320,22,0.08161104032564989,0.06285451493639947,42.400000000000006,1
535,217322,18,0.009457825871627055,0.04396064696225615,40.0,1
619,20210,11,0.016120888632429314,0.11659045972863921,41.6,1
539,116047,12,0.07567711099309612,0.2506846939582549,41.6,1
624,282555,3,0.1285169289461135,0.10672461770908769,36.8,1
574,162142,28,0.01936940216995558,0.06347403269064052,36.8,1
621,116479,3,0.0287016426062619,0.05888517011022419,35.2,1
551,3079,26,0.059466093893832464,0.07188208549743798,40.0,1
494,95730,1,0.044065202169063164,0.04270602007729356,41.6,1
604,125840,6,0.13080492528042675,0.0809338029974925,40.8,1
548,48386,3,0.03134037966030394,0.037198665480139434,40.8,1
618,52889,15,0.033007623189165114,0.08752025961509562,40.0,1
542,161208,7,0.047002297890119074,0.10963437074602804,40.0,1
601,1729,12,0.047924318098133446,0.044552256863562865,36.8,1
609,69441,15,0.04069953228945763,0.06448742232513541,34.4,1
610,3579,5,0.07737560048295528,0.03268099198087834,38.400000000000006,1
570,32773,23,0.060774951076320936,0.07241754759031266,40.0,1
593,186789,17,0.08859636571755616,0.06538847327067653,38.400000000000006,1
599,10049,10,0.08734181540669529,0.06679467167842802,40.0,1
628,66061,13,0.019340088204795044,0.03837555674873436,38.400000000000006,1
575,97574,27,0.05427570792488693,0.053896198035739994,39.2,1
541,697758,29,0.11252131085432847,0.5034298891482263,40.0,1
627,20187,17,0.10837241792236303,0.1403305363450961,36.8,1
529,34243,17,0.04931527258731361,0.11225565990706485,44.8,1
550,67640,13,0.07435840060588327,0.09778221536848311,38.400000000000006,1
534,93588,10,0.04631539905885626,0.08201416539489935,41.6,1
642,78786,4,0.02501195015396245,0.05403341537025567,36.0,1
591,73876,19,0.08422925458628508,0.07175059003494738,42.400000000000006,1
607,45461,19,0.03954916561702572,0.07462223981464959,38.400000000000006,1
624,20697,28,0.05328343828979153,0.11975301967639987,40.8,1
533,17747,19,0.08508809626128062,0.22282536365403596,40.0,1
466,122185,19,0.11109126049601273,0.10346023217105337,37.6,1
568,24244,8,0.03271153559170273,0.1068130647061401,43.2,1
665,34070,19,0.05146812328686084,0.12263354673538267,37.6,1
518,323693,2,0.015417352551491547,0.11491850105042453,39.2,1
557,33294,26,0.03643679858239811,0.07597648198268832,43.2,1
502,54590,1,0.030661867736351895,0.07069470611358038,50.400000000000006,1
624,761091,26,0.032689989928841486,0.05789092407311776,33.6,1
556,29062,21,0.024517580819041613,0.06896579130303215,44.0,1
568,15729,5,0.0192,0.030355273403521756,46.400000000000006,1
625,367424,15,0.08376250266014046,0.19629341267423125,33.6,1
567,63182,23,0.02865132592364386,0.21388509642607462,36.8,1
559,77571,25,0.05783359128577866,0.04040910268472017,42.400000000000006,1
517,136860,11,0.015657485339030438,0.06242441645366943,40.8,1
424,119417,25,0.051076235362713183,0.09033275502435714,35.2,1
517,951524,15,0.1746547075331536,0.17683870252237455,33.6,1
580,185507,25,0.04966722956193503,0.16508741206090402,39.2,1
532,58388,21,0.03929312157286132,0.059885087855325043,37.6,1
428,156750,7,0.050250186308953476,0.156267282162158,38.400000000000006,1
649,16668,29,0.022917398945518454,0.1327848804164692,40.8,1
627,154288,27,0.06080204321229223,0.11009319990756501,36.8,1
611,128099,14,0.0622778675282714,0.10555237538714216,35.2,1
606,4973,22,0.0973268767236325,0.03135302578884557,38.400000000000006,1
612,9343,3,0.051040074433441884,0.04398263051454538,43.2,1
592,134663,27,0.04466781701867941,0.042385051245077285,47.2,1
578,261925,9,0.053080232689301766,0.09505787619806302,36.8,1
501,4427,27,0.07538902670833467,0.13509584226620658,43.2,1
544,27704,4,0.025256175857817083,0.06973023801267726,40.0,1
571,321169,24,0.08174509754814796,0.19552862525176654,35.2,1
544,25597,16,0.041973806627066484,0.0799933596137241,45.6,1
572,2902,3,0.04703318654378717,0.05627001628167959,45.6,1
565,158795,6,0.09043797294198579,0.058844713224376725,44.8,1
624,83919,28,0.04411729522381633,0.04990974817142186,40.8,1
675,42604,20,0.05321766693080869,0.08000489682366836,37.6,1
490,195864,26,0.052749373467172365,0.1676740300759753,41.6,1
613,248641,1,0.10697785393575256,0.2356332324657271,41.6,1
561,20881,14,0.017454545454545455,0.127715636169208,46.400000000000006,1
643,144376,16,0.1395191330849983,0.057948383802635714,39.2,1
575,240644,27,0.040581017102000065,0.08817801535418247,35.2,1
575,263551,1,0.0773178241532672,0.07399490568400384,44.0,1
547,110188,27,0.0519634673085166,0.09660205780327422,40.8,1
539,367837,22,0.10687989866202202,0.19604064052545725,36.8,1
658,63356,16,0.0600315452387401,0.06687665974215046,34.4,1
437,292079,13,0.06763835117285356,0.13635465561719387,41.6,1
447,109059,17,0.03859711589816628,0.10591086836257994,40.0,1
584,158058,2,0.033620201355771165,0.027072367024285744,39.2,1
650,27769,15,0.01454710027801125,0.03130586580028494,40.0,1
472,243771,12,0.04968069801380709,0.08199622507234924,38.400000000000006,1
602,50679,12,0.03350387240014554,0.04110400248346487,33.6,1
541,70859,7,0.056928957011702586,0.04079536997297726,39.2,1
566,29154,24,0.0455033268941833,0.05706915635513159,41.6,1
634,44966,23,0.07925803356647247,0.3910681475758748,36.8,1
560,1055,24,0.04994772218073189,0.0806815454665537,46.400000000000006,1
614,44254,22,0.04119439550551603,0.032875570870040345,45.6,1
658,34076,23,0.07551969125515305,0.22138835588201294,36.8,1
648,67432,11,0.03504801694374329,0.0820922829198403,34.4,1
588,8170,4,0.08001524099828539,0.05716330491512787,42.400000000000006,1
603,37488,18,0.08328104500598939,0.11351726979453902,43.2,1
593,192764,29,0.08082423496847609,0.04081444497734694,35.2,1
536,31532,10,0.04621744814670861,0.015485518609467432,41.6,1
526,9663,28,0.047101960231279084,0.16176663852046738,46.400000000000006,1
519,221780,3,0.05284680717206669,0.11575297057625959,40.0,1
535,98777,10,0.024604535742687145,0.12039922149059837,40.0,1
620,101159,11,0.14942162177833185,0.15107358292732062,38.400000000000006,1
551,230642,23,0.04304283651022903,0.15230294441995362,38.400000000000006,1
522,9105,5,0.03348178354885443,0.07656617694379343,47.2,1
553,7996,5,0.030552120462646395,0.03375130631112738,45.6,1
547,5563,25,0.033616333826006255,0.04183473697885594,38.400000000000006,1
585,51902,22,0.028075265106539782,0.059185736102750755,40.0,1
534,10661,21,0.032202676733793484,0.11284187808307286,42.400000000000006,1
566,200295,14,0.038643885857411214,0.0684309326805889,38.400000000000006,1
611,56691,4,0.05478335303468797,0.07626625295318726,38.400000000000006,1
507,296741,14,0.017368729394736538,0.0894350454861652,39.2,1
528,4818,19,0.07066370589686652,0.08023562942157131,44.0,1
619,231232,24,0.08651169107494511,0.054667888843465885,32.800000000000004,1
636,27159,15,0.053388266598000084,0.06155562598640117,36.8,1
526,10574,19,0.21247465838182247,0.06964421261138909,40.8,1
584,87615,11,0.10375735626980534,0.15670772385656123,45.6,1
641,25097,16,0.034787063124316016,0.10098792647980867,43.2,1
465,365372,19,0.12464625675328016,0.1558931169174302,40.8,1
551,10361,1,0.04420788053522585,0.08678934494348818,42.400000000000006,1
541,172087,15,0.040308973545301156,0.10555656059282621,40.8,1
506,131613,25,0.059167037201719286,0.08351671484206698,35.2,1
623,19382,17,0.051256990823695496,0.05393260510412721,43.2,1
604,713834,2,0.12873505190420598,0.125566824641725,40.0,1
648,39656,17,0.08307055577453686,0.16452232495289937,40.0,1
548,31598,21,0.03114721084782171,0.10288874439955008,45.6,1
646,39862,19,0.21059920106524635,0.08210270810765226,44.8,1
503,85349,24,0.07512915129151292,0.12312229973727182,37.6,1
607,203738,23,0.05484161909892678,0.04238483740628574,35.2,1
631,81074,22,0.034564753756771996,0.1812323905762046,41.6,1
588,42084,28,0.049860637968411274,0.04616332784496263,43.2,1
609,41085,29,0.03159369824621003,0.08611145341667757,39.2,1
637,82026,7,0.027725312085460026,0.04982447172109982,41.6,1
579,8657,9,0.029541282456680213,0.06708330504636312,41.6,1
535,443189,5,0.11226161063764817,0.06760347525762138,40.8,1
518,1827,18,0.06264315029472975,0.09314686797929327,40.0,1
626,24019,23,0.032307631692998696,0.12959174185107358,42.400000000000006,1
627,62307,23,0.016074214992625527,0.1764906745827743,37.6,1
620,21042,7,0.07296092859363665,0.04464890878638351,36.8,1
460,224553,1,0.06619728533062351,0.1266168909356547,39.2,1
585,82212,7,0.07029937540383373,0.10103668602814372,41.6,1
586,113651,27,0.038229361917454796,0.11235861574676767,34.4,1
591,65454,10,0.06790717395913175,0.06928793156352224,41.6,1
608,10432,16,0.02915515565795652,0.04201266832992879,43.2,1
540,426705,16,0.02713088820390261,0.08311174864658763,36.8,1
590,682561,15,0.10277715059832919,0.3973798429833788,36.0,1
583,154226,14,0.02605313150197509,0.0776631161677636,43.2,1
652,15754,2,0.019988458108179005,0.03099334849197796,37.6,1
662,561963,22,0.11673741661613099,0.23576691615722087,28.8,1
610,77359,19,0.03267118219591326,0.04877794164910946,39.2,1
512,29830,2,0.043516164184525974,0.0516143045559236,44.0,1
559,51742,15,0.02865980188716182,0.017496709990737932,45.6,1
613,54669,4,0.08041860408648885,0.04583897601036739,41.6,1
510,15509,5,0.016895694336861115,0.05588344134849002,44.8,1
584,171758,9,0.03988771106548791,0.12906797631216782,38.400000000000006,1
543,16541,11,0.014981152743322915,0.062443668935146676,41.6,1
579,134854,22,0.030567503236313527,0.047960611595250634,40.0,1
562,346619,10,0.028329238873027466,0.027759127969639995,36.8,1
591,77875,26,0.1128926289891944,0.222283489363468,37.6,1
582,7415,23,0.024390243902439025,0.10302097269101956,42.400000000000006,1
567,10955,14,0.037361063544942244,0.06113653742175608,42.400000000000006,1
641,18527,7,0.09068248509134509,0.119349316029189,42.400000000000006,1
527,113719,23,0.13282905676371817,0.11581788126150257,37.6,1
606,169476,21,0.13569174178606297,0.0750716918358027,47.2,1
591,104950,4,0.0838336192109777,0.031018045716029,40.8,1
557,159416,14,0.1377762954428307,0.2020103306457594,38.400000000000006,1
563,77658,19,0.06739511218617066,0.09670477553779279,42.400000000000006,1
586,7264,2,0.021587628628209222,0.0644152832594983,45.6,1
535,28753,27,0.08007158087115444,0.13360576418031564,40.8,1
617,9989,13,0.035174302504707024,0.035862752270919666,40.0,1
635,86069,3,0.04800935425813625,0.053875787330382584,47.2,1
510,10207,27,0.04369871043376319,0.06663249259183736,40.0,1
520,11691,19,0.05000258583112307,0.021588088189701128,40.8,1
504,122232,15,0.06347657738685042,0.08682928252794565,36.0,1
568,359269,6,0.17204380642296876,0.03040156005514611,37.6,1
611,5820,8,0.03870781993932576,0.07242409889931034,39.2,1
634,9442,21,0.030103176208780093,0.08459428562265266,40.8,1
585,3448,8,0.036988110964332896,0.08182292933820182,43.2,1
591,9807,19,0.036513312778140614,0.05423298651561738,38.400000000000006,1
483,22273,26,0.09978293538153281,0.0629059187107069,39.2,1
617,1913,1,0.01740872941323815,0.054775497693509076,38.400000000000006,1
598,5431,19,0.027244522008919914,0.08787333928996947,43.2,1
671,56406,8,0.08142480681340784,0.0751583417443095,34.4,1
608,154519,23,0.06586492335839711,0.06443525981408363,33.6,1
529,3620,22,0.07367808769354348,0.05926916989730372,44.0,1
692,27559,28,0.019189246229524167,0.03147394274873155,36.8,1
508,77049,22,0.0735955684388897,0.045827074161366915,37.6,1
664,7555,19,0.03563401193668977,0.04298334269989129,36.8,1
580,128683,1,0.02799105048045863,0.02934198769514762,48.0,1
672,345431,9,0.07628348342815026,0.22514672718619394,35.2,1
611,108678,16,0.047715072850691584,0.05638768479818603,33.6,1
666,134794,22,0.04470102022850894,0.06311000524394257,38.400000000000006,1
590,141153,11,0.04998169862045463,0.1525896421826621,36.8,1
483,94149,10,0.036320481329175064,0.054176522520817685,39.2,1
472,25878,18,0.039243237818035834,0.06737432932444828,40.0,1
545,10958,8,0.09642008374514316,0.09528097873423531,44.0,1
623,3415,29,0.03457337675376946,0.03824046801987266,52.8,1
649,10622,7,0.028432384065447448,0.11209000512617616,44.8,1
528,1356045,22,0.043348629799590366,0.05104346209211033,33.6,1
629,166635,7,0.019465715009488425,0.05032506254064058,44.8,1
652,48677,24,0.06877171610902698,0.06215984556679053,38.400000000000006,1
634,39256,7,0.07571481163332924,0.0837606228566033,41.6,1
598,34392,12,0.03457971379411641,0.033944350170576,39.2,1
661,127905,19,0.11200393938715669,0.1728875659046501,32.800000000000004,1
664,7457,4,0.03295753157582436,0.012362772172405249,37.6,1
598,10877,2,0.09283114452951177,0.1416130707399346,44.8,1
621,83930,16,0.01352,0.05591603006550513,35.2,1
611,21205,13,0.02957537468216018,0.054729263359724244,39.2,1
611,9160,15,0.10790988376727946,0.022811149029363403,40.8,1
587,7102,4,0.056436402574804395,0.02934875385581473,55.2,1
651,69850,24,0.13157439944697275,0.0746596285434178,43.2,1
597,323320,26,0.03558390081807209,0.17317474594979532,38.400000000000006,1
627,28611,15,0.03227023966786186,0.0725146261013375,46.400000000000006,1
437,3658,25,0.02864773003156106,0.04311052360535682,43.2,1
552,51376,27,0.0167947380744588,0.023469387947097978,42.400000000000006,1
593,77998,18,0.1186210062130129,0.08167165958552154,44.8,1
628,41392,16,0.06214638527166592,0.1294004927785579,37.6,1
602,11946,16,0.03721520542056458,0.08083548363174614,43.2,1
594,177899,9,0.09053273090259537,0.14558084102090774,44.8,1
628,7933,3,0.057285567141224444,0.045080125364528385,44.8,1
630,49964,17,0.03352832222350122,0.051574803877434315,36.8,1
575,7161,22,0.05842042989548413,0.07086107045722846,42.400000000000006,1
583,68343,18,0.055890146952541554,0.041579579893092855,40.0,1
551,3834,28,0.11237708756048073,0.15163825347091878,40.0,1
579,12035,13,0.012845512934149702,0.0804349653444371,44.0,1
603,49027,16,0.09908196178976098,0.08639017981989189,44.0,1
624,3701,10,0.04630404122427299,0.0332640585409979,38.400000000000006,1
643,153986,29,0.030468638619406786,0.023559321416320108,40.8,1
586,349805,17,0.1728113749259445,0.29562594862686914,40.0,1
606,325159,17,0.17811533275164593,0.05679759685838007,35.2,1
587,82130,7,0.015819072383140835,0.04910748044054648,40.0,1
639,4179,29,0.042539419711737476,0.07792733813981517,41.6,1
611,42111,11,0.0913474786442546,0.1334039655683522,40.8,1
625,23203,28,0.030151421234392985,0.06045401220456847,36.0,1
601,103014,27,0.058995340126195624,0.06552281597085023,32.800000000000004,1
609,63445,11,0.09488752556237219,0.05218843903725378,36.0,1
601,81537,27,0.04470037600904525,0.09606202461711476,40.8,1
646,299186,3,0.050853229407090694,0.20062883315503882,38.400000000000006,1
604,8968,15,0.04499816945316573,0.05376806350783579,44.0,1
611,21822,18,0.09950134693643606,0.04605842421739269,36.8,1
586,121810,17,0.06296750137196382,0.06511412555222887,38.400000000000006,1
607,4176,15,0.0361370951045529,0.09204592948751812,40.8,1
642,3920,21,0.03435404084853267,0.05879201248558183,36.0,1
577,30415,24,0.04179918218991367,0.027350233038822308,43.2,1
629,100776,23,0.04228162582918367,0.10253819336503713,40.0,1
491,27329,29,0.013917118172499634,0.0807369273063213,38.400000000000006,1
647,7316,21,0.04887493211814984,0.044571083460482545,38.400000000000006,1
475,86086,10,0.04893539248834872,0.12460785113989355,40.0,1
580,14160,21,0.08227122530177355,0.21138369202764867,41.6,1
549,18983,20,0.07408432193131118,0.09878975105227901,44.0,1
626,1383127,19,0.13645925429102773,0.28624720566660355,34.4,1
608,34144,16,0.03956712884680419,0.13448893308272378,39.2,1
478,54043,19,0.049435959245936835,0.09953226119036951,36.8,1
573,59886,19,0.038971627350798996,0.05725666446037274,43.2,1
598,44638,10,0.030202706627170818,0.1443683689583554,45.6,1
488,345605,12,0.04741692942032501,0.13636043841017761,39.2,1
601,86045,11,0.04277756126636253,0.2007778272911053,34.4,1
582,317160,27,0.09887331856059424,0.2836351472443029,39.2,1
483,242167,17,0.04560533841754051,0.08693678924776828,36.0,1
573,288203,27,0.026872189150353634,0.1706781407801657,36.0,1
604,7300,23,0.0592633041299617,0.1009784956180303,36.8,1
510,53253,26,0.04899910367493278,0.08110451710758328,42.400000000000006,1
419,181273,16,0.026472210307004106,0.052985677860821805,43.2,1
597,82471,13,0.09135551836712298,0.043335019275213355,41.6,1
512,3845,14,0.030578961674368035,0.15498349884979645,43.2,1
616,64087,2,0.03299195209793838,0.04317137926483944,37.6,1
494,982011,4,0.14582010582010582,0.15262541711535374,43.2,1
543,185513,24,0.06895755570092739,0.15091687058417547,36.8,1
685,102697,24,0.09658272655082842,0.06387359389991522,32.0,1
626,3717,19,0.03423764184165906,0.058135995267588135,42.400000000000006,1
636,8029,20,0.05173153539687404,0.21189074123618584,41.6,1
607,1608,15,0.03808455219394911,0.09846769563362162,36.0,1
614,30438,24,0.043685316146629564,0.10243336733723152,41.6,1
603,97975,13,0.1378304057466749,0.0626507458409232,36.0,1
660,8993,15,0.048664767079716384,0.10791135239093075,39.2,1
495,118408,26,0.06633131228123863,0.1749724524202845,38.400000000000006,1
520,26852,25,0.02228854701730565,0.06361645937173145,50.400000000000006,1
600,45978,28,0.10987824626641876,0.15087292399169971,38.400000000000006,1
552,198689,18,0.08686130348838862,0.07056763887348014,42.400000000000006,1
635,66916,19,0.06582127603218223,0.08886174770060387,36.8,1
640,530786,20,0.06952970454980538,0.04218015280075522,33.6,1
613,89583,20,0.022081776383570912,0.055220640548149534,38.400000000000006,1
617,6072,11,0.08638147481624422,0.0985139026839053,37.6,1
564,167195,11,0.08728739742355476,0.15279604217766876,38.400000000000006,1
589,7368,26,0.018811155217314354,0.0729614382860797,41.6,1
607,15621,14,0.018038265641190293,0.051804789044362864,36.0,1
583,74945,13,0.02239864612627859,0.036124184449830815,38.400000000000006,1
547,135873,7,0.07339245131678625,0.12060410035118689,40.8,1
585,480119,28,0.06765523632993513,0.28154714851930757,38.400000000000006,1
660,62346,23,0.0466650954513316,0.07056945297518452,39.2,1
580,8919,14,0.0779771903456812,0.06193865981756292,41.6,1
607,5011,22,0.024786986831913247,0.10760957624239532,36.8,1
625,47054,28,0.05608852276982272,0.13498610859077212,36.8,1
599,25230,9,0.10264030589130711,0.10217106321208522,42.400000000000006,1
581,3189,15,0.04963097229037524,0.03671245299544641,48.8,1
574,331424,4,0.04976577569578396,0.11945317606085368,35.2,1
445,4917,23,0.08083946895472202,0.08356155781228927,39.2,1
534,50614,12,0.048474557703894396,0.16172648496094705,39.2,1
554,595368,5,0.02799634034766697,0.05859112605120687,36.0,1
620,208719,12,0.04131771963488334,0.04166117925461888,37.6,1
571,473378,16,0.11035989489533819,0.15039231172599637,36.0,1
582,36483,29,0.13672086157428584,0.07530956607441412,45.6,1
560,90310,6,0.058265283601853894,0.13602037217484222,47.2,1
640,7831,20,0.07178507462686567,0.09757440274595354,36.0,1
604,12654,20,0.04459231037535886,0.2577438273314321,40.0,1
652,225085,13,0.07707312431609496,0.09474499414546084,34.4,1
524,201724,16,0.15096634093376765,0.09349434267849477,38.400000000000006,1
566,71407,1,0.03194124778185779,0.03969323672451486,47.2,1
596,9406,20,0.07717994360926679,0.128164659160445,44.0,1
621,30506,13,0.024053741693152268,0.06630202179483372,36.8,1
622,75163,29,0.022499476408461238,0.09018839818563891,41.6,1
567,49701,9,0.1092593784183772,0.14724107706879996,41.6,1
636,420724,15,0.03731424596223315,0.1069187544224442,35.2,1
598,72667,25,0.1837845529901455,0.15496251831793945,39.2,1
642,9255,12,0.04180081707746002,0.04514890570888564,40.0,1
593,119339,19,0.11586389018787996,0.21737912772391,42.400000000000006,1
530,28436,13,0.008894172555753694,0.04304165537874527,41.6,1
540,14517,20,0.06546013317397986,0.2078156517571155,40.8,1
470,4891,21,0.13525677087519086,0.10214837049433075,40.8,1
595,64541,14,0.07670384342926805,0.07383530120599766,39.2,1
577,69366,19,0.03806410006449,0.08142079763206424,41.6,1
624,40156,23,0.03370523523445424,0.027459598179526975,40.0,1
652,130617,6,0.024283714733806642,0.07281214060094439,32.800000000000004,1
561,202753,18,0.02558257345491388,0.0845524924410995,36.0,1
612,30535,26,0.008310609011816647,0.06110650232971967,39.2,1
489,6295,18,0.05234159779614325,0.049703924254185065,44.8,1
563,18608,28,0.058214109521460285,0.074146008920776,40.8,1
562,433093,25,0.1444361736492465,0.041791788718764676,47.2,1
608,32114,3,0.010144096699281947,0.046126067880740036,44.8,1
512,434306,15,0.05289581973871702,0.035473781568203445,36.8,1
629,420384,20,0.04269207378876951,0.2391840938416729,39.2,1
606,465001,13,0.058600029226947244,0.09647200356801132,33.6,1
612,200511,19,0.09570099723455962,0.17354972870314483,36.0,1
440,10067,29,0.06838047598174458,0.14048269721365889,42.400000000000006,1
493,7797,26,0.03225562201862649,0.03410266544829462,38.400000000000006,1
578,66007,23,0.016171000254612523,0.039543196369862574,36.0,1
564,73286,9,0.013329682794226933,0.04892946424852622,52.0,1
594,3559,11,0.11824109024952202,0.0720141166544465,38.400000000000006,1
634,35280,20,0.05874276162617158,0.31850623727108385,40.8,1
613,32989,6,0.09635057221954932,0.034811389945918356,43.2,1
425,98531,21,0.07789538588017675,0.08471825701848132,38.400000000000006,1
615,184611,10,0.028262940616068592,0.03196758040359484,37.6,1
561,15014,27,0.02073739072884207,0.03561096086621627,45.6,1
600,55901,20,0.049953436394114356,0.03837707502581411,35.2,1
591,58169,12,0.03426400168875754,0.03131209192043202,42.400000000000006,1
606,146065,24,0.07022162448313851,0.26086611880643384,36.0,1
537,13684,8,0.05320227307633236,0.035744966227223576,39.2,1
522,63666,18,0.035566634241245135,0.12337698530024581,47.2,1
434,263740,17,0.04999606949139219,0.07841107154552256,40.0,1
601,99032,5,0.029442728498716667,0.08684951094852852,39.2,1
601,193348,22,0.028120224146714213,0.07275450719805865,40.8,1
564,237763,28,0.059119919381928114,0.043653052401697416,35.2,1
565,432438,18,0.07832927305525078,0.09038528533106963,34.4,1
628,31100,7,0.011602376875818311,0.10024327034325843,38.400000000000006,1
610,98268,6,0.018538226509663906,0.04855526999204885,48.0,1
674,667196,8,0.055237218456849896,0.047879085132230534,28.8,1
607,6475,16,0.04376116565322144,0.06186773725607581,37.6,1
627,21128,9,0.04945415782310335,0.09413970889003212,36.8,1
645,93747,24,0.07854198307658929,0.09422112539136103,36.8,1
581,156013,16,0.04773371862792315,0.04358017114658984,36.0,1
638,93372,17,0.035669790368885755,0.05980685918849579,33.6,1
515,65548,5,0.045940923944383934,0.05601729824588948,42.400000000000006,1
528,385539,2,0.09323676041764652,0.048556268585765575,39.2,1
553,9255,25,0.04886666054877489,0.0795768693133351,40.8,1
632,146349,4,0.038896567835380695,0.0532847575844849,37.6,1
660,9144,13,0.035437040831025814,0.03528541293402255,38.400000000000006,1
482,17807,10,0.058979344980171794,0.02983197506003138,44.8,1
570,125587,29,0.0560032782406775,0.23110860480922235,41.6,1
588,101172,17,0.021211975124138263,0.017118440800217873,39.2,1
502,8307,5,0.1401611361463881,0.05117205191328254,44.0,1
581,100806,26,0.027393697715747043,0.12339453615416063,39.2,1
606,198092,11,0.07210177387564952,0.08273777306571405,33.6,1
510,16024,19,0.043284470299615005,0.03611347294188875,39.2,1
621,157655,26,0.0303756345177665,0.15362052840655094,33.6,1
563,1893,27,0.11486210186741787,0.09138389925279293,39.2,1
558,48052,26,0.0791823856231566,0.12360365997953615,40.8,1
502,107553,28,0.01851729601267494,0.05991823749366534,41.6,1
581,2001,26,0.06462914063112761,0.06204338852623743,42.400000000000006,1
622,3666,24,0.09681092474299234,0.02341437338771393,40.0,1
589,46075,14,0.021280482642772172,0.020817714736343907,38.400000000000006,1
612,95853,16,0.04905552046850778,0.06444337899187567,40.8,1
498,31101,23,0.06057072414999417,0.19987979488936536,44.8,1
618,76533,7,0.06940221309676813,0.10873430061864187,40.8,1
621,10314,7,0.052553803165050116,0.0871631537477886,38.400000000000006,1
619,12931,4,0.029925943400200515,0.0736797061782715,40.8,1
479,33185,11,0.11832131632464411,0.09084767566049791,42.400000000000006,1
555,47782,1,0.013364109774838392,0.05814428229227972,42.400000000000006,1
514,351899,3,0.02354870833577412,0.06049671389381542,38.400000000000006,1
528,126324,8,0.06391081185495888,0.03287865864899413,36.8,1
604,26626,13,0.07766990291262135,0.06121974546840733,38.400000000000006,1
587,70441,16,0.0757941887192786,0.055788365501487316,41.6,1
647,61787,18,0.09961992398479697,0.07876900588860627,41.6,1
667,137722,23,0.07892440048210798,0.06662605480761313,35.2,1
606,73756,28,0.05820679681851049,0.09527100961153402,38.400000000000006,1
593,146774,21,0.07913087917703886,0.06328319522752666,43.2,1
541,69696,13,0.10245435698522036,0.11519889586121441,39.2,1
588,10120,25,0.058680947012401355,0.06245436921234547,42.400000000000006,1
630,81530,10,0.024893877983656453,0.0728482987832178,39.2,1
628,95185,24,0.07452766783660668,0.11465547004646676,35.2,1
608,66069,19,0.09923237484744449,0.03843940652089818,43.2,1
474,334644,22,0.22849269286583312,0.23216956944091743,41.6,1
582,92894,2,0.03331980810081867,0.028432273678669625,44.8,1
495,168511,20,0.08447364204454415,0.04550456483405139,40.8,1
555,3775,1,0.04116848044926688,0.18500193505938253,45.6,1
521,806304,3,0.07884778973922736,0.290080533880786,40.8,1
506,50223,8,0.03748815332233493,0.07489560822459965,44.0,1
598,515375,28,0.0124812877889457,0.07760500401600176,34.4,1
633,4131,8,0.014752853544180216,0.1396696720379173,41.6,1
574,5889,17,0.029463601998273997,0.035483469213231665,45.6,1
654,10613,27,0.05912576080942218,0.12721161285894522,35.2,1
611,43271,8,0.013189933997738568,0.06561504048160453,36.8,1
602,17790,20,0.046682038731946075,0.2298231057228338,40.8,1
487,52096,6,0.035974090682610864,0.040254659477692106,39.2,1
564,64290,24,0.04940711462450593,0.05059039563718209,42.400000000000006,1
598,64472,21,0.12669935368843327,0.14214223866452327,45.6,1
548,138097,26,0.027516802645293464,0.03536654036055455,38.400000000000006,1
606,67668,8,0.03432132300071902,0.03842632076785509,40.0,1
583,234266,27,0.04471026571232474,0.10017798396835952,35.2,1
626,463279,10,0.13730961218482018,0.12353936369072058,39.2,1
521,19675,20,0.04530392742680211,0.117555364057815,40.8,1
641,234016,9,0.08746811058468267,0.19785780904155356,37.6,1
574,36926,23,0.025152017689331122,0.04035380357816664,41.6,1
543,20030,2,0.01884254923636978,0.0780491618071431,45.6,1
578,5011,19,0.06284722984694438,0.09589820934669817,41.6,1
527,125354,22,0.10115550480082944,0.08427248745703571,36.8,1
685,9288,18,0.06069306712017139,0.06307784580840242,39.2,1
667,531755,26,0.04660105461536997,0.09213406989216008,32.800000000000004,1
524,7026,12,0.03380854739493356,0.04241918666647932,42.400000000000006,1
492,822967,13,0.06272543157488668,0.1585312002787257,43.2,1
594,1562,9,0.02834294216105635,0.017404155003686753,43.2,1
617,3713,17,0.05807474055518634,0.11016662243549884,40.0,1
576,1929,7,0.022034956024369546,0.04248787292506879,48.8,1
543,47055,23,0.08618792726193861,0.07560444823111724,49.6,1
550,213900,26,0.11202339444381959,0.14546326292502043,40.0,1
548,7182,3,0.10207154040708179,0.09604114409514612,44.0,1
632,45046,15,0.10533159947984395,0.029396115043146567,41.6,1
597,27673,8,0.03885327948020019,0.2400532634629827,43.2,1
630,112729,23,0.04154310856102506,0.10340627836582304,34.4,1
552,71116,22,0.025886569906452366,0.04968873261927583,36.0,1
596,52012,11,0.0860973677523505,0.09345579243361013,41.6,1
561,2408,20,0.05356216700457353,0.08013563525018856,41.6,1
616,126534,5,0.05102794644948557,0.14031439388818207,36.8,1
552,2948,27,0.02718944833329582,0.119098286232226,39.2,1
662,27145,24,0.01884292065270117,0.020900138133396973,33.6,1
512,196380,25,0.020993315286448263,0.08465050952837681,44.0,1
607,10402,1,0.06210393729564633,0.026810318920525288,46.400000000000006,1
603,77003,26,0.08433973470599881,0.1905978800390633,35.2,1
527,85356,19,0.09972732506979826,0.15377232137396862,38.400000000000006,1
573,96972,15,0.0662571051271746,0.11857229891355107,43.2,1
623,88680,26,0.23974923218187,0.09328135910394292,39.2,1
501,83779,12,0.0616038831148848,0.03375003468781651,39.2,1
610,32705,16,0.06594272210656614,0.08074676359387126,40.8,1
507,389795,19,0.10128230815467842,0.21738496515090786,39.2,1
634,10631,16,0.04970377779487574,0.042339774297650734,38.400000000000006,1
633,2190,13,0.024395532906863276,0.15249948393349091,42.400000000000006,1
631,7892,5,0.06804174541868682,0.07121920163128127,40.8,1
583,92116,2,0.02214900678178058,0.0643897634459501,46.400000000000006,1
649,25370,25,0.07574175534099042,0.06792220894444523,41.6,1
517,3398,24,0.06306902830657175,0.1903932108703052,45.6,1
576,16731,18,0.11010427576157734,0.07788107935862053,40.0,1
577,24513,28,0.031313424180922006,0.03627210683518296,40.0,1
564,61560,24,0.0709849157054126,0.09975243666910914,40.0,1
552,126227,16,0.022709372538724074,0.13662370353275194,36.0,1
576,5425,6,0.05037007267490539,0.056988546080951476,42.400000000000006,1
596,409228,28,0.052729574737469274,0.32098832098368313,34.4,1
559,128995,28,0.11107626514611546,0.1431728657498829,41.6,1
625,2890,27,0.022169167803547066,0.09826807363182097,39.2,1
586,12449,5,0.0696008543817454,0.03928173570172097,46.400000000000006,1
642,16862,1,0.03552141172891154,0.05267719389166918,41.6,1
493,25237,20,0.01034741443981685,0.08612068832515948,44.8,1
625,46421,14,0.04114848428600736,0.0722819241484711,42.400000000000006,1
648,5248,17,0.06956778612706091,0.06362721872098255,44.0,1
603,1294,16,0.11521895190236899,0.08155950754358904,40.8,1
573,5523,25,0.08846169510854071,0.08478645226518655,48.0,1
531,7903,11,0.01910721642597067,0.06940504693547378,39.2,1
596,59849,25,0.06810199690040028,0.09137478859994203,40.0,1
616,116729,15,0.037011651816312545,0.16400145408670255,39.2,1
587,124001,28,0.03560333694020734,0.18589663979555066,39.2,1
615,118392,28,0.05709738049680817,0.04105170653547766,33.6,1
614,57404,25,0.09821577455394363,0.10923904067112312,39.2,1
514,495968,16,0.08407228355006334,0.05945537697476908,42.400000000000006,1
516,41851,6,0.22469984517561367,0.04480418767808477,43.2,1
645,239455,19,0.01943198804185351,0.11980545254516266,32.800000000000004,1
612,100643,26,0.06939801804466794,0.1712723100623116,37.6,1
574,262304,25,0.034615548576868965,0.21676841789126225,44.0,1
643,24866,23,0.043969102792632206,0.15541548888251436,36.8,1
589,5138,24,0.0905528386825145,0.10692011797362214,44.0,1
551,54888,21,0.040502183406113536,0.08967898334052045,40.0,1
420,22722,25,0.05389733102073571,0.12069204127228439,47.2,1
579,72847,26,0.09189573766250567,0.046708471746981166,41.6,1
674,114551,29,0.06621207629212372,0.12593747793333698,35.2,1
612,64192,1,0.04094362515573723,0.09886770861132993,37.6,1
510,50604,27,0.08517955690634248,0.14693266563946064,38.400000000000006,1
536,40808,12,0.06385094815011272,0.1375865867540213,40.8,1
413,16664,20,0.032788366001264564,0.09611537080482323,40.0,1
624,256001,16,0.04151596162918698,0.08368189494697235,33.6,1
596,4346,21,0.023165609080346768,0.06342400283123534,44.0,1
544,76184,28,0.04193892937924102,0.058774059469596594,39.2,1
551,7030,8,0.038878798291689165,0.06521660038357353,39.2,1
542,98999,5,0.03054132094637008,0.03943840722416495,42.400000000000006,1
665,91783,6,0.05823519922568156,0.08364626579960915,38.400000000000006,1
576,119165,4,0.011397202504839724,0.15276249027472139,52.0,1
603,20463,12,0.036142211746218816,0.08715064362066924,40.0,1
651,36371,9,0.0941165646993882,0.17048495011783346,42.400000000000006,1
663,13714,9,0.026292241948837173,0.07909753575556348,37.6,1
644,1935,26,0.04353040985285083,0.08889741947477717,39.2,1
608,95746,4,0.1034044005834342,0.06038988214368792,36.8,1
656,100325,26,0.08911066942952595,0.060141454474883095,32.0,1
648,2796,19,0.1562155348983772,0.06894737172358839,44.8,1
578,27341,6,0.05968106555874626,0.0675723275518631,43.2,1
693,25529,22,0.04653108705190869,0.07779336249407762,35.2,1
630,43979,23,0.05229520262933516,0.07111756333157465,38.400000000000006,1
624,66974,19,0.054837589339572626,0.11588287138605392,38.400000000000006,1
651,30133,24,0.056511722455617294,0.037008449273150786,33.6,1
486,503702,21,0.05212122686846812,0.10324367339379863,35.2,1
595,80232,25,0.00772,0.0536713611129206,41.6,1
599,663182,12,0.049726696657475936,0.13340513878094992,33.6,1
576,125248,12,0.02198412514752505,0.038969541228274965,35.2,1
557,5334,10,0.017701566046710457,0.022065316591692696,37.6,1
519,116022,20,0.02520324637842424,0.058584628458810094,35.2,1
549,62869,6,0.06884519068927296,0.08623802591060489,44.0,1
604,61518,1,0.030880918842778198,0.05541389446177461,38.400000000000006,1
624,24084,27,0.05494808619567256,0.05718826950677659,36.8,1
590,6246,29,0.018803695898849084,0.04937826225998397,43.2,1
649,4656,29,0.14219526577373431,0.1103086546963094,40.8,1
605,50645,16,0.04415647647047809,0.04752092015502245,40.8,1
570,175670,29,0.054954156151650085,0.09609276898740884,39.2,1
626,3961,17,0.0166,0.02512566781770986,45.6,1
643,31302,23,0.01803341121735819,0.06495801046953843,38.400000000000006,1
633,38355,27,0.0754128906580842,0.0741327425298673,36.8,1
600,9479,25,0.03625608023015332,0.023491205584882817,37.6,1
636,60565,29,0.05805243445692884,0.09299813169994349,34.4,1
534,188885,12,0.0885950605778192,0.08433564084078497,41.6,1
581,314168,15,0.0715100444609977,0.1686818931707095,36.8,1
628,70429,15,0.02563762307916877,0.09424278701309037,35.2,1
480,47701,15,0.07045924328210659,0.1455112528602317,39.2,1
573,157178,23,0.10183363008777684,0.048960574806182,37.6,1
557,69023,29,0.10060081039541707,0.15274905445623066,37.6,1
473,8709,27,0.012775854726520272,0.08540421741310372,37.6,1
595,2081,9,0.07308470112401824,0.059083766320010694,40.0,1
448,3455,24,0.025376299654235764,0.08511432887746166,37.6,1
607,108795,23,0.028882124994971774,0.030068895047915517,37.6,1
648,16437,16,0.06120412462579,0.055750391801872315,52.8,1
554,20003,16,0.02810871586412679,0.0465886862113536,37.6,1
500,3067,9,0.12359442204949178,0.09594798232336695,42.400000000000006,1
570,3023,22,0.037867429129328084,0.1388097103812871,39.2,1
679,50822,17,0.09310698936318572,0.20959878604108048,39.2,1
650,23041,24,0.05981901349609845,0.08048348597464193,34.4,1
628,658296,27,0.41099142668718397,0.16988897372827172,35.2,1
523,1539,17,0.07776151430317328,0.1128081642325005,43.2,1
625,164669,5,0.03755404964205799,0.07803335315518603,40.0,1
534,9297,9,0.030541862599464474,0.06682930200257661,39.2,1
564,13905,17,0.07540566337893731,0.183738837072811,50.400000000000006,1
601,59821,6,0.028830262594111523,0.07016893430517983,39.2,1
619,35424,28,0.01881114975044595,0.08275971408868765,36.8,1
568,48730,25,0.014174589455488332,0.13130851725784778,44.0,1
562,280156,19,0.07577155019510465,0.03775911690204145,41.6,1
555,115304,26,0.05973244840817173,0.08597196522279378,38.400000000000006,1
535,84898,24,0.02542681230246777,0.032763423400762916,40.8,1
689,72623,29,0.01413370156770368,0.20872646680614107,34.4,1
644,15773,27,0.034772967797208086,0.05038631775083253,39.2,1
621,164382,10,0.04254237034599333,0.10131047127154738,33.6,1
545,139301,26,0.012261197247792422,0.06355246015765988,43.2,1
659,73167,2,0.05896234366045242,0.13905479751886846,38.400000000000006,1
643,57284,19,0.03957754847158395,0.18283020838411723,40.0,1
585,4001,3,0.015396894353461777,0.0785738366609987,43.2,1
638,140772,1,0.026623572269851268,0.16619526085463968,40.0,1
620,26851,6,0.039125754668413906,0.075441014255002,42.400000000000006,1
630,62404,5,0.058880806460851136,0.08421454743908101,36.8,1
564,104475,27,0.05354495508851487,0.07851470050688568,40.0,1
589,289765,18,0.1654225860823501,0.12194409157166987,33.6,1
659,10173,22,0.08023126528796976,0.1390367945552792,34.4,1
619,38673,22,0.019626626790345568,0.031032765706299908,38.400000000000006,1
665,521117,27,0.023606908468471396,0.043859677283214916,29.6,1
610,53237,26,0.029911497815452406,0.05351613516259302,43.2,1
599,23000,12,0.031299669886294165,0.061891813341357085,45.6,1
640,21856,29,0.10221799706617476,0.028603786383941412,42.400000000000006,1
624,150560,28,0.033363164488992306,0.1402329896809278,34.4,1
629,10101,22,0.09333218618256904,0.16142990213778086,38.400000000000006,1
581,3363,22,0.03758136247165199,0.07105429215808642,43.2,1
631,40975,24,0.09387790865053636,0.10827570781891391,41.6,1
591,44091,6,0.058545479100546964,0.047391139729463905,41.6,1
507,107631,16,0.010624429670186416,0.08363191224100408,35.2,1
589,322811,28,0.07224441568671582,0.1920818899083044,40.8,1
660,747585,1,0.05523577173788739,0.04175351234800653,33.6,1
523,106383,6,0.040422423070529255,0.04830580916126153,40.0,1
600,3482,24,0.11153124091065338,0.06296745354256178,36.8,1
607,96820,3,0.04948209104057926,0.033261491854888726,41.6,1
644,27369,27,0.03158310303987367,0.16051963304992714,39.2,1
534,658306,10,0.03724419511709349,0.1411388699205555,34.4,1
572,17419,15,0.02504388207814465,0.16985149850410428,44.8,1
561,21946,20,0.09011630994742152,0.07379955577596548,41.6,1
569,39698,16,0.036894822426586135,0.0424641967513903,41.6,1
644,20056,28,0.027007694052375384,0.11375942643805118,43.2,1
612,259678,11,0.02728143847584691,0.0777878135284655,32.0,1
609,158187,9,0.061527916908314446,0.12015453168191625,35.2,1
558,88638,3,0.05462155563306593,0.05614480505254463,44.0,1
623,2997,19,0.20302533260433753,0.07401269718547374,36.8,1
512,3458,24,0.05895163332489237,0.0835376092899781,39.2,1
631,1395,12,0.02876,0.03478878351265954,37.6,1
581,50247,22,0.03422267252054486,0.05581228470377335,51.2,1
620,155027,7,0.06252514685764868,0.10046123640400467,38.400000000000006,1
641,130601,13,0.13294460641399417,0.07375111430082378,36.8,1
638,8309,4,0.07404383376296175,0.10408181951491634,41.6,1
620,15573,14,0.026118387811419022,0.15500566757648612,40.0,1
645,5322,9,0.030645858982464316,0.04613422983510601,44.0,1
554,161672,14,0.061868887035518086,0.05659083311947246,34.4,1
498,33486,25,0.05829119910321232,0.12064300530888987,44.8,1
584,72405,22,0.06459948320413436,0.0397686846564732,44.0,1
503,612330,21,0.07792006208769887,0.1757631747913839,37.6,1
446,118017,28,0.08441623184552494,0.05159918157582232,42.400000000000006,1
530,152110,21,0.07032686790417106,0.05779794129532785,35.2,1
609,54873,20,0.029060967488042624,0.11194217305759577,36.0,1
595,1591,17,0.07694467846110643,0.10520172713333427,43.2,1
591,258251,13,0.029830806564806748,0.06279726485171222,36.0,1
623,645827,6,0.09785123966942148,0.12607820303707862,35.2,1
578,5611,6,0.04137854936001177,0.04473659139518041,40.8,1
572,338222,13,0.10676775237221431,0.12705677551583305,35.2,1
565,39687,25,0.10849873451445317,0.12475775605243127,44.8,1
613,81266,26,0.026882465831393525,0.14867587745636276,34.4,1
604,226012,9,0.08734949277881364,0.0527952130502714,36.0,1
547,228076,26,0.10256410256410256,0.12401862540283062,40.0,1
422,2730,29,0.04648981506025325,0.13197295618810495,42.400000000000006,1
621,145164,22,0.026909144673615732,0.022167712719289866,34.4,1
534,5114,21,0.054091539528432736,0.07846736421871187,42.400000000000006,1
570,24873,15,0.02755105720570735,0.06435282728027016,41.6,1
613,255098,6,0.0910419655057547,0.06985287399224863,34.4,1
608,171227,20,0.18194990685158352,0.16387521292599014,36.8,1
616,330983,20,0.02219449148765487,0.04023543667888245,37.6,1
627,141543,17,0.08650629281503903,0.07354344811348199,36.8,1
623,7184,17,0.04127245608957949,0.01526616878596527,39.2,1
614,13320,26,0.021644095258475743,0.08431005613955886,39.2,1
669,3840,27,0.05691900476442562,0.2307716306901921,40.8,1
548,366367,14,0.05257118376964152,0.018936524142556744,40.0,1
595,259755,9,0.0682281482714149,0.3924008573868828,38.400000000000006,1
593,6114,12,0.049287862863769794,0.1074784416354313,42.400000000000006,1
592,59482,27,0.0642815018675054,0.08123664688516467,44.0,1
552,9945,26,0.03396843809243501,0.23876650572779182,43.2,1
612,9919,26,0.03517085530370472,0.16261866320250695,38.400000000000006,1
646,62192,17,0.07322042269462681,0.20327230260104434,41.6,1
543,26556,23,0.05999038615606474,0.1367516104573148,43.2,1
565,4623,15,0.04002561639449247,0.17554072931489664,40.8,1
575,9170,28,0.016219588271990017,0.03468925585325815,40.8,1
600,66732,2,0.04093846422541771,0.0702897206707177,42.400000000000006,1
597,8863,15,0.03744391384559321,0.06208906887248497,43.2,1
607,35187,5,0.020388771681187894,0.04860434143674928,39.2,1
625,17213,21,0.024257899776571976,0.03891303100815197,41.6,1
435,60753,4,0.009479686972836418,0.037414006827534305,40.0,1
638,7909,23,0.009155857668030797,0.05904010913138866,39.2,1
628,389339,12,0.06790069304324942,0.08928144236159619,31.200000000000003,1
621,295933,2,0.14342259241412544,0.11389854464602184,41.6,1
590,106967,27,0.026451826853676138,0.1326033110446095,40.0,1
521,2670,28,0.07635675971407843,0.04283113082753407,40.8,1
539,72854,24,0.03645067947338919,0.14493683019416329,36.8,1
623,171243,15,0.04970598286569486,0.1686925717707505,36.8,1
643,49609,19,0.029276226619680133,0.05296110161569719,41.6,1
609,506359,29,0.07671684883481131,0.09579070747902184,32.800000000000004,1
580,9991,12,0.05803320899217641,0.08086869626430675,44.0,1
594,44654,21,0.029390018484288356,0.08864552861198594,48.0,1
664,57437,8,0.045524624525785165,0.057872185843640275,34.4,1
549,29093,12,0.04962680245941664,0.09803464033017369,38.400000000000006,1
630,39970,26,0.08807366338568254,0.10646742458794002,40.0,1
613,255808,10,0.0758943933550875,0.0539613869042296,33.6,1
624,10883,22,0.04894935726857915,0.10124541083498803,36.8,1
696,109066,8,0.032696292885102465,0.03268360996491406,39.2,1
602,9873,3,0.0807310731325575,0.08809961094561497,44.8,1
554,3289,25,0.040379804245731586,0.23981877698976053,44.8,1
549,17949,24,0.057370436732025035,0.03900609552137678,39.2,1
606,4163,2,0.04035228182546037,0.12958416235177242,41.6,1
603,52026,15,0.11144512553530944,0.04324718062344431,37.6,1
557,25397,17,0.10587820588141042,0.034984947922087464,43.2,1
533,81137,2,0.052959898154042014,0.2827351268855344,48.8,1
633,9591,13,0.023907275520178746,0.06374348343279629,36.8,1
585,1553,8,0.029690748093561124,0.08556968092759404,40.8,1
556,56430,6,0.014373795973791558,0.03821251396703202,37.6,1
650,5216,18,0.02894551891089882,0.07376342658008354,36.8,1
626,8398,27,0.08241777365276408,0.05814904862057679,38.400000000000006,1
569,252967,24,0.060182107240930774,0.15804816738966398,39.2,1
600,463496,27,0.08579535435469132,0.534574871551175,38.400000000000006,1
489,39328,14,0.04557451839820378,0.09358051390200875,39.2,1
582,97264,21,0.02919836418803043,0.14837709535827104,42.400000000000006,1
578,48843,16,0.10384058470661243,0.06272118507996316,40.8,1
549,93901,23,0.056122992941979234,0.28788562338828794,36.0,1
577,104047,29,0.01620120744847965,0.08710535506504159,40.8,1
588,9187,15,0.10443292006982582,0.17771182972860733,44.0,1
545,347100,29,0.06449662930207498,0.08994239997082781,41.6,1
618,61814,18,0.03601371340688447,0.06965373214987436,37.6,1
557,101060,5,0.030834951814621227,0.015989533890326275,48.0,1
609,583449,7,0.09042303723853297,0.15854608471489873,33.6,1
596,1623,24,0.035582035209665075,0.24161081902582318,48.0,1
618,7526,17,0.05047620676093908,0.05855200965370827,36.8,1
593,285284,11,0.12073985271450591,0.3383735860691742,41.6,1
486,54832,11,0.08135790212838083,0.08817712630709311,42.400000000000006,1
577,661355,28,0.13716851792001905,0.11675498666726725,39.2,1
566,83827,24,0.08959665420034583,0.0886223595472337,40.8,1
569,7829,12,0.06303097498440856,0.12472314016027969,42.400000000000006,1
563,10599,19,0.18240230160632942,0.079423954975408,45.6,1
646,20191,12,0.023685098636777355,0.039188571027845925,47.2,1
609,177322,22,0.05001572821642026,0.282814521820912,37.6,1
562,271027,9,0.06290988831658932,0.03985825465814244,38.400000000000006,1
619,50992,4,0.09083643294088715,0.02780698700324371,36.8,1
626,8809,13,0.044067692872662725,0.05296010174247095,37.6,1
631,157354,24,0.01301246738184981,0.04212780708818564,36.0,1
609,21354,21,0.042994531397322275,0.10906756150105812,42.400000000000006,1
604,349766,12,0.08452942111116996,0.1705440561586328,36.8,1
632,19365,4,0.11684941826399933,0.10989127007369062,44.8,1
610,74826,4,0.027975161193214835,0.04776054714314165,36.8,1
605,16319,25,0.01744,0.008544411335584272,38.400000000000006,1
612,73108,12,0.12104923672328531,0.02877110340867451,36.8,1
629,224200,17,0.042358527898694105,0.05027720610458495,37.6,1
540,136836,12,0.0463495910330203,0.03688298036432684,35.2,1
601,71987,8,0.11963445029077818,0.11050155622996342,36.8,1
569,17625,28,0.010036768899051177,0.05348659371367747,37.6,1
585,1512,11,0.027371026880590392,0.028884476834463026,42.400000000000006,1
598,180162,12,0.09107999367500044,0.09624925449429263,37.6,1
582,109289,9,0.06495770982433312,0.08146201007051336,37.6,1
581,96831,18,0.09131231888343486,0.08793827184292624,40.8,1
623,67980,23,0.030839334391146913,0.024627573627563695,38.400000000000006,1
581,6374,28,0.04595883137130849,0.03704057507936034,43.2,1
611,111392,26,0.05871222021264362,0.09846130247636418,34.4,1
624,4368,25,0.0779411437595925,0.16811579108507785,39.2,1
545,153646,20,0.06047544516647137,0.025500790945554064,36.0,1
500,298153,12,0.103971119133574,0.07799774769568,40.8,1
631,364754,14,0.0501921893533341,0.1740478366185177,35.2,1
650,10441,6,0.03303125757208626,0.03675393470474604,42.400000000000006,1
589,22577,18,0.06848236775818639,0.08249315310702846,40.0,1
592,279316,22,0.04643124979621116,0.3160762881005458,40.0,1
582,4209,11,0.035788630904723784,0.25662706078416814,44.8,1
545,33253,4,0.08196312016264223,0.108522215359761,46.400000000000006,1
638,6458,23,0.037919450129358614,0.11383954972360306,37.6,1
537,191133,4,0.0234365208672766,0.06551216933103371,37.6,1
562,874351,11,0.10870627216924025,0.048687411034043955,34.4,1
450,11007,25,0.0680926916221034,0.03692065808363146,41.6,1
520,1556,23,0.1250898634076204,0.20353124414560464,40.8,1
557,232119,21,0.16641066135906368,0.14417266511938565,36.8,1
575,8356,13,0.15837816332531873,0.08317679957991149,42.400000000000006,1
578,31019,20,0.04951778656126483,0.0677677089229737,40.8,1
525,8282,25,0.04927495060883489,0.05054735360229595,41.6,1
527,17450,23,0.03960148270954221,0.027564654464488997,41.6,1
654,12589,29,0.13481259705919385,0.06558150080735742,41.6,1
522,127726,16,0.06734028897738868,0.06945720847453213,41.6,1
556,38214,12,0.12490871959898509,0.11074476586665191,38.400000000000006,1
606,5394,4,0.0758814611327796,0.09668545112964635,45.6,1
559,198943,3,0.021145683243116945,0.020638398753251425,40.0,1
488,124533,17,0.034773919560329755,0.1420352184570932,44.8,1
623,55445,26,0.04140267235430651,0.07998833193356154,39.2,1
654,29582,28,0.09299403078856425,0.23424861457160806,39.2,1
640,52602,24,0.10360374764173567,0.08969532052482747,37.6,1
587,28340,11,0.13403041825095055,0.15847452054787084,42.400000000000006,1
608,488245,19,0.02694853882447606,0.042271905928818646,33.6,1
517,97573,16,0.014278670421065932,0.05425943444801853,36.8,1
636,55724,21,0.057710693281571405,0.08360962553676761,36.0,1
604,7304,19,0.01048024533301575,0.0799558548569846,41.6,1
649,37241,19,0.052318439118390944,0.05863845387385144,37.6,1
606,2900,9,0.04959184926041858,0.18255711064598112,41.6,1
627,86168,14,0.02755242614419103,0.07471190053352339,40.0,1
614,58931,11,0.07383470660481976,0.20178244404555265,35.2,1
535,185924,3,0.02670451943770319,0.06423241929758419,42.400000000000006,1
537,10435,3,0.029887920298879204,0.052566892300468446,40.0,1
579,46043,25,0.020381802833518096,0.051942906029831946,42.400000000000006,1
590,109746,21,0.0343476950888822,0.09427696129526102,40.0,1
626,27071,19,0.04926252032976278,0.02594876838000309,44.0,1
642,108247,6,0.031001560062402497,0.03093441412694583,36.8,1
596,49939,26,0.05286281179138322,0.09649473888367131,40.0,1
570,8573,11,0.050902058033092265,0.020217359817854608,43.2,1
531,109269,12,0.016450765803526356,0.08174048172056113,39.2,1
606,6069,16,0.10478036423650425,0.04082711786586838,36.8,1
489,67109,19,0.1622517519118374,0.09007637568713905,40.0,1
609,172723,19,0.03049902718620182,0.06955529214526275,36.8,1
488,41113,10,0.058707344495426785,0.1331142968868534,40.0,1
581,637670,16,0.10120988729671451,0.25787753598937146,35.2,1
609,6291,13,0.014342021614748887,0.05471226347086559,40.0,1
552,95014,26,0.008679287058563046,0.05203663561129696,47.2,1
668,35212,22,0.039642164848065674,0.2542510854915452,37.6,1
436,8474,21,0.1035614939121711,0.2299071172924456,39.2,1
537,25800,18,0.07306721406973841,0.09612553009536867,39.2,1
594,56057,26,0.13452259102207925,0.32965086379055203,46.400000000000006,1
601,39068,27,0.06359154929577465,0.04237928240284918,36.8,1
584,109315,27,0.03531195597237042,0.09921327313627097,35.2,1
633,210465,10,0.03293546945809664,0.052641840170137025,40.8,1
608,54565,15,0.0565350816013391,0.0416830698403402,36.0,1
605,673461,28,0.11451072207736923,0.18829202410406393,32.0,1
544,10370,24,0.035755318477368854,0.036128529197679574,46.400000000000006,1
544,41888,18,0.042302439024390244,0.028672806940156725,42.400000000000006,1
597,45335,7,0.1098841906813897,0.08852345976237731,44.0,1
598,335330,20,0.06080073111400809,0.13366466278924174,36.0,1
547,351697,5,0.15350175887432044,0.1820156757699334,39.2,1
549,451785,2,0.2507193303688203,0.06358700390770548,44.8,1
487,97609,5,0.056279907628578,0.044897084325284956,43.2,1
486,7546,20,0.05338532435306628,0.09390880831524849,40.8,1
589,2280,26,0.10435586841192565,0.11035301538840726,40.0,1
619,29720,28,0.11139140717382737,0.1507483807804063,39.2,1
595,212767,28,0.07100445578686315,0.12321342074375104,40.8,1
589,7376,16,0.030457696106029702,0.05051083665258865,43.2,1
636,6350,25,0.029391089438594677,0.05432160844425976,42.400000000000006,1
600,148845,23,0.15395476390887616,0.13385746153241224,35.2,1
529,390536,2,0.08421960333429146,0.14648216543299514,40.0,1
583,35622,28,0.06787773305776135,0.06218234330970962,40.0,1
553,1707,9,0.044681063898367256,0.08944015634267305,41.6,1
566,191667,18,0.06571270250008149,0.18621458100064037,39.2,1
592,11914,26,0.043559155083725515,0.07300276424359972,43.2,1
542,2492,11,0.0674287724234963,0.030675613803334136,43.2,1
582,9421,26,0.03185944037475153,0.046362367336810185,49.6,1
648,21911,28,0.034829637641968635,0.16552096443842987,48.0,1
556,18587,2,0.06319835981547925,0.1881453160567301,44.8,1
593,10626,28,0.05798869314316545,0.10807476215999715,42.400000000000006,1
620,280673,5,0.0554719186695241,0.09942995907457665,38.400000000000006,1
601,110407,28,0.046990890537109864,0.09113460480181268,39.2,1
620,61649,7,0.030096569701996565,0.06073883613818674,38.400000000000006,1
513,27788,20,0.0295764877074838,0.048147370335449906,40.8,1
618,213955,8,0.07662164415541103,0.051570825560073044,36.8,1
523,49584,15,0.09243785251723417,0.10761368529322657,45.6,1
622,6599,24,0.048597199813754044,0.16520738137289967,36.8,1
652,11129,10,0.07233178274258009,0.07353077416529244,36.8,1
638,1064,6,0.012568301140060795,0.03565746370351546,36.8,1
505,13500,27,0.06758510950127716,0.056964045129926685,42.400000000000006,1
547,61774,27,0.050849519484205824,0.13777081348303816,40.0,1
581,160839,4,0.05802849807794183,0.09743960763809976,41.6,1
570,791769,27,0.03361344537815126,0.3001183124323361,32.0,1
560,346688,25,0.08022509848058525,0.07144913118074746,39.2,1
624,51358,1,0.049551206592113005,0.0867459664526993,45.6,1
611,8115,8,0.04330973833699755,0.08045846694625056,37.6,1
586,1415,16,0.011659632022013386,0.09924722907078719,40.0,1
601,56575,22,0.05235880770954729,0.13527116858892405,38.400000000000006,1
599,127506,25,0.06600765306122448,0.08040000379698282,37.6,1
593,10313,10,0.01408373819531634,0.080728206636188,44.8,1
663,10368,5,0.08771987076983323,0.03873643505373586,40.0,1
545,92515,17,0.028748950461796808,0.2013365127301524,44.8,1
632,5362,5,0.02781058495821727,0.09431791467481772,40.8,1
605,250291,15,0.07117387466902031,0.10185507388251999,33.6,1
562,25357,28,0.023430569114912682,0.02660890001379071,41.6,1
676,292591,28,0.04318940353006413,0.09362211118111669,31.200000000000003,1
538,110184,15,0.16965252895592034,0.09536969842673929,38.400000000000006,1
588,101034,7,0.029029952410915553,0.041059315297196475,35.2,1
554,337865,20,0.10762896698118708,0.05627184102883758,40.8,1
588,208028,6,0.04608605619898389,0.1172532209460802,40.8,1
490,24020,25,0.032472742719592204,0.05105667110505338,37.6,1
629,380684,29,0.0416860025722279,0.11634580488514293,39.2,1
584,1354,16,0.03925024573772159,0.04234858914000122,44.8,1
587,2967,10,0.05044837348070044,0.09382601884084212,40.8,1
619,28913,12,0.05372012877842912,0.0581065197414865,39.2,1
503,877913,11,0.062459437709301416,0.07348140248907853,32.800000000000004,1
669,3561,16,0.0344635359700808,0.02841490137970788,40.8,1
602,20399,7,0.05200181100834357,0.07226364326922576,44.8,1
690,36383,23,0.04149345797973219,0.0739008395211883,39.2,1
572,98369,20,0.03828402079385901,0.10912609242503324,37.6,1
559,108294,20,0.045803101681510264,0.07278309015198926,40.0,1
628,10583,25,0.020626591434412884,0.0895286296375226,41.6,1
636,28164,27,0.049650216403081364,0.12477800918344277,44.0,1
494,3759,28,0.010309561021085246,0.2082088188100391,43.2,1
636,3298,23,0.11273125468272722,0.1160858564448873,39.2,1
613,70328,8,0.07875190774970324,0.1352636030384204,39.2,1
641,93066,8,0.07167448828741231,0.03434648212457829,45.6,1
620,415556,17,0.07597372997248063,0.09570362196090779,33.6,1
539,56111,21,0.04969166145321298,0.14409499838638443,44.0,1
554,151903,23,0.07484979973297731,0.11258532784824704,37.6,1
584,8370,27,0.026713291755290382,0.06236299173132158,42.400000000000006,1
605,4516,12,0.022507292899949956,0.04540094704524284,36.0,1
541,33051,10,0.0373498601436955,0.024652023977316105,51.0,0
621,16643,4,0.035057942989107,0.17983566744002183,51.0,0
649,139992,11,0.059473036530065235,0.21106399975018164,48.0,0
500,1632,20,0.03530338849487786,0.21188587964312536,53.0,0
538,32479,3,0.2054581301234824,0.48369732664571397,59.0,0
587,2861,24,0.10435865504358655,0.18425386062522442,50.0,0
504,10127,13,0.15751510819416467,0.2752798364652747,51.0,0
603,92863,16,0.17265565986835005,0.12036071907461662,51.0,0
579,156986,12,0.18341557347454568,0.22264161742220168,46.0,0
600,198963,6,0.11345356447020033,0.2385134572082787,44.0,0
582,2789,14,0.0393368215343882,0.040326171172550274,58.0,0
563,85832,5,0.05228273464658169,0.9587142212688554,51.0,0
637,69435,22,0.13572292715865292,0.5946438794024657,47.0,0
624,30875,12,0.1840959762182822,0.3887993671050794,61.0,0
527,4841,1,0.0812604397092682,0.2689329535777529,59.0,0
511,76032,11,0.13773491168862315,0.0538464355982093,59.0,0
504,25187,9,0.04944099912019056,0.07941143722135452,51.0,0
462,61355,3,0.28882175226586104,0.29661774459530665,52.0,0
591,13053,6,0.0399105037189333,0.18497144503294377,62.0,0
617,10203,3,0.15684425585415684,0.08210862451097886,56.0,0
559,226251,6,0.11422372881355933,0.5052365076644587,50.0,0
590,1766,19,0.1520986286189223,0.09980794883206973,53.0,0
585,134135,8,0.11117401822018633,0.903381322610069,57.0,0
562,27646,15,0.0726866088901314,0.11677614486796582,59.0,0
465,48675,29,0.08625629878470507,0.18815903018535426,56.0,0
540,32295,5,0.39085584734555073,0.2415955341526593,54.0,0
613,68462,6,0.06238761629270581,0.09713962183528335,47.0,0
511,68928,1,0.13178500331785004,0.4325765322872229,62.0,0
560,5781,25,0.20818904053778775,0.47390199900226787,52.0,0
596,24385,13,0.25862068965517243,0.18226037677224813,51.0,0
569,46940,10,0.1438311921337831,0.14290099461287475,53.0,0
568,161849,3,0.10059834255911433,0.20754887924191281,63.0,0
520,36715,11,0.052769534042414926,0.24044905172129105,54.0,0
592,52597,16,0.02851102838007221,0.15188042064124344,52.0,0
598,66186,17,0.14779308967445576,0.2945569298710743,56.0,0
432,9778,19,0.3713857357035768,0.3376100770584668,58.0,0
604,15892,11,0.12942989214175657,0.4171181135089179,54.0,0
520,91851,25,0.1048229916014033,0.2127865529433987,59.0,0
644,30290,3,0.27818856406073206,0.3251649366475162,50.0,0
551,84897,26,0.35450516986706054,0.26753477953003807,54.0,0
651,17051,6,0.2492299246698588,0.2595684349535869,45.0,0
530,20260,19,0.13521989643352053,0.12032964514469309,50.0,0
592,109764,4,0.06307866913565498,0.2452305256178939,49.0,0
536,15908,11,0.09177705573606598,0.07873546943488498,56.0,0
540,5928,24,0.16914065634277461,0.13903371906590886,54.0,0
583,55408,6,0.06328131273924566,0.06991593259674032,49.0,0
573,34137,7,0.24594525353250696,0.07046722566194988,54.0,0
567,64002,28,0.10088128985095236,0.23353668517789797,54.0,0
571,8401,13,0.0933852140077821,0.38003561176674383,53.0,0
630,6841,23,0.12966742706207227,0.06638707069050852,48.0,0
610,9788,10,0.06334726973267452,0.1128071305176949,65.0,0
557,18188,7,0.07357802831228279,0.13725038240397272,57.0,0
542,20166,9,0.2776,0.5368754008318092,54.0,0
617,20233,1,0.07184336296829232,0.2182378161601312,59.0,0
536,28459,18,0.13524521564470235,0.28295338013233345,57.0,0
610,5170,3,0.07126720065721914,0.09841743705421833,49.0,0
499,2312,27,0.11962682012381201,0.22291322503548894,57.0,0
574,7412,14,0.10435914118412491,0.14474510287473083,50.0,0
647,114030,15,0.1939767150966997,0.17046652075079868,47.0,0
616,77860,13,0.08960775939269526,0.11124303128031267,59.0,0
608,239753,28,0.18339252224572045,0.2310921624569568,45.0,0
637,7041,25,0.14293595891864364,0.1257774976260804,50.0,0
566,52667,1,0.04447575581217263,0.2826221107585938,53.0,0
574,53256,2,0.1632,0.5317565820616497,56.0,0
603,356887,11,0.03787501929773402,0.267408151620127,43.0,0
581,43421,14,0.2448,0.6256415832945036,60.0,0
407,76034,16,0.04145858017650902,0.30104287020683934,50.0,0
550,75141,28,0.12008545406843822,0.3457675393434635,50.0,0
601,254324,4,0.1112792457222675,0.3009177607228442,46.0,0
601,27549,26,0.1573587737163683,0.4453630778728934,54.0,0
568,14088,10,0.17861783815711754,0.3765574537826567,59.0,0
570,55823,13,0.2352,0.44002113000385445,55.0,0
584,5250,8,0.10132547864506627,0.5224857024968407,55.0,0
449,8890,25,0.042500394775429176,0.10364615539062177,47.0,0
590,1167,20,0.037478934951129084,0.30065011292194027,50.0,0
612,103020,18,0.2104798258620146,0.16600357370293814,48.0,0
607,43014,23,0.10889744170251302,0.13626010502086383,54.0,0
623,18720,8,0.27331771404845934,0.31573103411066206,51.0,0
616,79288,3,0.08797809380796749,0.36947108908625376,52.0,0
579,60258,15,0.16309687561406958,0.46116556641088147,48.0,0
514,130376,11,0.24154685176003968,0.34551346508286745,49.0,0
588,2677,25,0.15079500769362283,0.21977483579634632,58.0,0
584,35354,13,0.09801040018087272,0.06586872038888238,50.0,0
562,2071,6,0.051839524096172235,0.048493091557006776,55.0,0
506,67323,11,0.12660430715684143,0.1347592476323358,56.0,0
597,29840,10,0.48194295110998675,0.3697953122959738,57.0,0
485,41080,3,0.008256990292918437,0.09715375260713298,50.0,0
557,19070,16,0.43953334800792426,0.7563140227833035,56.0,0
421,10171,8,0.5759920139755428,0.7097946571566431,55.0,0
565,3858,15,0.11237131390682255,0.18550841024082176,55.0,0
529,18486,3,0.1259928786633799,0.1446433133294453,54.0,0
415,174908,25,0.12577417818008577,0.1990038473616828,54.0,0
579,49655,10,0.12621974401216576,0.5785555099365932,58.0,0
581,5108,5,0.08788134372878567,0.13183342826285174,64.0,0
590,60176,22,0.031165734722261647,0.13281693777837517,51.0,0
537,2130,28,0.32483981522872896,0.7916571384580916,52.0,0
541,44818,7,0.3062841049111072,0.3519517254168182,65.0,0
508,10101,6,0.03218844167396446,0.15148709960861206,61.0,0
572,39164,8,0.25695268561993706,0.5214948061136935,58.0,0
613,22541,2,0.07929042048807157,0.06679846493922824,57.0,0
586,188974,2,0.10823879486702623,0.5252834635470979,55.0,0
565,337895,11,0.16224023108400867,0.3581088578682448,53.0,0
605,98634,23,0.06826149522420637,0.17413763856013556,43.0,0
562,16067,15,0.07472092185812028,0.37926874559740525,53.0,0
623,18542,9,0.23017401097104662,0.8261162195929607,52.0,0
661,2291,23,0.07742085031582607,0.36832123591892824,61.0,0
545,65102,14,0.0876036975586632,0.2698819771529792,50.0,0
515,9987,2,0.033948779035139966,0.2092337593449581,58.0,0
492,7927,26,0.2288000653247867,0.3808459211677027,51.0,0
585,14220,7,0.46184660095039864,0.4514868817195063,55.0,0
534,416743,28,0.32985156679494226,0.3072838512359707,53.0,0
622,3719,23,0.16349031343518663,0.5684913481332191,55.0,0
539,1957,9,0.04857451931465261,0.45060926354176994,68.0,0
515,57154,10,0.11195992485911083,0.3317143239244165,48.0,0
445,7128,22,0.03826231257037871,0.2077905290850605,55.0,0
641,126522,8,0.05183405710061906,0.1689054659004984,43.0,0
613,105447,12,0.23113822538190945,0.18393358845068375,47.0,0
497,4069,29,0.10674473595315843,0.2627342637995488,57.0,0
605,77095,8,0.22717049032838507,0.2840660680771624,48.0,0
614,368979,23,0.1267393126571668,0.40386175647392125,43.0,0
570,25954,22,0.1820774898977894,0.1352837532133185,59.0,0
510,21322,9,0.15339773484343772,0.2762773029380595,60.0,0
645,24115,5,0.20985543292398573,0.3300171435477115,55.0,0
478,2030,7,0.12190831747855119,0.13677252462961906,59.0,0
563,40857,17,0.11260818565133311,0.2549382801853927,55.0,0
517,44097,11,0.05189225382565876,0.061508958981685,49.0,0
527,9354,1,0.16298414348843254,0.42219791439741144,63.0,0
483,9234,1,0.171330437417921,0.25273924499371647,60.0,0
611,5182,19,0.12338225861223256,0.67289965047234,58.0,0
553,10827,22,0.06116120140125194,0.18881468828946776,56.0,0
640,19209,6,0.14469871090236835,0.10339161680391572,50.0,0
604,53088,6,0.02255639097744361,0.07703376430227105,46.0,0
596,1838,21,0.0595576965185023,0.06818105287118101,52.0,0
524,86263,15,0.32267649156168293,0.4822564164293656,48.0,0
553,74001,21,0.15455076383979346,0.2546038911091039,56.0,0
508,16849,24,0.15681979959480918,0.1431216587139459,68.0,0
522,22937,24,0.08463251670378619,0.17449437848971985,53.0,0
511,25413,13,0.20375502556696204,0.17127168445884058,54.0,0
630,30608,22,0.2568860962957551,0.4252323557843314,52.0,0
537,31391,9,0.18605735602704596,0.4360448538656784,61.0,0
604,251321,21,0.09057305385245358,0.23822464980096644,43.0,0
574,40680,6,0.047874054410704144,0.09793986899032461,51.0,0
615,91524,23,0.09391118752593823,0.5140078469651479,51.0,0
605,2792,3,0.2643577378342832,0.4548813445245334,61.0,0
586,8363,28,0.2848959903527284,0.5121981881755461,52.0,0
510,46548,8,0.05141890622063522,0.12423900181372761,59.0,0
518,128487,1,0.06137551390147029,0.08522001338353197,51.0,0
639,830288,6,0.13288925895087428,0.2730728837854737,53.0,0
575,10146,3,0.19435047361299052,0.4058174863243958,66.0,0
614,76911,28,0.07254326847726306,0.12663886603932578,49.0,0
626,2788,5,0.08032832609475236,0.28711964795261496,62.0,0
595,7841,5,0.17245764867477234,0.7677601581110425,51.0,0
584,49556,15,0.09685117280717072,0.11019460094785286,60.0,0
582,1613,21,0.2055999046824735,0.15314992499592184,68.0,0
646,78643,14,0.2858403176003529,0.8833866012904951,58.0,0
635,40017,22,0.0681665478977909,0.11883121998924191,55.0,0
533,17585,17,0.02584449393093498,0.04894690661651491,57.0,0
603,54529,28,0.142041908158716,0.39300186129623893,45.0,0
483,10421,26,0.06863341277015367,0.2242263084945907,57.0,0
576,60451,3,0.09851142827945636,0.687595828368129,53.0,0
504,36153,8,0.15665257154095782,0.11670549841049369,58.0,0
586,6520,14,0.22974751705157354,0.0752481139725841,57.0,0
511,4869,28,0.2968791677780742,0.24587610661754047,64.0,0
594,7120,22,0.11903603592913845,0.14332078882239974,53.0,0
596,37796,4,0.09286684939079162,0.20630603766256753,56.0,0
556,62712,2,0.07860765329644998,0.09532115559069994,53.0,0
565,123537,4,0.2144,0.3130036981350979,50.0,0
590,4609,7,0.12381037089744731,0.051117263195666465,58.0,0
616,4575,9,0.15899295341041253,0.2676899790816991,63.0,0
435,18681,5,0.3072,0.8808174123790458,57.0,0
633,5612,10,0.21933568380033402,0.08090201386502137,58.0,0
581,20271,17,0.09934685458920592,0.09775682050401671,53.0,0
481,63268,13,0.08775998393075618,0.05941930788411602,55.0,0
585,8860,24,0.27082903401309494,0.14095966894147088,54.0,0
589,52326,5,0.05208352737365647,0.1371647010750653,50.0,0
584,1263,2,0.12906964111107086,0.14183038283249505,69.0,0
415,10955,20,0.08304140584620687,0.1227433486338149,61.0,0
565,171931,2,0.1342619462178371,0.3707580040696051,51.0,0
598,12725,5,0.10598192746452959,0.38120756448982357,53.0,0
526,10280,20,0.09287119102960334,0.21412782997491497,50.0,0
611,5600,21,0.16122565864833907,0.19148953166307878,54.0,0
643,71193,18,0.10541603202153663,0.3085047024948825,53.0,0
566,130108,9,0.29159683983720375,0.2876514436842703,51.0,0
563,55038,11,0.10448143405889884,0.2898876061714557,59.0,0
523,17250,24,0.12814070351758794,0.303556129401998,66.0,0
638,45979,4,0.6184,0.562922830216436,54.0,0
580,14750,25,0.20215086109648794,0.24818344710777754,55.0,0
585,7343,28,0.09073043999600307,0.3504016996075082,51.0,0
645,6735,17,0.14426365426469065,0.07923129723991162,66.0,0
514,24602,17,0.42485497278870876,0.4097759263589575,59.0,0
547,2403,16,0.1686217370903613,0.33988371176881416,60.0,0
512,112123,8,0.07424158382045484,0.23688528944266174,66.0,0
592,44569,15,0.03852526926263463,0.23513454464274544,59.0,0
607,82428,17,0.1573592584218856,0.10646612261416805,54.0,0
613,1814,19,0.01915839890523435,0.05783131790984846,46.0,0
612,3415,14,0.07002564070177211,0.15261690886715154,47.0,0
438,100347,20,0.03887814313346229,0.13748380540199176,69.0,0
632,16427,15,0.09839291571006888,0.25741716873435483,48.0,0
456,1376,26,0.0524575355282048,0.11921395986578617,59.0,0
502,623738,4,0.05938172156383113,0.18485265002570345,52.0,0
597,10338,2,0.08106462163076576,0.18504552595778143,56.0,0
582,164716,21,0.11530841368379342,0.7767595103624944,50.0,0
604,22186,29,0.4762777305150187,0.3889041378244745,47.0,0
424,8745,22,0.3295645196586185,0.6276316625274109,62.0,0
551,18002,26,0.06575945882167859,0.3638336916217727,55.0,0
577,3245,20,0.07409923862432806,0.5118528807902829,51.0,0
649,24638,11,0.4210161021654637,0.1270604063168855,50.0,0
463,3078,24,0.39788997739261495,0.9660151329007395,58.0,0
634,71005,28,0.2595403057296822,0.15347238099206342,46.0,0
611,88029,14,0.25239513315749174,0.10979388677557435,52.0,0
631,62034,22,0.15257687774563378,0.923615643145501,59.0,0
558,5073,14,0.3437204910292729,2.1010345151939136,55.0,0
626,5824,14,0.06986608999417783,0.2296130129649775,53.0,0
620,8266,11,0.08594838637757093,0.0942289907587259,47.0,0
655,167904,3,0.08420314007543198,0.5555744299059008,49.0,0
573,42796,27,0.0681975598060632,0.22347669722956728,55.0,0
612,238922,17,0.05424213846704173,0.2121772514737904,53.0,0
579,4115,2,0.06345091082759093,0.5105451834956503,67.0,0
603,8380,21,0.16788118150970685,0.1928073166833148,54.0,0
593,3563,13,0.17171879176690724,0.20029622911641157,59.0,0
555,1407,28,0.07081684059014035,0.22195409771063568,52.0,0
589,8598,19,0.121830827911151,0.19680984742930635,61.0,0
491,100935,23,0.2595891014901684,0.5483701375566239,54.0,0
479,27748,23,0.063813260570814,0.21714748976169504,53.0,0
637,179431,9,0.27602152680884995,1.6621104849549817,54.0,0
620,118633,5,0.16914188219783627,0.08865992420962929,47.0,0
589,9198,26,0.15801004713745104,0.08493586558801293,51.0,0
589,16534,12,0.05303197701947663,0.4499794990327527,55.0,0
574,29252,20,0.031212314676881608,0.14627554619780256,60.0,0
629,53818,11,0.09361233480176212,0.22183111040568915,46.0,0
613,58171,12,0.5775847089487403,0.7719176498881106,52.0,0
650,83225,21,0.05072128959392166,0.13258993788896678,43.0,0
629,9720,11,0.040713235571304705,0.3003073587878298,46.0,0
663,8320,20,0.0701075513571957,0.21063786671488693,48.0,0
603,6778,21,0.08852663157298919,0.081864209611108,53.0,0
587,18671,25,0.03774945112560212,0.24402297407998397,51.0,0
618,457353,11,0.0678058155080214,0.6561475838327585,39.0,0
554,557461,19,0.12806379734959542,0.22236321338506573,47.0,0
453,137387,9,0.205221780064059,0.15470832670668358,51.0,0
522,43842,25,0.16711028816109247,0.9710237374495304,51.0,0
572,4623,21,0.12144340853098885,0.2936244546047106,50.0,0
545,3212,10,0.14135004362655668,0.27243976100632744,55.0,0
605,20887,4,0.0516798507367318,0.07599027537602408,51.0,0
582,9028,7,0.09519164120863606,0.4611942065609413,57.0,0
544,214663,6,0.053499707545330476,0.5725375176016669,53.0,0
479,224209,23,0.2308002070988897,0.13788554497846006,53.0,0
582,9365,19,0.2396990790782135,0.1730574255378699,57.0,0
629,71765,26,0.10518934081346425,0.10566830300392548,52.0,0
594,2678,16,0.21261789213441992,0.3793620461299504,58.0,0
627,630890,19,0.15729561917902726,0.6170111320828354,41.0,0
598,299176,29,0.047575205276112816,0.2711329914413371,50.0,0
418,9230,17,0.15287788041823167,0.5798506576354026,54.0,0
570,25927,27,0.04398546567221266,0.13438904118034495,52.0,0
605,17297,5,0.12127078507968334,0.1176614916203115,50.0,0
539,177131,12,0.23597368024511528,0.14697666042476704,48.0,0
591,6941,3,0.3448015122873346,0.7223151735154332,62.0,0
628,6103,13,0.032645585304099556,0.07024052211807655,57.0,0
619,71183,9,0.1097520169535636,0.10023541397271196,52.0,0
546,4008,20,0.10598807942929496,0.6930741231500803,55.0,0
546,198385,23,0.26791098348887293,0.4792798816636598,55.0,0
619,149323,4,0.05298433112942668,0.25897754255019945,51.0,0
640,184352,1,0.04446267432321575,0.08929074425776351,67.0,0
565,9200,5,0.07656512353082275,0.10407790445792099,53.0,0
615,7976,19,0.09238535969709719,0.09619858377960111,54.0,0
601,5387,26,0.043650926080427165,0.1220745190487762,46.0,0
533,69497,21,0.5296,0.25113284111152395,50.0,0
526,13564,7,0.43451003368976127,0.5674040021358208,58.0,0
540,124871,9,0.2131828513206364,0.2387517287999035,52.0,0
589,67632,2,0.32245588590766255,0.10534706169037623,55.0,0
507,18664,2,0.029462280354075835,0.06241048619653251,56.0,0
576,88316,1,0.06346495908929206,0.029122250260196644,51.0,0
580,10726,2,0.08428808251980106,0.0812732351163043,53.0,0
563,148171,27,0.09915394955325373,0.23080568914082944,47.0,0
618,9184,18,0.24921051223036986,0.12521074283812178,46.0,0
598,50223,18,0.1996378034930477,1.1615614330240287,55.0,0
460,388053,11,0.1493850358729074,0.301445838375721,47.0,0
534,183046,27,0.153163808397398,1.0698882157318816,60.0,0
585,7447,15,0.17733393856861854,3.296301867119737,50.0,0
438,40501,29,0.0972644376899696,0.1235725421950954,57.0,0
619,116256,24,0.18539038527105353,0.19437203750856277,61.0,0
630,46556,27,0.276936593937619,0.23708581842965232,49.0,0
513,508504,17,0.11698826069356363,0.4710902292289121,51.0,0
589,128400,8,0.1430643438899603,0.13232777758386413,53.0,0
486,43446,9,0.15928897097016217,0.6501130515828898,55.0,0
583,30929,27,0.3093794349116243,0.09325250806133598,60.0,0
457,39527,2,0.11773775317121032,0.533963093983009,60.0,0
626,171502,2,0.08900894517757506,0.3410610375833812,61.0,0
569,2894,6,0.11309427750701999,0.08302195811198829,54.0,0
623,67945,15,0.1636502676523069,0.5314445455162105,54.0,0
610,4313,24,0.04077929009874566,0.1134061487301174,48.0,0
626,57650,1,0.07892621764989552,0.20028163213882544,56.0,0
661,2442,9,0.20012715801829117,0.4858297622481928,47.0,0
508,46873,11,0.06484088388362767,0.4071910430326163,66.0,0
626,44401,11,0.08140208574739281,0.4592998834436722,51.0,0
572,10764,21,0.34757096069869,0.14861317293909662,54.0,0
585,160698,15,0.4015619915392125,0.23092049508894502,63.0,0
556,1065,13,0.19801012703206894,0.13650421070158356,54.0,0
645,36170,2,0.05057721306207203,0.09260816763355671,62.0,0
613,17640,21,0.02949949195319414,0.29120261070700687,58.0,0
579,9106,3,0.1424551280535389,0.4103695830003069,55.0,0
501,169821,3,0.09600201051330917,0.42703607318143283,56.0,0
585,86079,14,0.14832781379728532,0.19971381579266548,48.0,0
606,6849,14,0.0862872189588819,0.11353214195707187,49.0,0
630,94148,9,0.13414029169560474,0.5734742468017306,58.0,0
488,69535,24,0.21511423550087871,0.2446121778565342,49.0,0
433,25976,23,0.048354600402955,0.2635791658268614,52.0,0
615,65223,6,0.2287615148413511,0.12588683225389066,49.0,0
611,10412,18,0.056827320002144424,0.276122074792928,51.0,0
561,48412,15,0.07803002459642079,0.05267877401762844,53.0,0
516,27344,12,0.26208328526935054,0.19808791104641754,56.0,0
619,78149,2,0.030547511616943905,0.07887625392365241,49.0,0
525,10251,27,0.08407952648353316,0.32417382070148837,51.0,0
526,5776,3,0.0588153439398859,0.08450558819355977,55.0,0
485,76792,21,0.09792259773938045,0.34285682818232416,56.0,0
513,4998,6,0.09836508579921632,0.24857657229055224,71.0,0
564,3732,12,0.0825515947467167,0.3241859059113349,54.0,0
613,2907,18,0.048408147122800074,0.1471851559268322,55.0,0
603,318698,17,0.19444115907746895,0.43638276258996733,48.0,0
487,8213,23,0.046852620075753554,0.15704593130928401,52.0,0
490,5997,14,0.7469724448604692,0.632414442109992,63.0,0
634,7378,15,0.14458964361983503,0.4715022954941731,53.0,0
549,80860,15,0.08736514660136342,0.17399839709140696,57.0,0
612,63225,27,0.08694084994413005,0.11953460175161418,56.0,0
568,2760,8,0.11536035088773396,0.25611265316486237,51.0,0
531,7568,20,0.06498807743604253,0.22952179959753383,50.0,0
610,11481,11,0.05423229110093879,0.12012848245480144,52.0,0
618,62129,20,0.16723706029707514,0.1447370079413623,51.0,0
594,68969,26,0.2807868499056858,0.4447065941587932,52.0,0
508,140547,21,0.0775803323373696,0.24129560758770288,50.0,0
500,1022,5,0.07661812914538386,0.05505453904842636,50.0,0
605,39391,7,0.18880716341541415,0.2060293922624137,50.0,0
648,7559,17,0.1288,0.3692171930394459,52.0,0
575,4129,13,0.06808890874567185,0.1661538620297171,62.0,0
609,49853,14,0.026732907499408563,0.17668808853352863,56.0,0
605,5148,12,0.1983287936845021,0.9161979103807203,53.0,0
550,5513,19,0.16743633724765802,0.3060903129621291,59.0,0
520,3647,4,0.1002199369910242,0.26513523754914564,56.0,0
463,71829,23,0.10086242299794661,0.32094181339949784,53.0,0
633,39819,19,0.05716952514292381,0.1908425936024521,55.0,0
575,572171,18,0.1811503314818133,0.15221620308352415,48.0,0
438,60687,17,0.13516269583758228,0.11507965948663036,49.0,0
613,3156,29,0.03523457270780611,0.1270194068834499,57.0,0
522,31974,14,0.05376131557101633,0.14195836350475866,50.0,0
563,16064,29,0.1254363554810149,0.23903021578744071,69.0,0
615,8004,10,0.13339461136324468,0.18545391381497492,49.0,0
590,5054,23,0.12954629897205136,0.6621820976326945,62.0,0
535,9862,13,0.1612798335175912,0.1986119913764748,50.0,0
572,29012,8,0.10687447815196216,0.23945232761412105,70.0,0
492,95780,21,0.06787072243346008,0.5165722438736311,49.0,0
487,20833,17,0.14424072607662788,0.1917757311517078,56.0,0
603,9199,23,0.05936970518468316,0.43657158963284576,46.0,0
569,43657,4,0.05735584301688226,0.3508635628107878,55.0,0
598,1968,7,0.09951902334574392,0.16668929021673323,65.0,0
703,97545,23,0.0889605496065476,0.08842483089006473,56.0,0
592,8028,7,0.12033294737072074,0.13208016084835822,56.0,0
657,60179,24,0.18353438069945285,0.0753055049609769,52.0,0
602,7973,16,0.13254272758981514,0.26628359634524607,48.0,0
591,282520,4,0.2632,0.8362152380907344,62.0,0
632,4096,27,0.13854714767006096,0.433837231599783,53.0,0
546,45516,17,0.09002911035902778,0.2139710164476086,58.0,0
530,246620,5,0.30010583669789503,0.04095901652479362,47.0,0
508,324656,13,0.19490658167889827,0.23423089155355,47.0,0
631,26326,22,0.19163419959755104,0.5989334865774446,50.0,0
635,27463,17,0.0832636301421945,0.07525809095400245,51.0,0
648,5898,21,0.11983288611120546,0.07443024559089824,58.0,0
559,86793,3,0.20612276890690434,0.222841679685376,60.0,0
525,50408,7,0.05028728058615782,0.23527449406212492,50.0,0
478,209018,9,0.20911333036833385,0.19734495001031907,51.0,0
503,182783,11,0.5205198358413132,0.34308075299830426,56.0,0
490,23779,17,0.10315417612919506,0.30810439114080074,50.0,0
617,102500,20,0.2032,1.3245380109066764,50.0,0
612,3467,1,0.05935806250125929,0.23579797930005722,52.0,0
634,2841,10,0.057919264056164134,0.0757638258521449,51.0,0
555,81172,4,0.06018751890311524,0.42724001124823024,60.0,0
563,39055,5,0.04723821199727987,0.06518733094748529,67.0,0
521,6596,5,0.06968203024186877,0.3708158981575452,54.0,0
550,8175,21,0.051678150700155585,0.10549730622799909,63.0,0
573,66971,28,0.1367696315593599,0.9921516476816434,57.0,0
601,7102,28,0.20657510409545712,0.8734814436527901,51.0,0
613,5380,2,0.17658292933744674,0.09861208895905123,51.0,0
572,21475,26,0.06758479979597042,0.3928560711796917,51.0,0
501,73912,4,0.07696779444250669,0.22575754268881176,50.0,0
507,10878,18,0.09652926668063772,0.13209544369524362,53.0,0
593,7753,15,0.09064134991857524,0.2774110714709855,49.0,0
555,37358,20,0.05571862096413114,0.2384791818861578,50.0,0
587,24915,6,0.030442365625495477,0.13532597798915272,54.0,0
519,43531,12,0.08902963130513458,0.13938887852625492,64.0,0
529,50136,19,0.28964059196617337,0.5048705037439366,49.0,0
527,5955,14,0.5708709441327153,0.9055035262510305,54.0,0
537,7689,18,0.08624562033959213,0.3979640756169866,58.0,0
569,39349,6,0.10740717312923018,0.06505082134581121,55.0,0
537,7596,4,0.31288596130094687,0.16382990339094716,60.0,0
571,5464,13,0.07207207207207207,0.3069921075786843,53.0,0
545,183674,17,0.19386971281314272,0.15643405538666857,52.0,0
549,113305,3,0.5128,0.7438739555549766,63.0,0
595,14799,19,0.1318913587205411,0.49116134082739105,53.0,0
506,8792,6,0.06975717439293598,0.41560588841815593,63.0,0
474,145565,5,0.07906566226728792,0.12237521524833334,56.0,0
525,43401,10,0.1155690340559813,0.14791189110604847,54.0,0
475,218648,5,0.13171165826164344,0.09037652353444196,56.0,0
608,202725,23,0.24100563502384048,0.4959417014756381,53.0,0
485,4226,22,0.11010167859936226,0.0886280597190386,55.0,0
527,84792,17,0.19389204545454544,0.3723987529520299,57.0,0
583,127633,19,0.13175885643256682,0.2737724131529318,47.0,0
565,70553,3,0.08056847275197242,0.4969048354056689,61.0,0
498,17981,20,0.3303031584288191,0.46229422791020136,58.0,0
453,8503,5,0.11312329446787399,0.5116615495683517,56.0,0
427,149704,3,0.1156386180870659,0.7743222615830717,50.0,0
567,5390,12,0.4805228088159918,0.6126860062278504,51.0,0
601,194328,4,0.1040439987059204,0.29149572304037524,57.0,0
570,1394,23,0.16180046621610292,0.18538899961530136,52.0,0
592,81705,6,0.04894338372122665,0.14167201617969877,51.0,0
527,277896,2,0.12213292661465361,0.587325916963782,50.0,0
597,68923,5,0.04531313958248056,0.08011886085734925,67.0,0
602,1215,25,0.09896036026018791,0.4029429474766651,45.0,0
556,4438,22,0.04731302323965679,0.07721453462742345,58.0,0
600,155849,26,0.12045958476113686,0.11616245403259551,44.0,0
515,40722,22,0.18274990977986288,0.25336479759938246,61.0,0
516,48651,26,0.15075788611224908,0.31271190834961815,56.0,0
544,70628,13,0.08719917595280458,0.13920683814431767,54.0,0
565,33278,4,0.20401089378559048,0.12709161540533295,54.0,0
629,203666,18,0.19197989739294313,0.41786214947723443,45.0,0
639,94978,13,0.1684387753234632,0.14949265731207373,57.0,0
584,68852,1,0.06292860024203308,0.1553142370806995,53.0,0
601,55583,18,0.1480394617448887,0.22327343283198392,52.0,0
606,1886,28,0.5578880407124682,0.19639080687763533,56.0,0
538,73368,13,0.09597732181425488,0.5931255522821436,52.0,0
517,118484,29,0.053036847838335274,0.07022892734473747,70.0,0
457,33667,1,0.5696,1.0155626535367113,58.0,0
557,3174,5,0.11181639098214566,0.2836260757293295,57.0,0
620,6476,16,0.3408,0.6151501494814196,58.0,0
561,8494,20,0.09856427378964941,0.2327868493056823,50.0,0
558,7456,16,0.09368418813418708,0.16508335154001288,64.0,0
505,384796,1,0.08231871565564056,0.18732264982612754,48.0,0
556,16846,21,0.13889457942393574,0.19123088231058186,56.0,0
566,49711,20,0.2592,0.7120702842578436,52.0,0
635,86897,8,0.2385598747717193,1.184359276455922,55.0,0
593,4531,3,0.12295797480982666,0.0822900131962751,57.0,0
611,6943,6,0.10162179435967085,0.5674382873892586,53.0,0
560,2746,8,0.1921894040503685,0.509157548882089,61.0,0
567,10020,19,0.04191133133963458,0.3090533165960545,55.0,0
536,150553,7,0.46554171266361777,0.3830322505937426,47.0,0
525,6282,2,0.1458279680659284,0.0801776063817907,65.0,0
557,59185,29,0.02536997885835095,0.08864478674136891,61.0,0
530,107626,25,0.24197790636507102,0.890293182803045,52.0,0
409,24346,12,0.10820668693009118,1.0214213524000395,52.0,0
583,58663,6,0.1545704612780364,0.24239504196455272,58.0,0
566,5759,18,0.3365748413120291,0.153317690365819,54.0,0
597,4082,19,0.15214850327872098,0.1332741523740006,60.0,0
632,78355,13,0.05596858439132258,0.1604468314116789,48.0,0
584,6721,15,0.048408301776544226,0.05926382560931408,50.0,0
492,3211,18,0.2063171840655205,0.15187407506795217,55.0,0
537,34444,3,0.14843623399773131,0.10924354908718888,56.0,0
499,97373,28,0.051552431165787935,0.2574798538468638,49.0,0
578,9090,9,0.0655992680695334,0.3594939016149733,55.0,0
573,54670,15,0.4175420783379545,0.46189804783307353,52.0,0
638,70564,20,0.2142967741935484,0.18664204683716018,54.0,0
627,15769,27,0.0231804527284339,0.056705012774721945,47.0,0
556,14496,1,0.11412744638820439,0.12199808572040627,55.0,0
653,317436,25,0.2385169927909372,0.8944506874468044,61.0,0
530,10580,25,0.0936184542852332,0.14880484968185276,57.0,0
536,86312,12,0.12019273668243063,0.3028620630892087,60.0,0
619,124046,9,0.21460789744401362,0.07219689207704316,47.0,0
622,127738,4,0.18836197970594326,0.18295659699720374,49.0,0
616,168032,16,0.052869719565441335,0.37300638747165044,46.0,0
537,8199,21,0.05516660525346107,0.14935724297137803,66.0,0
597,29281,23,0.040176846804309566,0.15081514319450512,58.0,0
629,2288,27,0.06968335707242249,0.13989109069040087,56.0,0
563,5966,12,0.14493468079861968,0.9082511491485732,54.0,0
463,5843,11,0.04106186875655389,0.09387221234463146,60.0,0
679,8368,10,0.07569294219921961,0.3215908809770449,50.0,0
469,8849,28,0.21133506286170425,0.13970942902077707,57.0,0
555,151390,21,0.10511092313149781,0.5797744377216408,47.0,0
560,363646,5,0.08787739261987766,0.26072862837306077,46.0,0
577,134134,11,0.07088596265509102,0.09617563379654613,45.0,0
622,36005,5,0.04110120201628538,0.10434409958468786,50.0,0
521,4359,6,0.17666503428011754,0.23712373614626828,55.0,0
632,6549,28,0.11596684913911741,0.29052016515310136,50.0,0
593,34513,3,0.1631395109923978,0.6836467756398786,63.0,0
605,2195,11,0.08042213135614788,0.16476397188606046,54.0,0
482,27927,27,0.08273920184827536,0.22270270919767357,49.0,0
599,2233,24,0.12526593481405837,0.08768618928073248,53.0,0
628,14757,10,0.06458094144661308,0.06258517914070053,48.0,0
530,88361,21,0.17009137508357478,0.5272704281208476,51.0,0
638,85580,14,0.20949464012251148,0.8285318253380527,67.0,0
596,8458,23,0.10408266982890055,0.2938039923398682,59.0,0
595,36896,7,0.31926029309141657,0.3792878565824757,62.0,0
597,118904,2,0.04499369482976041,0.18466624545686774,56.0,0
533,74975,7,0.02440615526305691,0.14731891033898115,54.0,0
481,64959,13,0.05202111289441898,0.24254879139968089,51.0,0
477,25013,22,0.1779483058097633,0.1287719116960341,55.0,0
583,1058,27,0.18389423076923078,0.8557599629008917,56.0,0
605,18678,29,0.19115466101694917,0.07964934178578778,56.0,0
658,5051,6,0.1864006700677682,0.10625583638522478,52.0,0
457,68079,18,0.05277601090413448,0.25621330648968477,53.0,0
524,537350,20,0.0702407335352134,0.524626176959672,41.0,0
573,63803,9,0.13709449929478137,0.6320920304942662,49.0,0
516,8763,28,0.17735737511084837,0.26458578741906924,51.0,0
556,5094,15,0.08953051073638238,0.1429605726318384,57.0,0
541,34212,12,0.20361357423828258,0.22120058381221397,63.0,0
613,70598,3,0.19444556410979888,0.23648805583281074,62.0,0
464,6807,12,0.14634146341463417,0.05654440205722349,55.0,0
542,72821,22,0.2607685810810811,0.22920527567221063,58.0,0
613,6566,20,0.09090373165124094,0.17564989523856953,60.0,0
566,21185,5,0.06994503905120046,0.157449424292283,60.0,0
537,63501,5,0.06971363940157319,0.1782132048118953,58.0,0
601,24664,18,0.15171835708298406,0.2376602293688142,50.0,0
601,30103,2,0.06514967987541097,0.07237387462838918,53.0,0
581,21137,25,0.44201210992081974,0.5196923458626064,71.0,0
596,30897,6,0.1442389758179232,0.14846995634581472,53.0,0
512,7989,7,0.22168885009818895,0.36203203683875207,52.0,0
460,15846,6,0.07688265491733699,0.1986000751293204,55.0,0
558,7273,3,0.07323293660432353,0.7471483264356493,54.0,0
513,18490,25,0.020511969464382027,0.2811771708152374,48.0,0
617,4166,17,0.1017058651612804,0.11011243272261362,48.0,0
552,7402,3,0.6024355894292105,0.4709283568729863,56.0,0
537,34384,7,0.33262160798167634,0.8531649756548594,54.0,0
638,10294,7,0.28701653861179843,0.15213532730358187,51.0,0
548,46538,20,0.31580061382156843,0.1900238801634286,60.0,0
566,29764,21,0.24002412302743997,0.25881290349477404,54.0,0
600,55864,5,0.1265673709733287,0.2228301925695057,58.0,0
510,27064,1,0.08669376991539392,0.5593448499917134,55.0,0
538,19167,5,0.12037488177466969,0.5607520744472221,58.0,0
600,75243,10,0.1136326530612245,0.22765699501507272,47.0,0
485,20354,4,0.1103198824460269,0.19303658013792058,58.0,0
567,2880,27,0.07590427475337962,0.150735276288452,55.0,0
495,39347,28,0.19223604798450192,0.5686723452164757,53.0,0
551,78312,21,0.3444293478260869,0.2618633682037253,51.0,0
480,86701,5,0.09535291538798774,0.2793727949026581,54.0,0
535,4266,1,0.1445076616984886,0.18550913243353973,60.0,0
516,1210,16,0.10455282026238095,0.05209930752903502,61.0,0
427,159887,9,0.23061277705345504,0.4428324976033715,51.0,0
466,126506,27,0.11987646318679225,0.11286313454247533,52.0,0
625,5522,18,0.2942171119377748,0.504945249107858,57.0,0
571,13345,10,0.12155223602556788,0.09726085359684836,49.0,0
611,8526,17,0.2023650385604113,0.12034303773501939,51.0,0
601,74287,28,0.17013467515169456,0.729640573258075,49.0,0
584,103505,14,0.11269815059445178,0.16362595454943762,50.0,0
586,16466,28,0.09977164939399262,0.19348750658181235,53.0,0
576,7599,24,0.1670876483960596,0.19881678539803035,67.0,0
551,65909,19,0.2584,1.1642566782760906,55.0,0
577,12641,24,0.2445268822822509,0.21897188429273584,59.0,0
540,48674,21,0.15342837746096402,0.3965858592403632,55.0,0
618,216066,16,0.06433791010654945,0.16244491214041196,43.0,0
514,74570,3,0.03237114939956739,0.13380521172370344,56.0,0
525,95656,17,0.03908330647486896,0.22315462214575607,49.0,0
559,43700,1,0.23079265198416724,0.8034762794081647,64.0,0
501,1249,12,0.8424,1.370536853407911,60.0,0
522,74179,3,0.20498021875727251,2.0362358273378196,54.0,0
558,5742,6,0.08315845981162462,0.14328873187488406,54.0,0
443,115370,9,0.09515962924819774,0.3428956231094357,55.0,0
651,41073,4,0.049975870019840204,0.6653795922619469,50.0,0
536,62748,5,0.08545925712640369,0.06571317230142722,49.0,0
655,26156,5,0.08051242088457225,0.07318399022588053,50.0,0
594,232447,22,0.09917881638122024,0.1399009165778678,54.0,0
527,104765,1,0.29829104091144487,0.6973328750367349,53.0,0
460,335650,24,0.16880849143597088,0.19764864937377272,48.0,0
629,43263,27,0.04707764383248586,0.2639036675603389,56.0,0
545,113278,18,0.20589173667978306,0.2981699126285737,52.0,0
664,72647,27,0.0198850822661934,0.15830478355170785,41.0,0
594,45030,27,0.4144128723040055,0.89375901204175,54.0,0
508,15569,13,0.09838449111470113,0.4219328038922435,54.0,0
547,8994,18,0.11491022638563622,0.20727994855290016,58.0,0
545,18759,14,0.38614427955594555,0.15511782194010168,51.0,0
560,9311,9,0.06090219882628516,0.07326043377346181,61.0,0
479,173164,27,0.1968,0.30182514454214787,48.0,0
540,40171,27,0.0989963503649635,0.10002987378255412,57.0,0
613,70790,18,0.08227990126411848,0.14131856540374002,50.0,0
442,61489,20,0.13021002166754814,0.39783593912205556,62.0,0
556,5342,12,0.16433069811067938,0.6464011008744199,63.0,0
621,122943,17,0.1070583596214511,0.2553801557783918,41.0,0
484,10914,13,0.5576911633442427,0.8771534371168137,55.0,0
577,235553,13,0.2079386558412269,0.22462456869701525,50.0,0
603,19437,14,0.10000541154824397,0.23870271853234712,48.0,0
626,52537,6,0.16593973037272008,0.15496500492377804,48.0,0
559,1126,3,0.17067867284029573,0.14087692290289855,55.0,0
550,50429,12,0.13532815042487795,0.22718314734402145,54.0,0
467,4489,23,0.06639726453217284,0.1619990668853584,59.0,0
552,25121,11,0.10465748459586807,0.08755040146953905,60.0,0
496,7954,4,0.2847762874026827,0.2675264517803136,59.0,0
578,50044,15,0.10048179083124698,0.21168077413215458,56.0,0
498,47412,28,0.3954478467332569,0.234815069965631,54.0,0
568,39011,15,0.19219327503831246,0.15561278000770412,58.0,0
521,267853,11,0.07434741014076808,0.2918545115106568,55.0,0
605,5301,13,0.3804407336435806,0.15488686847040883,49.0,0
543,42535,29,0.17358091910121493,0.2291780108832437,53.0,0
616,57444,15,0.22227032375769196,0.2613393237002333,58.0,0
635,233067,23,0.20765696784073506,0.3755085323451519,61.0,0
469,315292,11,0.13198341746806172,0.34630855208511363,50.0,0
592,10572,16,0.08750087922909193,0.13852735091780624,54.0,0
588,110084,20,0.08318410259372654,0.22433151588383676,52.0,0
535,168155,26,0.12737156485679293,0.278349205074794,52.0,0
400,2050,13,0.11822156606666288,0.187689815895173,50.0,0
548,313160,19,0.4968,0.4385473456547087,49.0,0
612,39614,22,0.07679479357331706,0.11548164321854501,47.0,0
615,73475,23,0.11027154149336935,0.10970263790565353,57.0,0
539,26862,19,0.08743783783783785,0.21390274520651634,52.0,0
545,7248,10,0.18784643810305893,0.13400816134889998,62.0,0
571,14840,13,0.09809203559551899,0.26149032933736455,56.0,0
606,3240,27,0.10508588750421018,0.21163827221317305,56.0,0
541,4549,1,0.04983164983164983,0.1576857998164738,61.0,0
521,2574,2,0.9406040090971598,0.35966487170052064,61.0,0
643,6728,2,0.19836805830626633,0.90590444998,51.0,0
508,192379,14,0.244,0.3738909743751701,55.0,0
557,75276,10,0.0673778775968557,0.2969974462610988,49.0,0
622,110714,9,0.2061168630251101,0.4518585141631799,53.0,0
655,91663,11,0.14012490241998438,0.44096904511205354,47.0,0
533,58398,2,0.09108035056106151,0.36794710461490165,60.0,0
574,52521,11,0.1576258136767691,0.4848565808096129,48.0,0
594,51498,16,0.03588159075052327,0.10581726131098625,47.0,0
493,2010,21,0.2048,0.7209284946209341,57.0,0
554,335013,3,0.09301301389469976,0.23666149373298434,56.0,0
551,7458,5,0.1211251345574814,0.04654960876539448,70.0,0
566,29080,13,0.14981031560255065,0.4639719568095598,53.0,0
596,1608,21,0.1301918285396357,0.20849069005929335,47.0,0
608,1153,21,0.026261022549293054,0.11626138606176861,55.0,0
605,85978,27,0.36,0.5542870023956921,52.0,0
634,3925,13,0.09729924523013474,0.4361184975296349,52.0,0
596,173902,2,0.1378195300086416,0.20306616449593595,52.0,0
618,2647,19,0.07164960399143913,0.1741003644962697,63.0,0
650,9201,24,0.0703997701231996,0.14765735873082697,44.0,0
586,71248,21,0.48851444744290135,0.10281307956380537,66.0,0
567,29491,21,0.41209086031121445,0.4874202258078981,55.0,0
603,78519,9,0.2024,0.818034774484487,53.0,0
543,124952,7,0.13729977116704806,0.22846692949375566,48.0,0
585,37949,24,0.09157946485005969,0.6022371790497785,53.0,0
462,64223,28,0.08244580322401335,0.40342372305380236,49.0,0
529,6231,21,0.2488,0.5632291995523899,55.0,0
602,225332,29,0.10333832552297212,0.1549225829851067,43.0,0
592,54346,25,0.03719827221140002,0.15273745796112248,49.0,0
511,96004,18,0.25979381443298966,0.22742993431225103,51.0,0
607,18303,27,0.04067796610169491,0.06240321229278987,48.0,0
553,127207,29,0.08178868740725838,0.18765035296387872,60.0,0
594,9286,16,0.23289564616447822,0.19582288742793208,55.0,0
609,6702,6,0.12059196053596427,0.42802308890509094,53.0,0
630,121079,13,0.12880511785668283,0.2844996646307385,63.0,0
593,29540,1,0.06977955216108314,0.17385432675993348,57.0,0
550,87256,11,0.10367038135160005,0.3881779573242376,49.0,0
585,6334,28,0.16681423764830886,1.2573827224864083,70.0,0
619,45674,10,0.184823780258372,0.18237030802387685,65.0,0
641,3197,8,0.06237158990407511,0.13266173173062648,53.0,0
554,14614,16,0.08609898329923976,0.11550920327083741,49.0,0
586,57248,7,0.2721467427009697,0.40545085492181693,57.0,0
596,114787,17,0.07455787781350483,0.033600209516270754,47.0,0
493,27458,14,0.16126971647584887,0.30434499581412283,51.0,0
602,329560,20,0.11677528792072137,0.2915397535592618,42.0,0
616,4356,27,0.17929727867723047,0.22577302250094813,53.0,0
483,192529,17,0.047039877950586936,0.1043018370391283,53.0,0
565,25643,11,0.15480201120723222,0.3282967204794268,50.0,0
613,3146,25,0.2496,0.40524288889951376,51.0,0
577,79312,18,0.0690846286701209,0.2711190048626261,52.0,0
487,45818,12,0.26578215279263856,0.5970073041421619,59.0,0
586,8901,4,0.2404272845640794,0.48863980083275516,62.0,0
568,35171,5,0.06677414322117635,0.12457764158191047,56.0,0
563,46324,12,0.07056816419376519,0.22127952446291588,53.0,0
499,81821,17,0.09863013698630138,0.1223765913407082,49.0,0
542,110807,22,0.05268952923167817,0.17869416643933048,58.0,0
594,8563,21,0.08306173759195455,0.4676954142178761,52.0,0
513,98599,9,0.2224748910365738,1.3792729738859493,57.0,0
414,62412,18,0.027783585383418123,0.07621688280063743,57.0,0
579,10849,28,0.07190718688976529,0.11576058181211658,51.0,0
576,28397,2,0.3104,0.32711242983030503,55.0,0
589,4792,20,0.13178629249865084,0.28747195382820717,62.0,0
599,31317,21,0.13553479089177176,0.5894987165745305,52.0,0
535,126990,15,0.09534678409164316,0.13114198030231383,53.0,0
493,133778,11,0.08416374431443353,0.22891780253499347,59.0,0
573,94686,21,0.06720557933111428,0.11496426190619966,51.0,0
652,3539,29,0.3944,0.9425835657341242,49.0,0
499,105928,27,0.19765940114049554,0.2989617820345616,47.0,0
488,7501,10,0.03648408848929374,0.08295548157556816,55.0,0
544,17613,5,0.03065664293792828,0.15738340362854417,52.0,0
605,13611,15,0.08504001085040011,0.6382470715905241,56.0,0
592,166653,11,0.06684136569063082,0.12981902457658803,54.0,0
546,152038,10,0.15334924870102515,0.37623845142361645,56.0,0
572,11620,28,0.11284811466239304,0.3496207866394584,59.0,0
475,6082,23,0.1024907979844906,0.1581090615639931,73.0,0
600,10027,13,0.22907880133185352,0.32878542079364015,51.0,0
661,37846,12,0.08730728303100795,0.16867203411773254,50.0,0
667,30106,26,0.16134092233227265,0.14476733247052584,48.0,0
664,96356,10,0.0880292733925771,0.40986495238717624,50.0,0
576,6056,21,0.38699216286821003,0.29006781067079346,60.0,0
546,53435,21,0.2407203780201492,0.22032759869163113,48.0,0
502,7486,23,0.04133781014258928,0.07893950674362277,58.0,0
574,61439,20,0.04480294998847661,0.2082512728189824,52.0,0
547,160771,15,0.054789169128598283,0.18938150352630154,45.0,0
520,14209,24,0.06410011202491872,0.18288806910161,54.0,0
603,1207,20,0.18952719877986782,0.4364560074752208,54.0,0
616,20964,24,0.10496079496933468,0.11066824461834168,57.0,0
626,150497,17,0.06621098575310878,0.27420833971108644,53.0,0
530,21811,9,0.19692547188168905,0.2272967581170144,56.0,0
496,5120,7,0.11176846818036458,0.10586502854390477,52.0,0
478,38775,26,0.05750126611866453,0.1843455850235958,58.0,0
546,2836,10,0.16559546313799622,0.18317887756476342,58.0,0
463,37351,16,0.09527492073312195,0.34641725168006393,59.0,0
554,178098,28,0.0854406324431156,0.20403328665284978,50.0,0
537,92420,11,0.04745624896050856,0.15799057082908793,48.0,0
660,7032,20,0.02550586634926033,0.09158114828074947,44.0,0
561,7031,5,0.1276381487852977,0.08925432312432512,54.0,0
544,111240,22,0.04980166005533518,0.481914310342621,56.0,0
548,38223,27,0.42741825147078943,0.9149630261757403,52.0,0
563,25294,13,0.0958216883364869,0.13017668450541656,51.0,0
516,7721,20,0.029924429423157255,0.02944672350297017,58.0,0
588,244142,29,0.11457595086227262,0.4523969409111481,66.0,0
527,1357,5,0.049261461730289655,0.40387803419585283,55.0,0
441,190672,13,0.1841568349152843,0.2727835595951884,48.0,0
572,81032,24,0.19317122765398625,0.5033160321453245,54.0,0
495,26848,29,0.30003701114446685,0.7274573246157189,53.0,0
586,222505,25,0.08227192394417698,0.1886891843652694,58.0,0
577,8352,12,0.0540426848128673,0.0693288277385191,64.0,0
517,72176,8,0.088336062303067,0.14239786386673253,52.0,0
516,129252,5,0.12798766383962992,0.4638254113097755,51.0,0
515,19353,22,0.2187685862791239,0.13189937473396712,54.0,0
627,141569,17,0.08759325146333066,0.2136029261777781,51.0,0
431,99052,14,0.16043430701292388,0.1992969192621688,49.0,0
517,27742,16,0.16148895266222732,0.39040976049637344,59.0,0
559,46170,10,0.13307596230271376,0.1840185170001271,51.0,0
444,303439,16,0.1251152293461331,0.5298972385757759,46.0,0
547,9315,22,0.1275290710056651,0.4492221592903771,64.0,0
565,2015,9,0.17134026990831358,0.08207454103371865,53.0,0
539,37273,16,0.12418436473962013,0.1570321872241202,53.0,0
581,58765,9,0.05945065622904378,0.07111985678045872,49.0,0
532,61096,26,0.12175825735268032,0.38389214020859036,49.0,0
601,13691,18,0.09917355371900825,0.07337678991970484,62.0,0
420,60012,12,0.13399373435777168,0.17755502718696348,49.0,0
612,28449,4,0.02836283418246757,0.7087165930724089,59.0,0
542,10796,20,0.10632787153412035,0.1604874828816859,55.0,0
585,135238,12,0.24683707720113607,0.5276423957452182,50.0,0
598,4095,5,0.06688277322042868,0.1602113525684843,58.0,0
613,156990,18,0.24751689778821442,0.31451037478292965,60.0,0
542,147895,26,0.16755257684307834,0.15471413029465206,47.0,0
542,10636,10,0.03978091669068896,0.15134848820365918,49.0,0
524,26318,9,0.05930284448705023,0.11641699982475748,59.0,0
643,7717,11,0.09925411712576618,0.19784840396209247,53.0,0
498,25723,8,0.14509306260575297,0.5076513911712565,53.0,0
506,47111,1,0.15576166256242666,0.09921594041817679,56.0,0
582,89031,11,0.07345922390537456,0.03685867780719537,47.0,0
528,58783,5,0.19645293315143247,0.21475291145284775,55.0,0
568,61145,24,0.12961622013034033,0.27586429984962535,49.0,0
574,18879,4,0.39558000832216006,0.6047236008802509,55.0,0
568,16059,24,0.06507708856220867,0.4699686579529223,51.0,0
539,12270,29,0.10505737356566086,1.078989683720436,65.0,0
659,5001,18,0.08264391774287126,0.2610500211865189,47.0,0
580,8802,10,0.04690181124880839,0.2555039075272878,50.0,0
625,3234,6,0.2058535219156981,0.6774425032786291,53.0,0
643,10773,16,0.13508941517641374,0.5029516436421447,62.0,0
568,9873,2,0.1429549500205395,0.42443483082760547,58.0,0
578,13228,29,0.11454855701461533,0.11211314163327125,57.0,0
600,35887,29,0.3344,1.4329513736576867,49.0,0
546,40599,27,0.07959131106722761,0.1373826093327635,54.0,0
600,18719,7,0.07601188132985007,0.23890272475367794,51.0,0
517,46079,28,0.41198338071288,0.5783784424030767,58.0,0
416,24894,17,0.3920318725099602,0.2768249187401149,54.0,0
618,6829,4,0.05176837264106121,0.23273191806551183,57.0,0
598,3343,19,0.05364987381998318,0.11289813669982328,58.0,0
518,61823,3,0.3126605504587156,0.29369707954243895,52.0,0
525,145539,17,0.1713023888653447,0.1532657457601395,52.0,0
527,10424,28,0.04415312851857809,0.27451005915730137,50.0,0
520,90353,24,0.14068757375843988,0.16041940590711903,52.0,0
617,6153,20,0.09718564114705099,0.19592257808542168,50.0,0
424,21989,26,0.048751607700630833,0.40919539032320823,59.0,0
567,31226,1,0.07104947326310175,0.17099091305087077,54.0,0
653,128326,9,0.378197018865849,0.28117581935492564,42.0,0
576,227737,9,0.12069977691675472,0.3557665689579286,62.0,0
523,59403,5,0.1656832945944335,0.05600000845277792,54.0,0
514,7451,25,0.9977262001801879,0.3584231604167084,58.0,0
475,107264,11,0.37723468362905926,0.5306434994167136,60.0,0
614,184940,9,0.10734386470540254,0.23194588015263898,57.0,0
602,17480,14,0.08990402138257805,0.3466694357830383,64.0,0
608,86502,16,0.15444373586874602,1.4257926578459506,50.0,0
610,95261,3,0.10727459016393444,0.6906104674962409,50.0,0
601,105827,22,0.36453812771233723,0.4472071142975278,56.0,0
581,172958,18,0.12031030259039151,0.2562629462328221,46.0,0
569,525387,21,0.18161253837453548,0.31454747997560517,43.0,0
508,344574,6,0.07835779715263216,0.24524113282151278,49.0,0
522,115714,18,0.05039807640929735,0.17366880220454295,47.0,0
528,72423,26,0.6296,0.9322625277924713,55.0,0
538,91277,27,0.021632149850294748,0.13994391684480678,57.0,0
570,10237,10,0.11494408217049026,0.23328825993708616,56.0,0
490,162668,12,0.12610870570431712,0.284333211624993,58.0,0
487,156707,21,0.07728114972657839,0.4926438303389358,55.0,0
625,3483,27,0.1904423773343748,0.23201501146216771,49.0,0
560,12679,21,0.07534453936370457,0.3257891535422893,57.0,0
573,7963,15,0.21748218527315916,0.22094017335842225,56.0,0
576,2721,18,0.07978493591282225,0.1528031734882605,51.0,0
627,9537,19,0.08007655116841257,0.19603796046937666,48.0,0
499,10462,3,0.09301449821125965,0.3608917061108115,71.0,0
536,77741,29,0.0774961053675117,0.3369544062587388,49.0,0
629,8764,17,0.08979172857181447,0.28668659250181944,52.0,0
518,7329,3,0.08735369683128746,1.49173479053517,55.0,0
605,4108,8,0.2152,0.2814284733135908,50.0,0
490,2574,12,0.12941993248904743,0.09251985869170946,54.0,0
599,23818,23,0.047050769398328945,0.1695669127239129,56.0,0
670,189145,25,0.14072065091049982,0.3294972040841843,45.0,0
577,442761,9,0.20696954255027245,0.26714662397366423,54.0,0
551,386720,2,0.3488,0.3442144777785751,50.0,0
631,25169,26,0.15524970507274874,0.21909059893438246,54.0,0
624,20961,6,0.16941412341278683,0.09054795711785146,52.0,0
547,6889,7,0.1270773263433814,0.27026837471764564,56.0,0
579,34698,15,0.12236125227011448,0.24074194234843813,52.0,0
505,17130,8,0.12270552550111011,0.280307514305248,57.0,0
626,70923,22,0.14298554223055393,0.09274756583108852,51.0,0
545,36948,10,0.2518244035240292,0.3330564006196185,54.0,0
451,12215,5,0.2102915405448463,0.19494140033737373,63.0,0
649,70779,3,0.07817589576547232,0.1010363708165349,48.0,0
588,45226,10,0.11785681907467288,0.21605194544752074,53.0,0
596,15924,3,0.07458512026850643,0.10588790835059572,54.0,0
567,215080,7,0.05105366606125445,0.15251966790940671,47.0,0
617,63413,5,0.1795051027540892,0.25201638791808106,50.0,0
558,56911,2,0.07053557647785152,0.39095345481392113,58.0,0
594,29001,20,0.060768284742819936,0.15607443253230346,54.0,0
503,9849,14,0.404,0.7879191674631257,52.0,0
511,31739,4,0.09753394292047658,0.6467408932329477,54.0,0
616,289962,8,0.5818345140150665,0.10541894317598596,52.0,0
526,20155,9,0.5552,1.847777960311472,60.0,0
571,10343,12,0.24949331171463315,0.14982376413328813,51.0,0
597,37722,14,0.2055526814968098,0.1424300654258512,61.0,0
569,49554,10,0.11083922109253835,0.3346803796272743,54.0,0
586,161644,3,0.04106743994670638,0.09772637962357271,52.0,0
510,131828,15,0.08012292219583741,0.2399209623379503,52.0,0
474,157983,17,0.17542595356977403,0.5797581843680436,49.0,0
548,40788,8,0.2622670807453416,0.18634583815706474,55.0,0
544,13042,18,0.1462553584937379,0.36017377615834684,54.0,0
596,5435,15,0.19361147327249023,0.30755965181497663,54.0,0
620,1805,28,0.04225916282795914,0.13432928470798033,48.0,0
572,98974,22,0.13740900225925426,0.15275375625960486,49.0,0
546,26274,23,0.21559264337383577,0.46627296022678216,53.0,0
575,10836,27,0.13033748097753112,0.309999075200714,55.0,0
473,6036,18,0.1122396784800877,0.23290706267667405,54.0,0
587,43379,2,0.10030395136778116,0.21895848255187242,63.0,0
471,9347,7,0.15398113621408205,0.3787334225758337,52.0,0
506,502133,13,0.29891771173337917,0.26537148328079324,49.0,0
565,65094,23,0.12183953812462672,0.22003999928503667,50.0,0
568,36449,14,0.33220910623946037,0.7090336734011371,55.0,0
559,29680,9,0.2569958343543249,0.9718068380795633,56.0,0
549,4684,11,0.11276741232783041,0.2769554162317195,54.0,0
547,7312,23,0.16981902299632604,0.2214514720618973,52.0,0
576,7039,15,0.1505006147900931,0.16525149466127986,52.0,0
535,5434,21,0.019760592817784535,0.0943570852209041,57.0,0
615,7081,14,0.13675766331912143,0.25678707873260437,52.0,0
505,6391,24,0.11825813516017633,0.2673326644208127,58.0,0
466,68723,23,0.2552230378317335,0.3772394694375102,52.0,0
490,109464,18,0.22319138019497178,0.4245912050461157,52.0,0
550,10259,14,0.24827288428324698,0.4704069676622656,55.0,0
542,91097,4,0.07314049586776859,0.23722561116800348,59.0,0
605,123176,12,0.4642649622312609,0.8151921037359572,46.0,0
619,6797,12,0.2407184623562656,0.8656785289213172,54.0,0
446,105511,17,0.1266979734627628,0.26674543106994936,59.0,0
483,5435,6,0.0771083170976681,0.08548987761118056,54.0,0
610,6550,5,0.4568868980963046,0.39039629678011384,52.0,0
596,51929,11,0.09073868635476837,0.08671072750271287,63.0,0
471,7784,3,0.13197665718988477,0.06813197473347664,53.0,0
543,286514,26,0.1014910618667106,0.6709363909325473,44.0,0
539,134137,21,0.2068919667590028,0.3934217962201003,46.0,0
545,19916,4,0.1655705996131528,0.47996842940773543,62.0,0
448,53397,19,0.17524474168847534,0.8241892418031012,50.0,0
529,129584,13,0.3433206341403466,0.336525786858296,50.0,0
516,3451,19,0.21182038240813775,0.27150615044471776,56.0,0
619,127575,29,0.1260810521049246,0.2640515768324941,50.0,0
591,257994,17,0.05795286857756115,0.1642433213453186,45.0,0
510,88197,10,0.11417816813048934,0.3286011124096573,50.0,0
556,19654,28,0.06536086863955716,0.1786812397320419,60.0,0
493,110815,7,0.06058309557774608,0.08943485542187807,48.0,0
607,25707,3,0.17642448281595138,0.18021216429937367,55.0,0
477,9461,3,0.05713245487516279,0.03807059484955098,54.0,0
568,47384,11,0.1484485905495843,0.3672989569391699,59.0,0
589,157188,27,0.11543584430960487,0.3900459827828094,55.0,0
588,3399,24,0.07204378632950062,0.22286687433421876,56.0,0
488,116064,11,0.1287996921768363,0.12079028912988739,46.0,0
536,58610,7,0.06717881660673423,0.14248372602615092,60.0,0
616,54264,29,0.051406050682558116,0.3403609602680806,59.0,0
552,15545,1,0.02234780375032109,0.09804544240275413,63.0,0
656,43576,6,0.07091030068755742,0.17670387676246824,50.0,0
614,10778,22,0.1687638786084382,0.3448305272520794,50.0,0
577,89233,26,0.1536826799396007,0.5731005628223662,51.0,0
646,24524,4,0.0977308815243559,0.33690550522267776,51.0,0
576,32336,25,0.09203256760686247,0.15122559816555847,53.0,0
530,44512,2,0.3387646003441837,0.6898247683925454,69.0,0
526,8948,27,0.20442307041013313,0.4635950735936108,65.0,0
601,4667,4,0.14095505055561117,0.07752506796538196,54.0,0
602,7873,22,0.16003031953952201,0.09591066862414142,53.0,0
547,31898,4,1.0436301444634477,0.6280474870414516,61.0,0
594,58296,22,0.376,0.40791528963743656,51.0,0
625,27955,3,0.022966507177033493,1.2393663665500352,57.0,0
538,73658,15,0.1094249069093918,0.17139165432159184,49.0,0
478,64908,20,0.07150508837707553,0.5475127280219135,50.0,0
491,114163,4,0.05066823322073726,0.058955678584777384,53.0,0
513,147581,20,0.34236972400607874,0.3964648898151694,55.0,0
541,26848,18,0.30494872938029427,0.4622369530750422,58.0,0
643,47180,1,0.06921708996397793,0.11359393753543345,65.0,0
649,97998,9,0.19833325573816288,0.151435778575919,62.0,0
569,31951,14,0.05183749477444609,0.15162073608463522,51.0,0
501,47391,12,0.7626809390585086,1.6243252454681512,54.0,0
526,4077,4,0.05114614354799049,0.13901379386927482,53.0,0
612,8572,24,0.196,0.19258545723592546,51.0,0
505,5179,28,0.06914310127824672,0.23036303983138545,51.0,0
525,28310,13,0.3396744100969453,0.4394902810874345,62.0,0
618,19640,2,0.0403041825095057,0.13512089400253546,52.0,0
607,8198,20,0.060241477878749096,0.2885688555255661,59.0,0
606,16787,20,0.13634511792132542,0.763916853944118,58.0,0
599,37095,20,0.10879516465934848,0.36029500448791596,57.0,0
594,149358,23,0.5776,0.5180270803453942,58.0,0
636,10774,9,0.05832609589980345,0.05572769487853827,47.0,0
578,9250,19,0.11474302343709401,0.228824360930919,52.0,0
607,62406,4,0.12690381015028082,0.032387695187599916,53.0,0
594,1086,10,0.18173950670705322,0.11499453550026391,57.0,0
634,206964,22,0.12461837357757424,0.13610909011465488,48.0,0
542,31731,2,0.2843305733479144,0.358558394862097,55.0,0
573,19072,3,0.1496,0.518119213102256,56.0,0
632,15577,1,0.12646244529784764,0.06783217106378264,54.0,0
504,7693,13,0.09811140329906766,0.1385066049189791,59.0,0
439,7315,19,0.3928,0.49829609530848584,51.0,0
569,47641,4,0.16575860521761426,0.6061707312858239,58.0,0
554,142113,28,0.09884090000705335,0.10366633780184746,52.0,0
551,14047,19,0.1425973537342447,0.20449869835407442,51.0,0
610,333852,7,0.05658659569997899,0.2207583687390508,44.0,0
566,89327,28,0.18970604305540378,0.359412418299903,56.0,0
593,16766,13,0.1253583786455759,0.2998453906650086,50.0,0
643,76726,17,0.02640771272879698,0.09226384409552837,50.0,0
563,51000,15,0.24765862962224944,0.20958025276242984,54.0,0
589,99904,1,0.07502613615398807,0.07811259739667985,61.0,0
532,1821,13,0.04973302822273074,0.17606706883545697,54.0,0
486,49457,4,0.08987890566601883,0.16356641214981002,56.0,0
631,80667,7,0.12174211248285323,0.46586995762366634,48.0,0
610,5948,17,0.062055591467356175,0.23896504518856143,56.0,0
579,31667,19,0.04246540274368666,0.2755785113078195,54.0,0
611,3965,28,0.09510156609234265,0.3056257676587217,47.0,0
542,4489,20,0.1680221346524692,0.6838552203814059,63.0,0
516,66818,17,0.19637012793811368,0.13443816682450416,57.0,0
502,59678,19,0.07103977669225402,0.21807574672592797,47.0,0
571,4235,18,0.2975924220497303,0.3421082759899757,58.0,0
613,115064,11,0.14280047600158668,0.2643443748473278,43.0,0
533,88219,6,0.13037961298509043,0.4877417606876859,57.0,0
628,57774,11,0.13640669403220715,0.34472599237110607,53.0,0
503,25908,23,0.15755096655010886,0.2290769098376901,73.0,0
610,278021,4,0.10706862889173473,0.2550911386026963,44.0,0
520,238326,4,0.1340318959065001,0.09981916037161362,55.0,0
579,71316,27,0.16153961210549933,0.2779884781040719,52.0,0
515,1351,10,0.10263953583394624,0.1446134557509862,54.0,0
596,66459,20,0.135112168592794,0.17047186344650822,56.0,0
605,6190,22,0.053517939159954744,0.1545954749109748,55.0,0
540,8689,17,0.9056,0.4421614042691341,52.0,0
613,46287,5,0.1281708945260347,0.13360746247706753,56.0,0
575,6380,1,0.05979944668929946,0.09999173650314937,57.0,0
588,2020,23,0.06640345127212305,0.0880428788196999,53.0,0
508,127133,2,0.05508127261951299,0.7026763011084253,52.0,0
589,104930,17,0.2784,0.4519717340650197,48.0,0
641,14156,14,0.08777564846554563,0.294988962766777,46.0,0
550,5905,17,0.10650977607587553,0.17071509138850205,50.0,0
614,144344,14,0.19891153558851776,0.15007336255886572,44.0,0
657,2452,6,0.12857542159694402,0.07898518534053726,48.0,0
617,20649,6,0.11782477341389727,0.13116352543859122,52.0,0
559,6346,4,0.4216,0.843148387129268,55.0,0
412,5828,14,0.14814347057337712,0.5728413357834624,63.0,0
593,21507,7,0.15531135531135531,0.2720058712507934,60.0,0
532,9066,17,0.12845359173540483,0.28877424018192166,55.0,0
575,119766,6,0.196706207531959,0.4329264727944255,57.0,0
578,96935,5,0.0790148278461925,0.4259468118855606,58.0,0
545,9889,29,0.4246817323506122,0.5687467829927213,68.0,0
588,1977,11,0.24784011272201417,0.29774316760153685,52.0,0
599,6857,12,0.1618969060634446,0.45684014781086557,62.0,0
556,113684,16,0.1139469667388449,0.07078875619902143,54.0,0
551,2208,2,0.07938279392498424,0.3454447976381968,65.0,0
650,7651,15,0.14009005789436066,0.13692867112545618,54.0,0
510,196276,27,0.045659053818896574,0.07446403611594542,61.0,0
564,251408,10,0.07914262159934048,0.46999165715114943,51.0,0
596,16623,4,0.15080113100848255,0.4737979452085741,56.0,0
605,85462,12,0.07255234674881797,0.19942680767859797,44.0,0
651,9109,6,0.18711217183770884,0.964896335509159,49.0,0
572,4083,19,0.2875192604006163,0.2926574465340297,53.0,0
589,3162,25,0.08969851333019574,0.15377163227700993,56.0,0
515,77501,4,0.13519927981013177,0.27094219852411344,71.0,0
582,9067,15,0.14067216743811634,0.1608965251182258,54.0,0
601,10556,1,0.1054039043054327,0.1276350061878626,52.0,0
454,1220,23,0.061479061479061486,0.25756946740835207,55.0,0
561,7129,14,0.06697896940097678,0.10361821936010877,54.0,0
590,4387,17,0.22628571428571428,0.13655840060827365,53.0,0
657,77845,23,0.07532292369144576,0.19020788497223062,47.0,0
591,7307,20,0.1740401006575209,0.8461138095998832,53.0,0
601,156901,19,0.0979591836734694,0.23941585199271678,44.0,0
572,40958,26,0.06419087935347316,0.17185877396383412,51.0,0
600,49317,6,0.28653572617498413,0.17844536427764449,55.0,0
577,150840,8,0.05075841993950834,0.3568910631741736,54.0,0
549,108532,19,0.1366028440264248,0.17154652218073269,48.0,0
640,20515,17,0.32595111583421893,0.5857462731493835,49.0,0
616,4419,15,0.015025797302597834,0.3522658024358305,50.0,0
617,57679,14,0.1735007190329978,0.16197688631453383,53.0,0
601,11875,17,0.07583437561714172,0.06618378693335455,48.0,0
506,35597,7,0.4008,0.6907874357638696,55.0,0
629,1974,3,0.14210329496821375,0.361738362019884,56.0,0
638,13005,18,0.07642694601909326,0.11894134874651942,51.0,0
590,10650,28,0.05947741213949233,0.09399697327110884,50.0,0
618,30181,2,0.22198322219832226,0.6974092506593389,53.0,0
565,11021,29,0.2882847256549679,0.11550310244569176,57.0,0
592,62591,5,0.0698314304690218,0.16058024184056738,56.0,0
583,335685,5,0.19715142428785606,0.25749068031173883,54.0,0
484,6690,2,0.0372658295843685,0.12710964711606568,57.0,0
599,5423,26,0.3406892508688916,0.23651151394488054,57.0,0
553,58737,27,0.22041581991558545,0.30259207766174134,56.0,0
667,3068,3,0.06305269287542489,0.20655505675854605,62.0,0
560,22761,11,0.03396236094841517,0.03672897634385306,62.0,0
447,2071,17,0.09721566776781501,0.5041032692478908,51.0,0
523,162850,16,0.33071450665017016,0.6158656507267934,68.0,0
559,41572,15,0.2768293456876309,0.1577440067863244,54.0,0
585,9705,8,0.18001831581701627,0.14301775107887688,55.0,0
619,3321,5,0.09391121249341991,0.2591019210647446,59.0,0
492,9128,16,0.15974655009595762,0.6041482872506219,58.0,0
548,169077,18,0.23842997033846655,0.5479793073466619,54.0,0
529,14976,13,0.1412290502793296,0.26366682503492095,61.0,0
580,6051,10,0.21543307086614175,0.15097616123615426,52.0,0
549,11211,13,0.2551230983346931,0.1359773016096809,52.0,0
569,3436,3,0.12039572969649545,0.15443257538900987,59.0,0
574,312446,4,0.24585926280516995,0.3281697678141211,56.0,0
531,2698,7,0.6208,0.721663755084216,54.0,0
547,3624,14,0.19734584143690653,0.4861277033648112,54.0,0
631,287930,20,0.06724415699642766,0.2138808721351037,50.0,0
630,28780,14,0.10269978930863835,0.09873876097803161,66.0,0
535,120020,2,0.07826220921275612,0.16544106453284063,51.0,0
599,6906,26,0.23223765955043488,0.2762543123106396,55.0,0
647,55241,4,0.07794738551477753,0.2510182995444008,49.0,0
608,100915,10,0.1436252714300486,0.2521753017586301,47.0,0
594,53290,21,0.2344,0.30844083066817973,49.0,0
644,9365,2,0.16053006793592217,0.34011109942707074,55.0,0
652,219555,20,0.04079116938421023,0.7254090506591365,61.0,0
467,4360,11,0.15356061346097488,0.3391858935077183,50.0,0
520,13700,14,0.05396874516478416,0.11882075458134138,55.0,0
560,19032,1,0.11484334279261017,0.20276899206551735,64.0,0
536,2585,4,0.23638795986622074,0.2821496426749192,54.0,0
575,21016,29,0.4475741828954397,0.9502885765909049,53.0,0
497,19197,5,0.2418862690707351,0.4913370984372078,58.0,0
524,8104,11,0.34072900158478603,0.26430049710244274,59.0,0
584,2065,4,0.4256630351050952,1.095222054402356,57.0,0
666,34681,15,0.11448146746599216,0.06273704146205328,47.0,0
511,74716,26,0.10211833455076699,0.2631923875133578,60.0,0
600,4942,1,0.1901823930898855,0.20202002033766722,59.0,0
519,182580,11,0.1324743877174561,0.10587408857340662,59.0,0
504,36047,23,0.6660806228808238,0.7260508348520867,59.0,0
429,1711,15,0.22288064387741563,0.3311492236999126,51.0,0
598,32153,20,0.11365376435559336,0.5960230996681124,51.0,0
578,65936,19,0.254431008779195,0.24270097898483364,55.0,0
575,5458,22,0.08197743636260559,0.21945146096588758,58.0,0
619,21518,5,0.11490143259458799,0.19158069825455945,53.0,0
598,36819,22,0.2807322868904582,0.09982366245863414,52.0,0
583,8108,6,0.33295138320510725,0.3101250533256311,64.0,0
616,29994,14,0.24213266923251076,0.29142107941666723,62.0,0
622,1831,11,0.0491080797481637,0.6753361624776922,53.0,0
562,99373,19,0.07583378472490908,0.07615446924942257,70.0,0
489,8847,9,0.1009712214116278,0.596356371025786,54.0,0
626,31225,21,0.04986008649198677,0.10413685224577092,51.0,0
564,37184,2,0.08879415347137637,0.28683440198031296,56.0,0
626,83687,5,0.1465997013709787,0.3497629696803847,49.0,0
514,52403,18,0.15530732931127172,0.24973332449435004,47.0,0
576,21398,3,0.1601882438119372,0.09154747190373098,58.0,0
583,4148,3,0.07747489239598278,0.2292563552738321,60.0,0
590,7300,6,0.04636152902140812,0.14302417718497035,53.0,0
609,4229,5,0.10709994850964015,0.3258990605925919,57.0,0
559,63279,7,0.1254366993844618,0.15095189102410841,49.0,0
555,460396,1,0.0413806439137581,0.22209987167333844,49.0,0
626,47773,13,0.16282166636674467,0.31091435390121586,57.0,0
610,23275,3,0.045440520602507646,0.2504355934536432,60.0,0
449,151488,14,0.11014867485455722,0.3069531834320989,45.0,0
639,2489,21,0.06843379635529502,0.6072200022181945,51.0,0
455,30359,28,0.22646995477062246,0.21113406901971388,54.0,0
636,6315,3,0.07846388931663922,0.28366016159605484,49.0,0
504,111834,29,0.21249482829954489,0.13767937322467022,50.0,0
433,8030,3,0.1530880420499343,0.2915758684181692,58.0,0
602,53111,27,0.17168897602014985,0.18151368154679132,45.0,0
609,3123,27,0.14129455668511132,0.12640330122993923,51.0,0
614,10164,11,0.09403741475317524,0.23484272173494178,51.0,0
457,61402,5,0.16731842822082582,0.26018713906445456,51.0,0
627,122703,3,0.16875775541155383,0.33245526584265606,47.0,0
507,37250,1,0.20784255255702996,0.7293763060045148,57.0,0
568,9477,1,0.04466021733684826,0.10140140400581134,62.0,0
613,1716,1,0.06353158064744857,0.23660926405835764,51.0,0
492,33582,16,0.10770993615976428,0.3115463062558913,54.0,0
593,10375,16,0.0622568093385214,0.08941422925154778,55.0,0
640,161864,6,0.09291419359566205,0.1926691377771053,47.0,0
581,9381,1,0.06400750271094048,0.0734044722063275,69.0,0
540,1201,2,0.07804043790857026,0.3898425403001267,61.0,0
568,116813,23,0.41788143828960156,0.8079784037546806,50.0,0
597,190353,5,0.09027081243731194,0.19804137145911768,50.0,0
580,100038,22,0.05292397660818714,0.14893989950654174,63.0,0
605,13183,22,0.18481391865422284,0.3313955288111793,52.0,0
531,88821,13,0.12341983760547685,0.13105113953172542,49.0,0
557,110421,7,0.04457465731924244,0.1730608227087455,50.0,0
575,7644,27,0.09248730194829809,0.2594340078108717,53.0,0
560,101629,3,0.3333227637378318,0.5297843341031544,62.0,0
571,5164,23,0.4576,0.14310072021477194,54.0,0
517,18137,19,0.5788690476190477,0.4369520051936622,54.0,0
525,47674,10,0.05282230821202629,0.059410194638184144,51.0,0
462,25107,28,0.10609527771999168,0.28286400441712745,55.0,0
673,162041,22,0.051301324814432024,0.36286808910151225,48.0,0
634,6053,19,1.0104424778761063,0.44178381113552534,50.0,0
597,3476,6,0.08793329198539039,0.1595415698266809,63.0,0
499,72909,4,0.0888662873851826,0.33708467228000655,56.0,0
590,5258,7,0.05530512009688489,0.04944979732860649,59.0,0
593,96677,16,0.05692569363240141,0.10687013874859641,53.0,0
582,43920,27,0.2672,0.6087068299998385,59.0,0
536,4141,24,0.4425209629429267,0.5175563302851343,54.0,0
608,63969,11,0.05683379120879121,0.14638310417569877,54.0,0
564,7774,13,0.7155895411938826,1.3643744094374908,58.0,0
483,31788,10,0.09186167693036475,0.12054873245443644,50.0,0
507,1505,15,0.19938362588771272,0.21255872608493487,53.0,0
611,21487,18,0.2494179112953603,1.055034169697151,62.0,0
494,40067,15,0.09166324435318275,0.4371152926298674,52.0,0
577,1030,10,0.41941372275314076,0.9634953505536908,60.0,0
606,11710,2,0.2350614133035572,0.16066670905754935,51.0,0
591,61167,1,0.11795418946221425,0.2555928735839157,60.0,0
584,8251,29,0.05682913540924521,0.13913367342818295,57.0,0
596,352804,9,0.08376064514671666,0.19115190115464184,61.0,0
575,239063,5,0.1762962326560419,0.4156470382276333,56.0,0
590,249385,14,0.15540247982680577,1.2362423555757698,56.0,0
518,8067,2,0.05483542091465191,0.1365920292540926,55.0,0
546,132183,8,0.15121174195016499,0.22112765042058208,50.0,0
551,27201,22,0.050891998718085675,0.1084117102620756,52.0,0
523,78078,13,0.09684755827910797,0.13914063011298777,54.0,0
633,9099,18,0.35583829263287503,0.2740804331549423,50.0,0
568,3054,28,0.24237020780467733,0.47033768214899463,52.0,0
609,1293,11,0.37969946129855403,0.4755208523996142,54.0,0
559,5207,14,0.37310054962819267,0.31800720655389475,58.0,0
614,2716,21,0.5728,0.3133298147724264,60.0,0
551,28866,9,0.05964612930746689,0.20394350460100452,52.0,0
518,153733,4,0.4081321570794353,0.1917347262601659,54.0,0
482,4393,18,0.0967525195968645,0.14583850929787473,50.0,0
578,67494,7,0.10145200283741332,0.06573118770760758,56.0,0
560,10497,3,0.09891376480039119,0.02946967691141106,54.0,0
530,106844,2,0.20570446981354903,0.1819345671036542,65.0,0
548,2262,1,0.27223316266246556,0.4007528615348233,62.0,0
448,5894,7,0.15934879131721758,0.5217318011948708,60.0,0
484,68508,10,0.23749201975740064,0.3666539826198863,57.0,0
596,29539,4,0.08183508989460632,0.5509321397753573,58.0,0
539,23721,7,0.14768193312728295,0.10332468488387409,53.0,0
601,17075,14,0.040326355915200965,0.05293164058500138,53.0,0
545,82349,13,0.17462039045553146,0.1834668159611374,56.0,0
483,9690,7,0.18884517472807222,0.6200394341475809,55.0,0
554,4852,23,0.06143745576653767,0.1853665850735102,50.0,0
536,13656,5,0.14316023790476853,0.3759423390192567,59.0,0
557,92238,19,0.07696759259259259,0.14839570736867014,59.0,0
409,17725,22,0.2100436488690975,0.42443553299414016,57.0,0
626,9348,27,0.08273686764527478,0.08506730290471028,54.0,0
528,7126,25,0.08073749163630958,0.4778697878927912,57.0,0
590,6942,18,0.11234786226984292,0.14046647879973734,51.0,0
511,6963,17,0.14585215976866076,0.4672477616871517,60.0,0
580,9806,24,0.11003273416413024,0.3345010567798869,50.0,0
592,120965,23,0.1923875837453556,0.5288481100040675,49.0,0
442,10159,10,0.12839337544818166,0.30989330114831276,51.0,0
495,44680,5,0.1547520560611222,0.4241922883633968,55.0,0
524,8195,29,0.15292636878539964,0.9330195976668586,52.0,0
622,10153,16,0.2277294038847957,0.1737060758488533,52.0,0
519,72772,26,0.10138931231218153,0.18212345431431184,48.0,0
614,52381,19,0.11469751564574246,0.2562207569919084,46.0,0
494,3280,3,0.1367060964513194,0.3620685716042634,74.0,0
481,13970,14,0.05624566005709437,0.09971152122833006,53.0,0
525,29458,8,0.08259214704084249,0.09342086244583402,58.0,0
606,93460,24,0.20695734725706924,0.14592190787269899,48.0,0
557,155107,14,0.3530122909530526,0.675104851122322,51.0,0
512,10163,15,0.14988705319573017,0.2766874236883733,51.0,0
615,51897,13,0.19008490824431662,1.5502199202525255,47.0,0
614,16241,2,0.09810528641661603,0.2393564434813545,53.0,0
609,49932,18,0.07671987035762648,0.16570365409835294,50.0,0
595,160159,9,0.08008869179600886,0.22414701347288238,47.0,0
587,85664,29,0.07874547647768396,0.2553434448345693,64.0,0
484,30740,17,0.12265060240963856,0.10765014592917287,54.0,0
529,4252,2,0.08835459121340956,0.07835061941201349,57.0,0
602,9211,9,0.07205757453846498,0.050990012199989006,47.0,0
530,2370,17,0.2192,1.2451233560699817,53.0,0
577,82568,22,0.13093957070850087,0.24427414314476173,54.0,0
526,40996,5,0.1834935737272382,0.5107536658010124,54.0,0
596,19516,3,0.03382607090722999,0.07346974538921903,55.0,0
536,32949,13,0.5335483499395266,0.16963473164064766,52.0,0
554,82165,12,0.0642808297241851,0.0960003185902947,53.0,0
517,87792,3,0.4811163355073563,0.13490271497363898,56.0,0
610,3775,13,0.08371903630810995,0.08118068577257515,50.0,0
485,40887,26,0.12704381193077624,0.18936387341937308,67.0,0
539,37019,23,0.20166369177920723,0.14328350974588883,59.0,0
587,20798,11,0.3472,1.1931042258191804,60.0,0
555,5604,24,0.017674886066298152,0.07310922288301755,49.0,0
569,30683,29,0.08954642787619232,0.16527410802868991,50.0,0
504,255570,27,0.19109654731457798,0.17699412900958109,49.0,0
570,44361,24,0.11344564593911324,0.14121139215516015,60.0,0
585,24789,1,0.2496,0.48946611398290707,63.0,0
580,15243,4,0.10109037734049656,0.35699480199980443,65.0,0
509,122259,4,0.08544341773670946,0.21813300239593805,53.0,0
612,59020,4,0.5512,0.4267384896922955,53.0,0
543,9980,17,0.19327521793275218,0.5188732263584528,70.0,0
589,4707,8,0.10970982546164132,0.2999935820089355,59.0,0
603,3349,13,0.16662396884767128,0.2555822386726485,49.0,0
560,46945,28,0.13388774953432803,0.15560329625796784,51.0,0
613,2337,25,0.18499769903359412,0.25979276305554605,49.0,0
624,9793,8,0.10430282320936868,0.5942773173706364,55.0,0
605,50582,9,0.0732498671017176,0.619528264761871,63.0,0
635,39913,21,0.14252948885976408,0.31656644538662077,51.0,0
617,9415,8,0.24107762810720734,0.9235920953134908,67.0,0
512,98979,2,0.05537148507294395,0.060794692277206866,53.0,0
625,392284,2,0.3915638678869877,0.38783744187851976,49.0,0
523,23617,23,0.06744364905638053,0.30527327117967257,50.0,0
599,9967,9,0.12682270874479976,0.051235193708970436,62.0,0
632,2602,9,0.13617231988115872,0.372514123636041,54.0,0
573,28267,21,0.034577371293701135,0.09236256484678647,49.0,0
608,10366,14,0.05599490955367694,0.3863528005760663,48.0,0
614,41498,14,0.1920299417000552,0.17210877851003437,47.0,0
593,2158,18,0.1508038585209003,0.07616088885624239,54.0,0
534,5593,16,0.08380173735309146,0.12840954247139064,56.0,0
438,12563,22,0.11215667948254986,0.20322901138937152,56.0,0
464,33483,12,0.20025480111357524,0.3894083097552962,51.0,0
579,123863,1,0.6616,0.7564086683308371,58.0,0
640,8506,3,0.38995024264389705,0.37084646269414157,50.0,0
565,31493,18,0.1985614728133269,0.34108385498240257,61.0,0
547,47341,1,0.3252020939425235,0.4319917615629833,63.0,0
580,157007,26,0.057384555008066974,0.22552728929716495,62.0,0
611,7005,5,0.22567356651229437,0.25869616529643713,56.0,0
650,47530,24,0.5658344733242134,0.5663293532774875,47.0,0
638,16619,27,0.14725166983271032,0.19197880576691473,49.0,0
581,78353,4,0.416,0.9438240324828601,57.0,0
540,116866,16,0.08449744463373084,0.22252406440157974,51.0,0
606,68974,6,0.07808492447990881,0.18091258948341482,55.0,0
584,105987,26,0.16320040172406577,0.8389360086329033,51.0,0
536,43098,10,0.12124567474048444,0.5480641217595655,54.0,0
667,8580,22,0.02363854291521184,0.09440271605798008,63.0,0
566,114504,6,0.0658432163771468,0.20788002625902022,68.0,0
607,42349,19,0.04487911084578512,0.07779705109066533,64.0,0
502,9204,13,0.10205711572085392,0.31087068692879133,50.0,0
569,10921,12,0.04767497064041378,0.18697976253778018,48.0,0
611,9253,22,0.5057564785810179,0.3656376899323115,54.0,0
590,11502,11,0.13944310458232845,0.18402634592221814,68.0,0
497,10793,8,0.04678021677748429,0.13460595468820577,54.0,0
546,3447,21,0.14505672609400325,0.3607273411905751,52.0,0
530,47341,2,0.10530033415740717,0.22570278541677855,63.0,0
630,1139,24,0.02737686881108019,0.05829752665158535,53.0,0
500,148371,18,0.07707593183597278,0.3736300248870174,51.0,0
516,99957,28,0.07269264344099674,0.07667554819873545,51.0,0
502,6092,7,0.2392,0.4902358771115631,56.0,0
558,4536,18,0.09420701617968119,0.07417824270607278,49.0,0
618,19405,8,0.09949009999337792,0.054631417782206024,47.0,0
490,5321,26,0.07676461021359644,0.26592270488791664,49.0,0
638,188210,14,0.16376849830906867,0.12831681439344364,70.0,0
590,7559,7,0.07389716212419219,0.10851829433476713,57.0,0
595,13394,5,0.06966951639658032,0.03120319871740372,53.0,0
506,175217,9,0.22459806640993188,0.9751801181958513,49.0,0
583,5508,2,0.06651748497213812,0.1297605087043429,59.0,0
577,50473,18,0.09678690591913407,0.21202769870094892,60.0,0
398,97561,29,0.27234232226431915,0.24380127123265793,57.0,0
466,30750,9,0.1632977876810441,0.23219539742937367,56.0,0
566,81682,13,0.11564144866053892,0.07844835174867842,57.0,0
513,23488,16,0.13536457727642748,0.5642298883143393,52.0,0
588,1186,9,0.05839681283172634,0.42923932712352003,56.0,0
575,14370,10,0.10609822564040454,0.2821872928567047,52.0,0
586,207923,22,0.09650112866817157,0.6106105583154366,49.0,0
502,18021,3,0.051312677671340866,1.0109906206530257,61.0,0
549,208811,14,0.07736749560411957,0.13981498248148186,53.0,0
643,27457,23,0.04790036723614881,0.22099203238735993,47.0,0
464,74204,5,0.09739139526373569,0.35346680508283657,57.0,0
540,26642,7,0.108499095840868,0.19274215529956645,51.0,0
460,53974,4,0.3939485021540928,0.13507985947660162,65.0,0
600,114161,23,0.30187485167312716,0.06545268173507986,44.0,0
585,11687,12,0.038869170244980024,0.38303894761517326,65.0,0
586,46244,19,0.288,0.7084361114155552,54.0,0
633,149082,13,0.16647569160255363,0.26142776158463416,52.0,0
570,61467,28,0.36874888770243813,0.5094683498255969,55.0,0
595,48275,23,0.0936181097327024,0.6908389199568564,59.0,0
592,9671,13,0.13748088641394893,0.13650521726001594,55.0,0
510,43390,24,0.12528464017185822,0.19503142835419318,59.0,0
607,4928,28,0.2197542039480556,0.3383953048647524,56.0,0
598,2232,18,0.3492875411033979,0.4929400321933271,57.0,0
487,6605,6,0.11881562766058083,0.5179707712908858,64.0,0
618,1865,11,0.22482435597189696,0.9313100972516227,54.0,0
611,1709,7,0.04096955365060597,0.08044007617374509,58.0,0
619,100788,10,0.16727756148513911,0.08018086912849826,56.0,0
577,55107,26,0.18820359857596458,0.14587999815217748,54.0,0
559,4461,9,0.17536450477626947,0.47231400513135163,55.0,0
564,3280,11,0.22696365767878077,0.585530057137592,57.0,0
627,1037,28,0.17573748478872056,0.10161484622700441,49.0,0
580,152349,10,0.10208584491504219,0.22419172862568312,48.0,0
484,53271,17,0.07709626050189446,0.04513235321017835,48.0,0
605,7692,15,0.22951715523634805,0.36958596935958665,48.0,0
540,6138,25,0.13689514212377601,0.5148410073887514,53.0,0
558,9576,7,0.25460428073668495,0.5688577522656643,55.0,0
486,95340,11,0.336,0.7547206703760595,54.0,0
556,7881,1,0.05339179778179004,0.08653418148871467,57.0,0
627,230070,19,0.038063949701209326,0.25045278941853805,42.0,0
609,36259,10,0.0710165659175857,0.09331207615144843,53.0,0
532,2329,27,0.056166717080859054,0.17628452421281535,50.0,0
434,231710,10,0.036737416408695205,0.06941249976667023,50.0,0
626,2252,14,0.10855872545387181,0.27240765759607055,49.0,0
583,81076,19,0.27131457370852585,0.12916607927642332,65.0,0
556,5534,6,0.11572230485054935,0.317370619585743,54.0,0
608,48278,29,0.0544425540779834,0.23332978141426383,52.0,0
605,2528,20,0.1477092803513969,0.2964168799062153,49.0,0
577,10493,2,0.130745826823452,1.0894564683737544,64.0,0
524,57788,26,0.2571225913228514,0.21506427161883707,53.0,0
603,1420,4,0.05789973543178888,0.12243859239505779,50.0,0
565,38510,23,0.11196080519757162,0.29905371852492724,67.0,0
630,3558,13,0.13795182993479327,0.5766935262557616,63.0,0
557,11776,7,0.05462064212279593,0.1478072017745446,50.0,0
600,9955,19,0.19783126157101297,0.17902877558695698,47.0,0
630,35168,23,0.12010113780025285,0.22278752565795482,52.0,0
530,90763,16,0.13568047065312314,0.06828937491831145,55.0,0
528,57001,13,0.03161786068505364,0.09915861544768044,56.0,0
509,90701,29,0.06397774687065369,0.321192610925227,57.0,0
614,260419,15,0.03860833693266459,0.33475524925371813,42.0,0
585,3309,7,0.02646956923432267,0.07431086819493113,53.0,0
500,5777,2,0.055536904704810326,0.08895368642462372,67.0,0
523,2234,1,0.19845758354755785,1.058539999133146,59.0,0
527,8978,1,0.02281901907225217,0.10872289160463557,51.0,0
599,56702,12,0.22204098277092468,0.29459625269344775,53.0,0
566,437329,20,0.07772285665587184,0.3903293798383553,70.0,0
551,65404,21,0.37420072282457606,0.28370484485677366,56.0,0
621,82784,6,0.11661647960580344,0.2766816735925565,56.0,0
590,106614,2,0.17310195227765726,0.709436193379179,57.0,0
494,27041,19,0.27204163542539583,0.7757590629709831,58.0,0
617,144595,7,0.04504459861248761,0.11034509566046799,44.0,0
614,51454,4,0.21979182590086022,0.27646531859569773,51.0,0
539,18370,16,0.25772550982109343,0.46981543165263506,60.0,0
500,109020,8,0.22360673175549897,0.10416239211902732,53.0,0
574,143325,28,0.07398770823864197,0.045898911318875045,53.0,0
593,28308,2,0.1936245572609209,0.0795463954800855,61.0,0
644,8851,26,0.2994663764037487,0.12781282467515293,56.0,0
534,9069,11,0.09642337620356045,0.11087643582392272,53.0,0
594,13914,2,0.12636546360220222,0.15738982497308637,62.0,0
564,2671,6,0.1002592112571746,0.08491209026996382,59.0,0
570,3817,20,0.08646937286062313,0.12065611753119429,52.0,0
594,61461,21,0.6478595383704873,0.572943048347581,52.0,0
607,8648,17,0.1500568397120121,0.1919335768300668,53.0,0
582,28839,15,0.20853826480424945,0.27157377217848605,51.0,0
531,125763,13,0.057101122103445985,0.1083571796164969,56.0,0
621,23871,27,0.2808865061509741,0.5419150975607114,56.0,0
636,25057,20,0.03695090853687874,0.2107567966432575,46.0,0
632,89833,11,0.16209045226130656,0.42106883291222774,48.0,0
601,60924,24,0.07578988811968897,0.17048522370640376,60.0,0
604,7148,14,0.06996946715256575,0.09455738683953321,52.0,0
550,147372,18,0.051061382912453886,0.10594751632180155,52.0,0
580,45826,14,0.10362970870825074,0.1415918935972508,50.0,0
580,8683,15,0.19437452117762943,0.5291776721277105,51.0,0
501,9438,23,0.7522082752208276,0.23627345467369662,56.0,0
541,66056,19,0.09928074519514209,0.15170307646253076,52.0,0
572,1362,15,0.07582578510603678,0.16787834551399503,51.0,0
462,8714,12,0.30630124677075143,0.8366983901521927,56.0,0
644,40399,13,0.1927007299270073,0.18816297972327864,51.0,0
556,103557,10,0.4241387355159811,1.284619002998092,51.0,0
574,7800,2,0.2830301222785565,0.1224535290296938,59.0,0
587,10398,5,0.07822660418051794,0.07875271936313433,56.0,0
634,87166,2,0.20421694735446227,0.3690278820870472,54.0,0
631,108263,7,0.39248618784530387,0.5240935250017426,51.0,0
544,8626,22,0.14164201183431951,0.3897255629568211,54.0,0
517,26908,26,0.1768,0.43528549964688856,52.0,0
553,10142,25,0.4865000838504108,0.6476498296929282,53.0,0
568,43348,26,0.12143575981214358,0.27966132213904693,54.0,0
593,23807,24,0.19295244611700307,0.27430888204022763,55.0,0
546,47768,10,0.4912,0.33754249438647893,67.0,0
608,53367,17,0.5256541816316059,0.7458436841682123,46.0,0
557,85369,24,0.1190082644628099,0.12198215953014982,49.0,0
463,121003,19,0.1574114560559685,1.073527345047727,53.0,0
516,181268,10,0.2223629505217655,0.14475475077159236,49.0,0
613,3796,27,0.3568,1.0044634137886062,57.0,0
609,112251,17,0.31745659314875646,1.2456850853196773,48.0,0
639,176007,12,0.10089862840927007,0.14648871420758497,55.0,0
557,4163,28,0.07138667783829074,0.17683734289317474,51.0,0
555,265560,6,0.16638921083131386,0.31799938117439047,47.0,0
622,110370,29,0.025981437035296488,0.166775664196217,49.0,0
562,122705,15,0.028548912316179204,0.15024886310303198,52.0,0
624,4473,4,0.15635041135553124,0.2228949092439979,56.0,0
535,10770,25,0.08412362329413021,0.2563015157251658,49.0,0
620,227557,17,0.10192169714363279,0.6107725288281959,46.0,0
509,43277,24,0.20946933587543692,0.17464271703548262,60.0,0
600,26693,3,0.09745138479670007,0.12765606746638017,56.0,0
566,22489,2,0.18450184501845018,0.17855075628105238,62.0,0
604,7056,11,0.5686743441627727,0.17741427872274698,49.0,0
613,5267,9,0.08478926885816014,0.3089011607426928,56.0,0
643,10943,7,0.06400227563646707,0.12503129992498782,48.0,0
621,40547,9,0.08979435781194528,0.3997796183385836,54.0,0
522,2584,15,0.08900165902215282,0.2064899985332643,53.0,0
481,1196,29,0.03774526935942883,0.40701562428264926,61.0,0
507,8657,13,0.07325013564839936,0.25539319448989845,62.0,0
640,55876,22,0.17497624850262297,0.31349784776952583,46.0,0
652,41549,26,0.21772588563088766,0.2503332598959015,57.0,0
596,7950,17,0.05157980016203079,0.323353990921338,54.0,0
493,52654,23,0.17914105872959876,0.06684727876034005,50.0,0
620,6435,24,0.07597318026144421,0.08374227884588481,51.0,0
558,6394,18,0.11962274285533736,0.14309495884971735,52.0,0
552,5996,6,0.16865200809830974,0.07459655424424617,53.0,0
472,81114,20,0.30483937680959605,0.31212739580177,55.0,0
576,222961,18,0.3567073170731707,1.058822490712161,50.0,0
543,9426,14,0.1825010579771477,0.35081924349085514,53.0,0
614,39614,19,0.052913299921584674,0.21276397706014258,61.0,0
581,30491,19,0.1624751632131706,0.4559838803227841,57.0,0
516,55951,8,0.23430713834960468,0.3535771301407278,74.0,0
522,8042,4,0.7303334412431208,0.8735002477417946,56.0,0
553,158632,7,0.08490681456710575,0.2036657553772988,48.0,0
669,13261,26,0.12092064582617656,0.14332646578221253,55.0,0
483,5009,3,0.06742904004738257,0.22988688610319122,58.0,0
552,53211,26,0.1736399326977005,0.2237772893312109,58.0,0
585,398702,14,0.3221520365933348,0.42660577377017866,45.0,0
529,21132,2,0.05241022322872857,1.246877862181718,56.0,0
585,36972,28,0.2639508103196907,0.2604566664754773,57.0,0
628,56806,7,0.19800799188882925,0.08035281211104632,47.0,0
527,584841,8,0.24460652591170828,0.7794949866628625,47.0,0
575,95002,9,0.0569998827162907,0.1846593851279114,52.0,0
614,202369,19,0.17870122502526284,0.2176520950863388,43.0,0
519,272185,10,0.3592116220967891,0.19189009928186262,48.0,0
555,142098,15,0.05230810341372169,0.08486893575928432,53.0,0
516,6558,18,0.09795547019131139,0.5273216797084843,51.0,0
490,8582,28,0.11648588697368689,0.2393583635577157,50.0,0
530,95758,16,0.04518814235963645,0.19461222720352062,54.0,0
551,21697,4,0.29675512071514043,0.2493864265865648,59.0,0
539,45283,3,0.18031496062992125,0.34983289418840086,54.0,0
499,172781,6,0.05485082559705194,0.16417739536379128,61.0,0
572,20263,26,0.14631314108767177,0.18897138417754197,58.0,0
602,21890,23,0.2069985214391326,0.25773101801284287,50.0,0
608,3237,6,0.24567901234567902,0.5171503560770712,59.0,0
570,77530,6,0.1629507706120006,0.3061757909742916,54.0,0
536,52175,4,0.11129465207516002,0.10242356886987432,58.0,0
538,117374,22,0.3116435546073685,0.2341654193376908,50.0,0
622,10613,27,0.07650975353346572,0.10200543205879253,52.0,0
509,2860,29,0.3349414197105445,0.4185514683643043,58.0,0
570,4492,29,0.15734334848784345,1.1207708128016685,51.0,0
501,97997,24,0.0362610797743755,0.2742851842924231,56.0,0
581,16904,7,0.15920022635103273,0.3487330014100181,54.0,0
467,4719,2,0.28952925102471744,0.18810138611929056,63.0,0
480,10336,16,0.04560590705081801,0.06990819063171703,50.0,0
532,115437,6,0.17989009929624988,0.5000479841017573,56.0,0
578,82314,12,0.4544541076192787,0.20475611367143598,50.0,0
597,9913,25,0.04357361136077656,0.46859318160782515,49.0,0
549,3552,14,0.16542884820785414,0.27162635510358724,59.0,0
458,48566,9,0.09242093784078519,0.21738800381946782,52.0,0
534,18461,3,0.24510978043912177,0.26202851338893063,56.0,0
565,111395,10,0.10623856459894943,0.04495222163819229,49.0,0
535,86640,13,0.3221476510067114,0.6284861259595236,50.0,0
519,85299,2,0.08070648469333656,0.09247135316042844,55.0,0
597,37359,29,0.06382428622434533,0.07263630818429559,56.0,0
555,1381,22,0.45162474756746834,0.32474735311679254,56.0,0
618,7558,11,0.476,0.45128399123748886,62.0,0
619,16865,11,0.12522297538351765,0.30149501934429557,48.0,0
453,20509,3,0.07427869858809086,0.15165232481321803,62.0,0
445,323666,23,0.22654811797422744,1.0707119906026168,49.0,0
573,34239,11,0.08816095440299263,0.17607116920615765,57.0,0
602,6314,26,0.41777847951369707,0.5221024466869596,54.0,0
581,9226,19,0.03928489633152357,0.21110067859188872,55.0,0
546,8831,17,0.10395554102647925,0.1556604009288102,51.0,0
571,55722,2,0.5056,3.637579540660117,56.0,0
601,417588,25,0.3254047401812048,0.1166112782615299,47.0,0
610,1070,17,0.14650019616440885,0.08102669181544694,52.0,0
567,327034,23,0.20360880237715862,0.37812477955041224,51.0,0
607,4030,19,0.1746020312612548,0.4046617663343657,51.0,0
561,19618,7,0.06851315129987579,0.160057213870421,52.0,0
585,218664,24,0.15072321346313303,0.5098381755236813,51.0,0
522,5542,19,0.2772421320720393,0.16960491446669315,59.0,0
510,6717,14,0.2521531977276892,0.6668043237805432,54.0,0
562,142999,10,0.07120598317232783,0.08330230104975384,54.0,0
533,16180,16,0.3454047035059876,0.3635364169745413,54.0,0
467,4028,3,0.1584,0.6850044998564077,55.0,0
574,42036,5,0.10965890978642015,0.22299936739857296,54.0,0
542,272096,5,0.15628896832654418,0.2486428358680908,47.0,0
574,99501,1,0.3304,0.5595539976438736,68.0,0
539,25516,17,0.045160531577090435,0.21013364245055013,56.0,0
625,96803,19,0.09099260100546155,0.10506779571896699,51.0,0
550,30023,4,0.10549531336151442,0.21772798791422365,54.0,0
644,23518,27,0.45545912455364534,0.4590726314189446,54.0,0
604,41041,3,0.07620634011764094,0.29158774392576026,53.0,0
651,86142,4,0.32247927615538824,0.2871126663819325,53.0,0
619,22606,18,0.011353348503755903,0.13337608299343526,51.0,0
529,294525,22,0.17011029982911297,0.6349750436732702,52.0,0
595,22149,15,0.14430251370342645,0.05609086534884789,50.0,0
583,7401,3,0.2922636103151863,0.24205741910025827,59.0,0
557,9225,1,0.23605913173652696,0.2473416521370713,63.0,0
554,24752,20,0.5503961345791737,0.14526881193043326,59.0,0
617,254783,22,0.2406982085438677,0.5226645357718691,50.0,0
677,74920,15,0.1968964640040702,0.25116039685264757,48.0,0
613,32192,11,0.05272152974757733,0.184053202040972,47.0,0
535,10234,28,0.49304455009684806,0.5610098040473289,54.0,0
445,4671,20,0.13018058984019748,0.12426040436973615,53.0,0
578,57171,13,0.09477855352184814,0.1874378792425418,62.0,0
571,7721,29,0.05031322448576925,0.1645368865763194,49.0,0
603,48052,1,0.13545174294522172,0.23436478465089464,52.0,0
524,5986,2,0.11646859743644603,0.42782704158406765,55.0,0
571,34075,4,0.12097317529631942,0.17185206276580242,55.0,0
614,41080,9,0.11528988883711642,0.18531707109473772,54.0,0
517,131336,18,0.033969253007694274,0.13792042772376578,46.0,0
662,50923,9,0.2872728406221751,0.1554233960587939,42.0,0
556,41168,18,0.19799670691547752,0.7642357339228186,57.0,0
482,26277,28,0.13296113377710972,0.35196665937781496,58.0,0
579,6825,7,0.22813688212927757,0.3136485172051342,51.0,0
593,30851,7,0.02681546304845249,0.10046956224366763,59.0,0
527,245554,15,0.29690439541645286,0.9271438149199851,48.0,0
594,3824,7,0.09809448641334988,0.16192118960071908,51.0,0
662,32286,22,0.13063383864075695,0.20282919649129405,51.0,0
492,63161,9,0.07410284293925742,0.3736358361892998,49.0,0
478,24511,23,0.461660497091486,0.7252292968173014,60.0,0
638,20937,16,0.12885947518862825,0.19468238679724859,47.0,0
622,160768,29,0.1075516904783033,0.5918174322259608,53.0,0
611,12046,29,0.1087132140796307,0.44515192667616477,50.0,0
673,101057,19,0.13940863522854763,0.24879031130915294,42.0,0
533,23072,2,0.05283127399033196,0.0482842672384547,54.0,0
397,121640,11,0.1982259930582337,0.5947897592738618,48.0,0
498,26903,28,0.14645794640488194,0.21068449582467355,53.0,0
580,16628,15,0.27398843930635836,0.23532110364124578,55.0,0
523,99253,23,0.0755369372963628,0.3678120124761809,52.0,0
618,106327,3,0.046614571570531636,0.09863765932879787,47.0,0
537,4278,8,0.13089263438832643,0.10314620087467005,51.0,0
648,46556,26,0.06979648638683049,0.25605295368764924,54.0,0
593,70415,11,0.2485149320530556,0.5853482166844649,54.0,0
632,7918,27,0.3832,0.43190827495320017,53.0,0
548,6848,15,0.09449889524672823,0.39534008961992023,56.0,0
609,133622,17,0.21168110702487064,0.4665783452051641,54.0,0
442,59975,1,0.1944,2.4858219275113167,56.0,0
523,98128,13,0.13869954359551892,0.2096835185855432,49.0,0
544,128895,27,0.07958494937792777,0.24521150541511585,46.0,0
508,76734,6,0.16788702928870294,0.32131075327238584,52.0,0
623,1891,27,0.09635790077430456,0.0651836160346922,51.0,0
583,66953,8,0.24628347878423112,0.36015621402639025,54.0,0
448,9016,28,0.17361562403803402,0.2103177461097658,58.0,0
583,6153,20,0.2714650825447262,0.34887781270818174,59.0,0
537,23169,23,0.3632,1.4837434491785153,51.0,0
595,62889,9,0.3371721937005689,0.6775007622924162,60.0,0
566,149510,3,0.056612493260417465,0.4029404707819284,54.0,0
590,14676,6,0.11226934282939463,0.19669337156643174,53.0,0
548,83086,16,0.23251055122138378,0.10446686108225403,51.0,0
564,23071,11,0.10915339672356512,0.22696517863104984,63.0,0
484,41164,13,0.39657623676193243,0.11018646286224153,53.0,0
611,158046,7,0.0852683435902945,0.19054380715315183,50.0,0
569,9161,18,0.08397737502760179,0.08348041759816152,61.0,0
545,82795,8,0.16343723673125526,0.09116657526169261,52.0,0
582,18711,11,0.0658239380480583,0.2980009822551228,57.0,0
580,114401,18,0.28290013679890563,0.20344020896798848,55.0,0
549,3990,24,0.088231639120169,0.17392554506662308,58.0,0
595,47336,11,0.16264893322249932,0.2608943422380459,52.0,0
590,215339,21,0.04617830376744304,0.1826454218467716,57.0,0
587,10312,3,0.0643070577837633,0.2689673105962939,56.0,0
628,273793,21,0.1101069825387095,0.2726950715789608,50.0,0
538,129745,24,0.222972972972973,0.8375216293923514,51.0,0
617,4839,19,0.147646461225872,0.1923673611268668,48.0,0
567,79557,21,0.07361290575198716,0.12170876944336002,52.0,0
556,52393,23,0.44784841508765716,0.1304382558686866,52.0,0
581,45135,3,0.0971882147181488,0.0761643480131909,55.0,0
611,69487,27,0.22726907952812775,0.21697248823735216,49.0,0
527,7289,9,0.09001680508536497,0.08860482926704916,52.0,0
614,11514,16,0.10639131208830337,0.1990458154439234,50.0,0
553,46735,16,0.15968185989599268,0.3906095032775379,53.0,0
509,143471,11,0.10530514559234144,0.21591242250675427,46.0,0
583,5680,22,0.18191766712800542,0.3446790066063435,60.0,0
568,2813,4,0.25226549106049473,0.11449825161759547,56.0,0
626,9985,13,0.054907911981789334,0.21192767415268415,51.0,0
553,9258,11,0.22473246135552913,0.27179176135604916,56.0,0
583,126470,12,0.2424,0.2653570317764829,50.0,0
545,61847,2,0.1729335762796091,1.6604582971061683,53.0,0
597,94914,8,0.14925065664108772,0.07755281893108752,61.0,0
561,13455,7,0.11659192825112108,1.06223256437548,57.0,0
509,31990,11,0.1380799730048929,0.35496541336248466,61.0,0
556,198392,20,0.19386359194840727,1.0317203694156607,59.0,0
473,1814,24,0.09659410568226079,0.1580066866993595,54.0,0
560,128033,7,0.09728281405654221,0.13512644464261436,55.0,0
456,78591,29,0.14568880079286423,0.14960770577606092,55.0,0
533,26139,25,0.21691805317990984,0.5097023627524725,54.0,0
621,105434,3,0.16671973139598834,0.6893313557713441,54.0,0
509,6328,2,0.034453547848916535,0.18007345621884993,53.0,0
626,87466,9,0.12023781476502626,0.09998930964709497,47.0,0
594,7092,2,0.0791007613592205,0.052271157836424234,59.0,0
607,20667,18,0.22340425531914893,0.4338510371918992,55.0,0
590,228070,16,0.19060244513183092,0.15634579970536044,50.0,0
631,40301,16,0.1657746672155894,0.7355393987099499,52.0,0
496,7452,24,0.08616128788451365,0.3153836234818104,53.0,0
529,34179,21,0.24651525489813822,0.22066557048319954,50.0,0
544,45393,16,1.1104331909701037,0.33293015618458055,63.0,0
536,3323,27,0.035971303791357455,0.08182547805524326,51.0,0
599,122619,21,0.26272912423625255,0.44830889644832517,51.0,0
535,50159,27,0.055435786880197103,0.299838584112367,48.0,0
646,2727,27,0.1476126837565302,0.2544025131596897,55.0,0
624,25318,17,0.03923141429977759,0.5739225896761715,45.0,0
528,17222,27,0.060464238535572756,0.1713869407240912,49.0,0
568,108226,14,0.13870793946221285,0.08828083618349766,46.0,0
528,2560,6,0.1387222719043776,0.20591637321821707,55.0,0
611,73003,1,0.06340517732922796,0.174089039163885,50.0,0
630,20636,17,0.043471101597233656,0.4489200984988549,60.0,0
584,83681,2,0.5930072497017528,0.329641555945078,63.0,0
493,5040,12,0.09900343081195884,0.22058461002679935,54.0,0
592,68434,7,0.7104466987008364,0.6248423588678793,51.0,0
560,10600,13,0.28840950639853746,0.12026860232614908,59.0,0
553,5382,29,0.15362731152204837,0.12770221563371803,50.0,0
599,29544,7,0.1292611620447901,0.03957921746381543,56.0,0
600,18567,14,0.2909242254766798,0.28563998003447993,51.0,0
582,291853,2,0.18402380407415883,0.10066157209480879,51.0,0
542,24969,20,0.13498383663171173,0.9852506301415567,63.0,0
484,4305,9,0.03813187272651252,0.16892263771274252,62.0,0
668,42960,27,0.18982864976010969,0.49381632613974324,45.0,0
620,81935,14,0.17079571231597207,0.09117547369842383,46.0,0
524,196299,29,0.3684577808792743,0.13429375736430973,51.0,0
580,66664,25,0.022075732025141806,0.19058566707125507,57.0,0
607,29506,29,0.0977235285307773,0.2563084702474194,47.0,0
540,56122,25,0.15846118616899474,0.09037714955933047,55.0,0
571,159004,12,0.1299668313815745,0.28671145433892076,51.0,0
539,52387,13,0.34094783498124787,0.3886028942991121,50.0,0
584,22712,3,0.05474509531821888,0.10291750391407482,54.0,0
524,6457,14,0.03729429546728257,0.39236909163990374,59.0,0
571,1750,2,0.11746280344557558,0.2425729242537481,54.0,0
478,54238,19,0.17513823904721396,0.1368280366480397,52.0,0
490,4777,23,0.22577724117114398,0.09745007183465017,53.0,0
494,33836,26,0.09209789518758853,0.19296476849695904,59.0,0
606,3114,22,0.2318956071321845,0.19634754215686268,49.0,0
643,120090,9,0.13552999689151382,0.38974798482719936,53.0,0
522,6504,9,0.02502361296811943,0.07838685177123489,58.0,0
540,321266,27,0.22574934741516398,0.46868569199307075,44.0,0
557,7773,13,0.13596704786219058,0.07982688811312078,52.0,0
521,6310,15,0.12692739287643906,0.13503606132507848,58.0,0
556,8520,8,0.057058394030594976,0.8840730908187764,53.0,0
532,71939,17,0.307372909886657,0.09397289181263609,59.0,0
601,25953,5,0.12953900563391865,0.08227298346671515,54.0,0
636,9062,2,0.01972733199172359,0.11864278644361764,60.0,0
626,9584,21,0.2727622961345833,0.2223249576613673,57.0,0
494,4851,11,0.0498960498960499,0.18951225165083788,54.0,0
436,55501,28,0.08755079423716292,0.1580604431129147,52.0,0
449,58734,22,0.04683527801316733,0.16011710114425642,52.0,0
573,18382,25,0.26180678032529886,0.13639948063472054,52.0,0
484,5917,29,0.23143564356435645,1.6076593509701607,63.0,0
645,74201,6,0.0924647253077154,0.04865078055196619,66.0,0
576,2420,6,0.2563695416817034,0.11008684111566583,63.0,0
597,1591,10,0.45980229201294726,0.16235171513633467,59.0,0
554,96426,5,0.07568458417849899,0.16526392676088664,51.0,0
595,9250,23,0.03945838059819365,0.11989138216120217,49.0,0
575,88339,19,0.22339082877576777,0.4773287076086976,50.0,0
576,113909,11,0.16902283672518253,1.3539131842885928,47.0,0
600,49787,23,0.08567034385858317,0.26245182420776286,48.0,0
551,14024,18,0.1808234318872617,0.3003659913504263,57.0,0
458,50381,1,0.18823832196628493,0.12189669448068953,59.0,0
574,8476,12,0.097719149563359,0.1717449648686576,55.0,0
471,36003,19,0.1346585444052581,0.2744935111317106,61.0,0
629,5926,22,0.1514179819264565,0.1971001882949311,46.0,0
549,35784,22,0.2175662550298321,0.41422552209460944,55.0,0
569,38771,28,0.10394980750035648,0.4576665593636094,58.0,0
570,151339,26,0.11301243382986582,0.14843408340400985,47.0,0
621,65356,9,0.11170437831194212,0.31169244156425235,47.0,0
585,133799,11,0.09489959125644215,0.1541624012260424,49.0,0
594,96324,18,0.232846865364851,0.05396318380406425,56.0,0
524,284080,6,0.062351722524810374,0.44743752815670623,49.0,0
501,202664,22,0.11425837320574164,0.4847935820894143,50.0,0
596,23214,20,0.18436311260479374,0.3002393236469725,57.0,0
585,4009,22,0.17840952746830582,0.47884540261531605,61.0,0
552,78570,2,0.051830037862852334,0.11911368954788759,56.0,0
455,27727,9,0.07169609416800428,0.18412922864128936,52.0,0
573,54157,20,0.17155991418939628,0.12412094670680794,51.0,0
609,9864,10,0.1084415490826283,0.2814042062979624,49.0,0
542,9860,19,0.13513932543094334,0.16841335636469038,50.0,0
546,28725,23,0.04897218863361547,0.21522572467748852,54.0,0
526,1202,5,0.049460024705551414,0.12687553872931923,57.0,0
603,7347,4,0.1231774174734632,0.8039482549049947,51.0,0
491,3657,7,0.12345735337728403,0.12313723694807527,65.0,0
638,84898,23,0.18421744387781927,0.3689965152836182,52.0,0
612,58191,16,0.18193321616871705,0.07545488301283036,48.0,0
605,63840,8,0.23871461361897478,0.3300749001311582,52.0,0
560,62113,10,0.07864903164855928,0.28026662031878347,51.0,0
595,2493,26,0.053533125887435425,0.10577734720470165,57.0,0
645,54143,27,0.06422055544293534,1.0756029829048783,54.0,0
540,17140,18,0.06677658697444352,0.3057794539531118,60.0,0
572,62743,29,0.07004281090111726,0.4756626121781703,51.0,0
548,209863,5,0.06021144017363299,0.46978629630683705,49.0,0
590,5550,5,0.13835845896147403,0.11938707972300773,56.0,0
609,103346,16,0.09137786305312388,0.10138357624820026,55.0,0
559,19669,24,0.05377829138363539,0.3252514853819932,52.0,0
506,185941,11,0.22604295075585545,0.09270030910693186,46.0,0
517,2990,3,0.027439975054568133,0.10244792849783166,52.0,0
481,121825,16,0.07450269975552704,0.12136966142615442,55.0,0
611,29006,24,0.24373768646214466,1.019056360210352,50.0,0
615,5521,23,0.06569471280519937,0.3405626574904514,55.0,0
567,98816,17,0.08557186374965385,0.15551944238757728,53.0,0
566,7738,6,0.16078664433518827,0.20402386397215935,55.0,0
559,18383,8,0.0862202889544819,0.22835067587935573,55.0,0
546,218573,28,0.12413099924616802,0.3625212878274063,49.0,0
516,83697,29,0.08683838411844623,0.2365443130733846,57.0,0
550,43413,23,0.053508711521245096,0.6623359533379083,50.0,0
574,41372,14,0.06132226125838391,0.23668372965632448,59.0,0
573,51482,15,0.059489928942584876,0.11876653159235535,47.0,0
622,76741,15,0.07587911043527847,0.10129815076268046,46.0,0
559,280130,18,0.07702388275253404,0.18559340846417965,45.0,0
569,70840,6,0.2253906455516389,0.27956730417372844,50.0,0
554,93444,3,0.2385368246478709,0.2355646430224975,53.0,0
566,12010,17,0.18788093418575608,0.45069474636230106,55.0,0
533,14601,27,0.045510964004964835,0.05461712005451092,69.0,0
511,140727,27,0.09454184115267229,0.4977570307075307,57.0,0
488,73838,5,0.1173671049447447,0.2330099774743881,51.0,0
418,6453,28,0.10081061164333088,0.09428954199600759,55.0,0
611,41492,11,0.19473087662068395,0.6091707046923909,56.0,0
616,186679,7,0.2519324363011738,0.3959751073994778,46.0,0
544,7235,14,0.06868106031089197,0.16529909467734785,55.0,0
628,7516,25,0.07084826159358128,0.0933007055609037,65.0,0
557,180270,15,0.13261266223706408,0.47025263652251775,60.0,0
500,8434,17,0.2540518638573744,0.4310336138007484,66.0,0
441,13582,24,0.1432441282410026,0.5833145557371561,72.0,0
509,127056,3,0.1711201320426462,0.1005548175406946,52.0,0
615,199192,6,0.1575680407448671,0.438944165523645,55.0,0
634,30045,1,0.18791098122075,0.16712203530843642,62.0,0
605,39654,25,0.10514786418400876,0.34886470800946834,58.0,0
483,10791,13,0.21762321314273522,0.17560903879433098,58.0,0
566,14057,18,0.12293252446631947,0.6755568341921703,64.0,0
592,1565,18,0.23759877414896496,0.184430657219413,54.0,0
658,22118,27,0.04911676001723395,0.2063047158052652,50.0,0
532,48565,7,0.11525924638185057,0.31057074984653205,55.0,0
461,7294,13,0.3620637020453852,0.22437453167296548,56.0,0
632,177318,4,0.04230052674610302,0.19493204628001332,50.0,0
565,67191,11,0.15022210257100554,0.25011109481775434,58.0,0
558,68572,8,0.15287269045811186,0.2712788693168586,52.0,0
574,32725,18,0.07438299817184643,0.08839864455412969,49.0,0
513,119801,1,0.1899410510472846,0.285728518752127,60.0,0
587,41179,22,0.15743836328036548,0.15906805759889964,51.0,0
604,5079,11,0.08417137163732978,0.09153622531991924,49.0,0
586,279931,27,0.1341212744090442,0.37089572021070916,54.0,0
578,6469,21,0.0460315246198912,0.23095198440098377,55.0,0
601,5861,16,0.14338277130827295,0.3447002460908302,51.0,0
580,29337,1,0.2514746972989755,1.1821663444816224,55.0,0
520,25449,10,0.25739197271395287,0.17293006468249297,53.0,0
513,695495,7,0.07575458670349182,0.41060713660860115,46.0,0
417,5344,3,0.05872101939243542,0.06522858912613037,67.0,0
569,379185,6,0.14695322874145478,0.2534617241132794,54.0,0
482,52626,18,0.17467248908296942,0.6369880295194736,52.0,0
609,6265,13,0.12007897268017752,0.21823052538824714,47.0,0
512,155800,23,0.09877157208932213,0.37299047281663483,47.0,0
588,84809,15,0.05497373550497208,0.11260937364449632,59.0,0
597,148355,26,0.08629300776914539,0.032752826724264814,48.0,0
579,2792,1,0.2121768140116764,0.4409144828188814,73.0,0
575,1426,18,0.16168157620328194,0.33146106111173473,54.0,0
525,79771,1,0.21786389413988658,0.26405457546611744,58.0,0
510,8189,8,0.05530042403392271,0.18429765218695335,59.0,0
531,19969,2,0.06711221721987641,0.24260506265966894,57.0,0
594,24778,2,0.05243375305393723,0.10873830223659796,58.0,0
541,5679,18,0.1384947009161128,0.24265502410962214,56.0,0
557,10238,11,0.026247027392031944,0.07374060806087239,49.0,0
504,4708,15,0.10293049164446597,0.3447006471255665,55.0,0
585,57563,1,0.1080607841911075,0.04354617134787138,60.0,0
564,48081,12,0.0766132774076205,0.42681936219829775,56.0,0
478,79117,7,0.03796273639319048,0.3417150965527218,52.0,0
579,168302,7,0.10763301033824431,0.2661267541914532,46.0,0
592,25673,11,0.0685484908524818,0.5158544508827048,50.0,0
572,190644,23,0.22,0.31930412895463745,52.0,0
554,9397,10,0.1569078568963534,0.586510807230941,49.0,0
576,54857,25,0.049814845390004005,0.11530626655800688,60.0,0
483,16533,22,0.08928616775438686,0.27084932811782353,51.0,0
551,30501,19,0.08190397056205116,0.15593610358942114,57.0,0
577,224142,11,0.5724433920378866,0.9761439278872454,47.0,0
610,1926,19,0.1493151162385417,0.3598935081596643,60.0,0
589,201924,27,0.1592,0.42997156663033903,55.0,0
560,8103,8,0.4440936106983655,0.5495647231362093,53.0,0
635,13684,5,0.08423179697159038,0.058638440952342136,53.0,0
534,92610,2,0.18868133082789876,0.27296090217220714,54.0,0
571,83657,21,0.09259819645342857,0.4857973552045403,52.0,0
590,23937,26,0.1338302186660821,0.4022133970228531,52.0,0
491,159358,4,0.0562959803817038,0.12312943162485866,52.0,0
595,17632,23,0.06204292051312792,0.3264530333165676,50.0,0
639,2718,15,0.09289933391981903,0.0875875284468002,60.0,0
531,2544,10,0.02886582816911738,0.113909846771179,47.0,0
605,42682,9,0.10671009147947699,0.12020412799815972,49.0,0
615,8560,22,0.37129755855744206,0.33346006998363964,53.0,0
624,234430,22,0.118157853930842,0.3364741051114757,50.0,0
608,9934,1,0.15899237011020953,0.13866348391676903,51.0,0
646,5869,17,0.1418178953173832,0.18728759372953457,54.0,0
526,16147,11,0.02992614998471514,0.18859004102542734,54.0,0
579,57065,13,0.13923337091319052,0.14694420211210737,64.0,0
598,4538,28,0.06668077900084675,0.48678765889233444,59.0,0
630,178403,1,0.03740860397891515,0.250098160474715,62.0,0
611,1525,21,0.1327818894209839,0.3155237162991156,55.0,0
636,34587,13,0.19901823281907435,0.11381838956009446,49.0,0
564,6394,23,0.3288,0.29041352936499154,57.0,0
589,29405,17,0.05819338541423025,0.04455557897115438,51.0,0
636,42011,19,0.15357914320318647,0.05074371484625359,48.0,0
588,3109,27,0.14540293329127899,0.19171407221623873,57.0,0
531,8435,24,0.22348026392847384,0.33154047647541,57.0,0
563,120737,18,0.1464662508986942,0.19451343703203894,46.0,0
594,8812,10,0.11288135593220339,0.38167578795332363,56.0,0
593,5963,10,0.3256,0.6622422428099988,58.0,0
480,126421,17,0.12862966131548487,0.31177814780738344,49.0,0
603,80593,19,0.03608970870449403,0.039015779422169314,50.0,0
578,3581,29,0.04212347060768703,0.7159525903402226,60.0,0
565,65521,13,0.1424451258386715,0.232818066359161,52.0,0
571,4095,18,0.12531962425645307,0.484580531521012,51.0,0
486,4711,4,0.09724200180523519,0.15879272393400196,61.0,0
419,114935,22,0.03719125579634712,0.10680809565289312,52.0,0
501,71330,2,0.17745403484137084,0.13043422287614684,63.0,0
396,128656,9,0.12880999894969014,0.09605728430411013,55.0,0
575,2034,26,0.05453486646037202,0.44503714879189954,62.0,0
610,4161,1,0.2461105964284573,0.049012399693131536,52.0,0
481,34658,25,0.10786870209002163,0.09394146812193081,57.0,0
624,6290,12,0.030909747022883665,0.09177470313631499,50.0,0
562,124253,2,0.3801884900741929,0.6194649895197979,61.0,0
591,13655,28,0.26747261050245563,0.18279767751594103,55.0,0
403,8365,3,0.1712538226299694,0.7011261219357597,61.0,0
574,8511,7,0.06110552763819096,0.17103996229513244,51.0,0
553,68658,24,0.03937285581455,0.22609860305895083,55.0,0
545,10711,3,0.14755597710104673,0.6886193174965132,58.0,0
593,6375,23,0.08230554388393188,0.3579274002757982,52.0,0
609,10100,23,0.026992071079120508,0.19485495091198207,48.0,0
583,3394,17,0.1424059040590406,0.5479459339558379,50.0,0
586,25535,7,0.16437546193643754,0.18486350010690894,50.0,0
522,121718,12,0.1373035360396854,0.09853442881387738,52.0,0
607,16619,7,0.15680746082524535,0.1229045691067931,51.0,0
532,54299,11,0.07938524229351913,0.6049047996769947,68.0,0
544,62576,16,0.051303630640790424,0.2287640783629026,50.0,0
480,6523,16,0.2243130413109851,0.4034529473141544,59.0,0
550,4307,7,0.08775048480930835,0.4844296187498946,59.0,0
587,277061,16,0.03631352841047256,0.18250653241704134,46.0,0
595,10905,11,0.31870506423604295,0.30096819286293297,55.0,0
647,78147,11,0.1381666058989465,0.09326200830885675,51.0,0
609,495290,10,0.20199852457916975,0.21291787830798922,48.0,0
554,118158,24,0.21734397677793904,0.26435313535765204,46.0,0
635,66399,2,0.08821206003686474,0.0722441129444507,51.0,0
544,3504,12,0.08630136986301369,0.15472894908449014,57.0,0
514,200669,1,0.026567125756210584,0.23886339921304026,55.0,0
684,162293,14,0.1368074456139015,0.2288157093344144,47.0,0
560,27060,4,0.1060972925379705,0.3112900837983521,56.0,0
582,4246,18,0.25189655172413794,0.34677202287595815,51.0,0
628,13766,15,0.08094435075885328,0.25309379462156495,59.0,0
590,537859,16,0.045988086895585145,0.382191150281554,47.0,0
612,107951,5,0.10128125289838749,0.1646032937397593,57.0,0
594,20150,3,0.2678590592022894,0.48161693145684215,63.0,0
550,4672,19,0.21054025423728812,0.4379848813678186,53.0,0
497,24088,4,0.11646455603483356,0.15628820691546358,59.0,0
565,36829,21,0.19947831469118882,0.3422982485678502,62.0,0
581,24252,10,0.08258647015866694,0.23310293911737118,54.0,0
597,167047,5,0.1009985218256961,1.454801580260329,54.0,0
656,35142,29,0.17873496704070851,0.156737792734107,51.0,0
589,143142,14,0.11253444192004641,0.46533537614227977,55.0,0
626,10534,1,0.06805347748443458,0.13048955641216364,55.0,0
483,27765,27,0.21396970103230997,0.24274219723587998,61.0,0
531,8796,6,0.043242643899599455,0.16511742057902426,68.0,0
508,459732,4,0.19048823678219076,0.45113600482345945,47.0,0
588,15269,27,0.13548738428026866,0.14960854402387355,62.0,0
619,83373,19,0.07536101083032491,0.145739823224127,45.0,0
597,234490,15,0.2832,0.46846456353879723,69.0,0
557,238861,9,0.1122397155916709,0.2551585580477289,48.0,0
578,1038,7,0.08293066636700754,0.24719411072578681,59.0,0
605,30705,1,0.1089840980451737,0.3214801429160248,60.0,0
586,10866,9,0.5650566212156228,0.35525238511483065,71.0,0
598,30973,8,0.12065341994650364,0.10917626489662298,53.0,0
457,26529,11,0.4341844159280328,0.406792503882586,57.0,0
483,55612,5,0.05323997223312106,1.0449784410939862,51.0,0
518,39699,27,0.062003349606243104,0.302494969733763,51.0,0
597,108329,14,0.23246655469971625,0.1181460531772824,54.0,0
534,34112,20,0.0822632036303949,0.17237462433900452,56.0,0
577,82252,16,0.08513233321136723,0.1168025589511946,51.0,0
631,1176,9,0.12447679708826205,0.14680116450558228,55.0,0
610,78399,12,0.10100856904527186,0.21561319947303328,46.0,0
486,221695,29,0.10748560460652591,0.22432010416715228,47.0,0
521,6861,14,0.042764785295622054,0.1726297801612439,55.0,0
470,4755,15,0.2753593844907876,0.2977359140580791,53.0,0
593,13533,2,0.1418676856938142,0.3774640288827229,61.0,0
498,31351,18,0.24549174117290498,0.7483693035212768,52.0,0
647,56875,8,0.0793730407523511,0.37332787640645104,48.0,0
558,53413,3,0.25808626959851644,0.20687546142128266,54.0,0
619,49759,28,0.16047709406343183,0.34330467829937045,50.0,0
411,12970,20,0.06766786164131382,0.17335972087975698,55.0,0
558,3925,16,0.3144,0.3513000937712022,53.0,0
547,1012,16,0.20311787765521014,0.45418800432011136,52.0,0
603,193827,19,0.12614169917540705,0.1150088387599717,48.0,0
667,72276,22,0.04938177085327107,0.2886458495345137,60.0,0
586,3503,20,0.10614977973568283,0.8415429503378737,60.0,0
602,1784,21,0.1134084002318759,0.1192745789212618,46.0,0
639,89556,13,0.30214535770922474,0.17389845765055068,59.0,0
480,9803,25,0.6805639010862029,0.23641199187086873,51.0,0
549,43359,12,0.025027390208165582,0.049914905555615695,54.0,0
563,6233,23,0.1505678436227709,0.13247411836276127,50.0,0
575,1148,7,0.20104151167980958,0.4045191684151099,62.0,0
602,7593,10,0.12721515252837165,0.06882552731617006,49.0,0
569,100208,7,0.16944586371870501,0.37821267914293866,54.0,0
583,13556,9,0.06778454832540141,0.4374172839826928,59.0,0
584,10667,20,0.07319507596761672,0.5207319003807334,60.0,0
579,46684,18,0.20292001066129653,0.18526900963697351,54.0,0
564,580801,29,0.36491138594925415,0.40647149708832764,55.0,0
597,36902,18,0.1209105151598931,0.2975115263705259,59.0,0
527,140056,18,0.12846774193548388,0.17058782559093622,54.0,0
505,236184,8,0.17199119272153213,0.22574089294669555,52.0,0
541,8345,15,0.14153350959880445,0.1778473670798282,53.0,0
525,9999,15,0.1528951684117573,0.1052525737392742,50.0,0
600,1205,5,0.12059394020466857,0.13683663036534705,56.0,0
484,13376,13,0.14240705734089476,0.3005858833034392,65.0,0
633,6502,17,0.3078125,0.15470148706140202,53.0,0
616,3609,11,0.124986849026828,0.13266983270023558,54.0,0
492,9718,1,0.037515686576693595,0.592707844939522,59.0,0
513,10763,19,0.033012622473298614,0.14410510044586333,52.0,0
596,192116,17,0.412,0.2770946515870116,55.0,0
478,1223,20,0.12652218145944447,0.28716133995841286,52.0,0
544,12652,14,0.07079110573286947,0.12151011413338654,54.0,0
633,155764,3,0.27740492170022374,0.25717061965999793,51.0,0
575,25727,27,0.07276476253781354,0.47750038592204014,54.0,0
595,22041,17,0.08414563025910189,0.1069539774618936,59.0,0
660,290434,29,0.16150036683785768,0.2541302170844218,45.0,0
490,32523,7,0.05954064794234525,0.13379682328845327,51.0,0
542,14390,27,0.17449951171875,0.15488785408522635,54.0,0
553,70877,20,0.10866105230626592,0.1505638441015765,49.0,0
576,10740,23,0.10796242717292222,0.50701236660591,53.0,0
537,44443,28,0.20673490116415347,0.2932687793021875,53.0,0
562,169460,1,0.062464878294046323,0.18859090771235076,54.0,0
498,17957,7,0.10113201265190612,0.08939925705792984,52.0,0
544,28793,24,0.1268171669560903,0.282067784815644,63.0,0
600,5366,5,0.27071561057671567,0.979371864546813,51.0,0
562,195514,28,0.2366816987957778,0.19000334329014018,59.0,0
624,59572,15,0.21554613876415155,0.6304889656298207,57.0,0
511,89705,24,0.13128430296377608,0.6268238249067701,54.0,0
610,8609,13,0.29957786755027005,0.49982040622770835,51.0,0
552,71870,6,0.21356190752914686,0.4423073515871852,71.0,0
571,9699,5,0.11756030759507005,0.37107127490216263,55.0,0
546,62785,22,0.1220616510574955,0.2585947112663328,50.0,0
545,14149,13,0.43131042770524936,0.43005146298417113,54.0,0
602,118899,9,0.3712,0.33208802716386476,45.0,0
646,5008,18,0.11023864511162433,0.09967506387829335,52.0,0
604,181175,14,0.36988770275890753,0.14661333761810316,46.0,0
558,5862,6,0.6180977864266602,0.6608626724447839,57.0,0
598,69616,4,0.11352834861771204,0.2894606206203087,51.0,0
468,279007,21,0.04583642451827642,0.15982264665057808,50.0,0
576,1099,15,0.038602691314394456,0.3138931201787671,58.0,0
575,84517,19,0.11531595071741862,0.2369461581517017,53.0,0
645,30042,24,0.25493273542600897,0.38055571576430475,52.0,0
588,8437,9,0.14647979139504563,0.14665347582310687,50.0,0
577,10695,10,0.04861041436741246,0.12695365266479194,65.0,0
555,90970,25,0.13673320013451762,0.15447228438109756,59.0,0
615,5186,8,0.21049155970118455,0.3599051480318919,54.0,0
568,90156,8,0.5848,0.16135172137945344,59.0,0
515,146492,13,0.10218652387327086,0.5489242326835693,57.0,0
627,57243,16,0.05599306157849089,0.12287047624377914,54.0,0
577,15485,13,0.1119358074222668,0.21948450144380657,57.0,0
566,66903,28,0.039468666581924494,0.0952500215048754,50.0,0
574,33430,4,0.18115984348537056,0.24882979099393848,53.0,0
594,88277,7,0.0739383846794338,0.15528785803419223,58.0,0
506,170429,11,0.0737285242917283,0.5368952364480045,51.0,0
508,221940,20,0.16720886713689365,0.2902270091282552,60.0,0
611,8688,18,0.2505889912186764,0.5166803824106218,52.0,0
570,174136,10,0.06552583287331971,0.05538602182914378,46.0,0
483,7430,15,0.14327176781002637,0.7235816557353898,55.0,0
640,51473,3,0.20435657422797657,0.487391758406416,52.0,0
505,437040,24,0.06239653635553292,0.07634850138521065,48.0,0
539,38066,21,0.23333533689968144,0.22973146023155172,55.0,0
603,243904,13,0.1792854945730984,0.7838497163368865,51.0,0
573,41112,10,0.42,0.6069259584114262,51.0,0
585,9741,4,0.49161536828698793,0.5001848420523594,57.0,0
504,32485,6,0.025590446233406196,0.14764650178795957,55.0,0
595,35159,1,0.21482913601325734,0.2243671132172735,56.0,0
617,63301,26,0.13339307675440687,0.18351682485312815,44.0,0
486,2778,15,0.07551127425275303,0.5408906477197678,58.0,0
635,7247,7,0.129786778863296,0.1836470566737772,52.0,0
635,25257,28,0.53737658674189,0.41577652642551466,51.0,0
611,127338,10,0.06764847899565428,0.09313197352242332,59.0,0
481,9739,5,0.11120115570275887,0.21028305048361215,52.0,0
664,1107,23,0.20289733007664448,0.18919321028334896,46.0,0
566,5032,29,0.025459824205975718,0.07209017214939016,57.0,0
640,29093,12,0.12146263910969793,0.2510302171500039,47.0,0
624,66672,26,0.13813813813813813,0.24058330531819858,48.0,0
545,1326,1,0.24748283752860414,0.44323003395451943,56.0,0
525,509610,2,0.09564642553593353,0.25427882360554266,49.0,0
534,79324,15,0.23017292784734644,0.32289083079786796,52.0,0
571,28956,16,0.15713789510246615,0.259216566512141,52.0,0
580,322918,6,0.1086205194035746,0.249438716109877,50.0,0
596,20430,27,0.11893824534407459,0.2234516421253021,74.0,0
586,46736,12,0.03197969543147208,0.339389622296519,52.0,0
601,83394,23,0.05864132212324682,0.07556791823204155,56.0,0
609,75749,28,0.1904607660539315,0.25643755944950325,49.0,0
658,51258,8,0.09032407229008516,0.35362798339955304,50.0,0
439,121989,1,0.16371077762619374,0.19460331156253322,58.0,0
606,2880,1,0.19645575437286383,0.42592536145207627,54.0,0
605,84777,3,0.049526046472611364,0.08633588332977613,53.0,0
610,10078,6,0.026500484027105517,0.05032074633205993,51.0,0
545,1129,4,0.033114171905744595,0.18167017528655902,70.0,0
589,12514,29,0.14515552377547372,1.89295977678538,52.0,0
568,77662,9,0.049930408028715845,0.09355169341449646,50.0,0
548,54806,5,0.24728362682652683,0.22879647669851644,62.0,0
512,5688,16,0.1254536847088528,0.5435340579495337,61.0,0
548,134791,2,0.18438868976503386,0.26100283633056054,59.0,0
508,20228,1,0.3248,0.8833298493553686,55.0,0
605,9211,12,0.15353251318101932,0.3203228012146967,51.0,0
591,172049,4,0.18413239660189895,0.23616567687466034,53.0,0
568,163835,6,0.12930705657978386,0.15043485784913377,52.0,0
500,100096,14,0.157345855949259,0.38065296307829094,51.0,0
598,46930,1,0.040754229864920936,0.23808186469602735,54.0,0
549,26458,25,0.044631908041020386,0.7494298449380551,50.0,0
603,242268,26,0.3402997387597966,0.29437765124685233,46.0,0
628,207052,28,0.4070887724916547,0.6891115422360873,46.0,0
634,156699,21,0.0964387432936657,0.16282987498471163,45.0,0
622,12502,24,0.06808386295565783,1.1884890126432404,51.0,0
588,5458,17,0.07851878482833004,0.1243279430997188,62.0,0
528,6537,1,0.1039126531321498,0.30664234816108427,57.0,0
598,10956,23,0.16883144400889927,0.33193631617701086,67.0,0
582,25582,18,0.1224,1.1209448676449187,59.0,0
601,5191,20,0.2832629715375187,0.2399429576412309,51.0,0
534,56873,11,0.06324497420387831,0.12276704355026917,53.0,0
578,51431,3,0.09624406551113858,0.05570948870893762,58.0,0
587,2818,24,0.11141591052964761,0.22378408362083976,60.0,0
545,234244,14,0.17779504991377426,0.15961186660833496,55.0,0
570,36237,19,0.2825130602144625,0.8823517799400896,53.0,0
596,9228,16,0.09501142421934501,0.12323353480633573,58.0,0
647,42020,4,0.03821878363049359,0.2296182702171549,61.0,0
523,68170,12,0.3855137430694821,0.5572046439755068,50.0,0
656,2010,10,0.10001322926313005,0.13280992093372732,45.0,0
635,241648,27,0.15185394122775525,0.1054608714478902,46.0,0
559,4081,19,0.04577988194152067,0.06980529147560591,49.0,0
640,10562,18,0.07897116447302321,0.05250068606835634,50.0,0
515,198213,14,0.06995824695611551,0.16612653406673444,47.0,0
620,5396,14,0.14373975539024084,0.17046560632480123,53.0,0
486,1629,16,0.11719844357976654,0.9332918627502015,55.0,0
539,12633,20,0.19050312908814485,0.10409036029338123,60.0,0
600,64308,7,0.28366230677764565,0.49652535788296764,47.0,0
606,14238,21,0.23571736940566992,0.8195171874095342,48.0,0
601,72137,16,0.1319029752153464,0.13040082450593463,49.0,0
557,222388,21,0.04517784221152824,0.0921330592230649,49.0,0
596,166649,7,0.22986434399559494,0.4835116656662351,50.0,0
494,120599,11,0.05655480169391194,0.10739419181790645,44.0,0
513,9579,6,0.156061958926977,0.23567157402872868,55.0,0
545,9085,27,0.2536225196123673,0.3804427305458562,52.0,0
597,76370,22,0.04810404261986838,0.07444752405994567,47.0,0
528,27730,27,0.08089260808926081,0.20547356048199494,55.0,0
621,12415,28,0.14520281480633904,0.1639768971409967,52.0,0
466,8115,11,0.06880347337504789,0.25599277224068884,53.0,0
575,32090,19,0.22137109525984752,0.2756914698061154,52.0,0
470,184409,8,0.08589336841290722,0.18749564169774693,46.0,0
538,5248,5,0.13614446440389524,0.3075284914665442,57.0,0
600,39117,23,0.16705583306239472,0.30703875480723614,56.0,0
602,119920,21,0.8432,0.574353887160177,46.0,0
538,14296,6,0.1512489233419466,0.2708468267339588,56.0,0
514,86792,1,0.4150606253988513,0.32091217377248415,55.0,0
587,5704,13,0.1448,3.3032544568119135,62.0,0
610,3956,12,0.09342740954433283,0.21000292366122633,46.0,0
544,45062,5,0.14285100348102625,0.2504968941975281,65.0,0
506,108335,10,0.05368647100930565,0.13521989779095292,45.0,0
531,11752,2,0.13894557016086936,0.8095950223830148,58.0,0
602,83443,19,0.4377061284764952,0.7453765933018915,51.0,0
602,95727,29,0.07590347796533363,0.13386648399789608,46.0,0
514,37282,3,0.1367737144978652,0.2449999282323121,56.0,0
581,99298,6,0.08010783747352204,0.3016600128060935,54.0,0
659,5015,8,0.10482259008536438,0.14013698295959395,51.0,0
643,1350,13,0.12176588075942975,0.15609689262553555,63.0,0
565,1786,15,0.11029110291102912,0.10667355013772578,56.0,0
601,144285,24,0.10269678574982585,0.3857662173472815,43.0,0
608,2997,12,0.10553907705042423,0.33536739797168885,50.0,0
554,1495,1,0.08624600333397098,0.27382267892566126,55.0,0
563,41482,2,0.2936,0.871677874622883,62.0,0
536,19074,12,0.08898146219537596,0.26089025254518267,58.0,0
544,41444,1,0.22126356804898417,0.12860034572954973,60.0,0
534,1071,6,0.08723747980613894,0.17497525657555957,59.0,0
592,133070,15,0.1661419413572052,0.25160083283872764,59.0,0
595,14954,14,0.049830684430382875,0.2688797308886296,57.0,0
537,28214,28,0.033455482453824466,0.1444976867721348,58.0,0
460,7906,4,0.040592006181843984,0.06939924598205363,68.0,0
642,387210,4,0.20716172129874166,0.11432444649072389,51.0,0
581,114952,25,0.19067729504302383,0.15893818373334273,53.0,0
540,220134,20,0.15924605811635353,0.18467954232919723,49.0,0
551,85396,4,0.2192,0.38805081612072256,59.0,0
616,5820,27,0.20021805927247496,0.18935895597922173,51.0,0
595,5899,19,0.313457249070632,0.5008332157428768,52.0,0
572,2619,11,0.2809322696699515,1.2593938116847636,57.0,0
608,6821,19,0.3376,2.7885179215003335,51.0,0
585,91366,21,0.06182625237793278,0.2996378292811488,48.0,0
531,218271,1,0.03525992483844524,0.08267686129603086,52.0,0
531,18750,10,0.10755872113961025,0.1461898776879323,61.0,0
629,36438,1,0.043570041374651695,0.3116055660482768,54.0,0
570,116423,13,0.24153937041100515,0.3655513244339436,49.0,0
518,77984,16,0.4050564819795589,0.48490796721832063,55.0,0
580,52774,25,0.08897894458638006,0.23369041208534758,51.0,0
508,5464,13,0.052817102680868096,0.20147735050420218,56.0,0
525,59807,11,0.10177691503658355,0.39265137757777846,52.0,0
640,23926,9,0.40361057382333976,0.09358842169122274,50.0,0
637,32399,27,0.40372407955988154,0.5350935591354435,49.0,0
548,1722,7,0.14794949156330317,0.061574148135172736,56.0,0
604,4965,4,0.06062093508405939,0.19941198886343317,59.0,0
432,350314,24,0.5248,2.3148090707364095,46.0,0
587,9027,7,0.025086673678469867,0.07861915935207618,52.0,0
614,46926,4,0.20439280147371405,0.2792832479996303,54.0,0
623,112639,4,0.11684738224171075,0.0852165577748711,59.0,0
604,27355,16,0.13603612258622347,0.19821588309887433,63.0,0
579,9162,12,0.0703791636303801,0.08786063184192108,60.0,0
574,69287,4,0.09976763520859536,0.22375421098877496,54.0,0
519,159625,28,0.05352893302702202,0.19660921337402978,51.0,0
567,54833,6,0.08543959366307896,0.15345689317357075,49.0,0
567,7679,16,0.03167191148106791,0.2629653251776173,51.0,0
658,29283,26,0.20129441289129574,0.3205187555923609,48.0,0
522,41840,14,0.17355056808072594,0.32557368868237946,51.0,0
586,66983,28,0.1322000947134917,0.17022920493885743,70.0,0
502,247437,29,0.04343427530855871,0.17934135326225514,52.0,0
566,74148,25,0.343480466768138,0.24442654193074995,53.0,0
618,40678,14,0.22150503778337535,0.319962265759964,56.0,0
593,101334,26,0.2130921524292726,0.2582556162622294,50.0,0
586,58821,25,0.0797969738828745,0.24495489764211612,62.0,0
519,9558,7,0.12176476637756677,0.11173755313693934,50.0,0
629,1631,21,0.08229506443505695,0.28617458025530157,64.0,0
537,5345,6,0.08702875904901301,0.06756515768313384,56.0,0
598,7314,17,0.09359910857991828,0.39830745752753177,56.0,0
432,357082,1,0.1408,0.6245526969758154,61.0,0
620,45952,25,0.3333333333333333,0.5890549380533355,50.0,0
621,53532,12,0.1136078857238326,0.10509947719269902,48.0,0
644,64378,4,0.8365087538619979,0.44007233411533797,55.0,0
595,2817,3,0.5112966601178782,0.37764514183708053,55.0,0
587,25291,14,0.1405260126703782,0.10208527314201442,53.0,0
560,100998,26,0.14738488430930585,0.2942036997537468,51.0,0
564,17580,28,0.21972898149497305,0.3390948249726755,60.0,0
665,11912,4,0.15971556654815275,0.2977894170127384,51.0,0
625,66602,25,0.16622530046852718,0.5700853507680314,48.0,0
574,1029,13,0.49388922052216533,0.18872781297808403,52.0,0
543,11223,13,0.16834706940551394,0.06412753612429892,50.0,0
629,2651,9,0.2929242949035131,0.6587300580065439,53.0,0
551,81955,16,0.11973756150902133,0.2880923083339745,50.0,0
556,54504,14,0.09255052014827216,1.040799506007921,52.0,0
545,9740,26,0.037219354064113336,0.21010810914845035,50.0,0
563,193475,14,0.07762260474179929,0.17018438968326735,49.0,0
553,7014,2,0.20622364986950414,0.5003806931584024,55.0,0
574,9862,22,0.11950519107576761,0.27050021478208686,53.0,0
594,8967,28,0.16466234967622573,0.1709753956869893,53.0,0
599,4602,29,0.12620242869562778,0.24819067783646084,50.0,0
551,193021,29,0.04669613510143942,0.17248808402768903,52.0,0
628,5115,24,0.06971597196606419,0.19000467037887692,49.0,0
579,125413,6,0.15681933046136076,0.1332635923727121,56.0,0
609,48452,23,0.3664,0.8672453340506096,62.0,0
462,242980,21,0.1167258401828705,0.3518242396806445,48.0,0
648,17870,11,0.09565165665338171,0.10182089620485674,52.0,0
607,19419,27,0.07741935483870968,0.09259508241205318,58.0,0
616,11896,11,0.1789416729791148,0.24954319786468945,48.0,0
537,9049,9,0.06975213862689186,0.1257270108955412,48.0,0
611,27121,1,0.2397696675641812,0.10669690558163707,55.0,0
590,17386,1,0.1363729345182626,0.06831856192324175,62.0,0
593,93310,8,0.0847231100005811,0.1646202782380404,55.0,0
597,1599,22,0.08461598562387687,0.19715728487402,55.0,0
553,46209,1,0.1775508062541537,0.4909289824321141,56.0,0
549,154284,1,0.2528863899738186,0.33479072127297604,60.0,0
610,95798,12,0.11991129011700528,0.17031915548670937,52.0,0
545,7009,20,0.01831572826824305,0.22039327674774364,50.0,0
525,7771,7,0.20843921919070627,0.30410898651339535,55.0,0
517,40201,10,0.06307525717379535,0.21699984997865565,51.0,0
552,4194,17,0.16560657643444324,0.2585333396515719,53.0,0
591,100270,4,0.021739488463248736,0.03177755592550254,49.0,0
538,47545,10,0.13994326624341483,0.169456367323288,63.0,0
584,2774,25,0.06847128349692626,0.0939093238139997,60.0,0
632,83771,27,0.13604413876502156,0.2733622583755213,52.0,0
642,75250,15,0.07103766955558868,0.32224432296597033,48.0,0
524,18144,20,0.3888,0.2490838267763143,60.0,0
659,23558,3,0.11742211224834102,0.3911538898414168,50.0,0
590,7881,11,0.4230750756520486,0.5088751037199343,55.0,0
514,107365,22,0.07273186438537786,0.18452028210200042,48.0,0
539,3809,2,0.10390671268405252,0.10536169023896426,60.0,0
605,2092,2,0.07356070515198251,0.5858344266831682,68.0,0
574,134717,16,0.07371421688681896,0.23396678550622965,49.0,0
602,14282,8,0.10802095929060862,0.31981175771758824,55.0,0
608,46906,27,0.0802592411168469,0.1555384797996618,47.0,0
596,141297,1,0.33336374418392484,1.221150962843368,54.0,0
581,230372,20,0.058472253485693106,0.1321636935452981,50.0,0
639,54839,9,0.1163207248972711,0.16844608829442992,49.0,0
603,40115,6,0.1393247741321921,0.30996251897869226,54.0,0
594,1503,1,0.1342708651788444,0.6690505242496729,55.0,0
620,42760,6,0.2576,1.0323837924808688,51.0,0
640,333543,29,0.22552033020110654,0.7271444186147682,45.0,0
574,12775,14,0.0476516500068465,0.07268429023308474,50.0,0
601,129625,24,0.34604030291361826,0.5585988170565583,50.0,0
464,33304,23,0.0905857588734848,0.373657217551267,53.0,0
567,31562,6,0.0906028965981812,0.2753157416728208,57.0,0
615,1018,19,0.10552608219969861,0.30949695650556197,49.0,0
590,3159,25,0.2434526005164146,0.7906629931197264,61.0,0
604,30476,27,0.11779283890223798,0.12068275350802568,49.0,0
599,8819,1,0.06254832431279495,0.0650439246538535,57.0,0
593,81694,1,0.06014095536413469,0.07653884213319627,53.0,0
515,8681,17,0.09676862727053112,0.07526139189376331,51.0,0
572,28344,5,0.05531079930398727,0.18605110142599857,51.0,0
571,2295,23,0.022498593837885134,0.07236815172504495,58.0,0
551,35937,11,0.06988636363636364,0.22356209979861486,50.0,0
583,6424,28,0.11017651936974293,0.21985606557883297,56.0,0
553,38972,19,0.09149026850404887,0.12163339755056178,51.0,0
590,32106,25,0.3253402011624265,0.5376300444111065,65.0,0
635,2989,3,0.031144881755314605,0.12713049827550044,57.0,0
581,3350,12,0.14654971008644307,0.21471474846604258,51.0,0
517,25956,26,0.12546335899629313,0.6679284305474928,53.0,0
532,81374,8,0.13971164866984379,0.5493294678613941,59.0,0
489,250542,18,0.1326736051868282,0.3041228452965708,48.0,0
579,30535,22,0.04744557053816537,0.30308842832155414,54.0,0
602,63265,1,0.08121251418382233,0.21808833076221992,53.0,0
560,35821,26,0.09788915986880835,0.5003970875865711,52.0,0
542,8746,11,0.0785315243415802,0.173643208288733,55.0,0
672,9080,24,0.1636193780862138,0.09804760086241435,50.0,0
596,144362,18,0.03299027964974605,0.11684603749333726,52.0,0
551,8638,7,0.04875579924082665,0.26491827678305746,58.0,0
568,2274,27,0.06508153149917391,0.2219249066942893,51.0,0
566,8350,24,0.07030539748813092,0.09661535755243138,53.0,0
577,3336,13,0.08385690473137582,0.21960323573911844,50.0,0
562,3549,8,0.15145821419818642,0.33855014248115667,54.0,0
531,91876,22,0.18713573116303492,1.256850495863958,54.0,0
619,53838,7,0.04967599874174269,0.5810973649509252,49.0,0
631,39445,17,0.1200880226343917,0.2652973414448859,51.0,0
413,77081,24,0.228,0.669977695524022,53.0,0
552,10856,12,0.18371476102693224,0.08685221263933832,57.0,0
598,5444,6,0.6178554558337269,0.5490572091496166,54.0,0
562,162934,17,0.11575365248317683,0.3052299984566821,50.0,0
431,6619,6,0.06500885283158479,0.21925332594649619,57.0,0
627,1759,15,0.4492837277640762,0.3954701665744233,56.0,0
550,41439,17,0.20577521101732565,0.15821003734280537,51.0,0
651,19887,26,0.1402452521138607,0.3131509611530971,53.0,0
542,2368,2,0.24661836414226287,0.37542400982220064,54.0,0
573,6073,29,0.20616966580976864,0.29130591225050295,56.0,0
446,14957,8,0.36648795710970633,0.3249407726638489,55.0,0
519,8142,20,0.07762701167560745,0.12268858240170391,60.0,0
609,193528,3,0.07871293710942694,0.2173657457020891,49.0,0
587,4243,13,0.1234477861159626,0.39259672208845214,53.0,0
582,29358,12,0.17244345494105145,0.34530824189939996,52.0,0
579,6989,27,0.4784,0.6968165355583313,52.0,0
507,6819,23,0.11640953716690042,0.14899411552841316,55.0,0
622,20161,9,0.026757363214270594,0.09644441942442572,50.0,0
512,3543,15,0.08864798706124055,0.12037487998806574,52.0,0
573,2765,2,0.2682063699012852,0.17116937014620545,56.0,0
613,180191,28,0.2595874959716404,0.3391864386959226,49.0,0
624,15253,10,0.11543780478928597,0.12069075499211297,59.0,0
555,4699,3,0.1104902667627974,0.08847025912006742,55.0,0
538,11604,20,0.0761323067658824,0.597628213811362,51.0,0
549,43405,7,0.17515129939480245,0.14676321234422912,53.0,0
610,10073,14,0.1474688187820983,0.37106138864259913,55.0,0
572,54030,25,0.13488074568217126,0.07694259408644956,61.0,0
646,13963,17,0.10596312448724038,0.26648772205573096,48.0,0
577,30424,13,0.134968493800393,0.3036456344230754,59.0,0
602,136596,16,0.08075226168724096,0.33264124440474213,51.0,0
518,33521,17,0.12110870042173522,0.459250578000982,59.0,0
561,9693,16,0.1511141120864281,0.2617008951962124,53.0,0
594,6453,10,0.29660854569840966,0.6698820253385905,54.0,0
423,97512,22,0.03769684938655642,0.18460666893902353,49.0,0
523,11431,9,0.28308810680459934,0.33944539987905353,56.0,0
586,8936,26,0.07167235494880546,0.13092624003153638,54.0,0
537,57677,25,0.28413110597664953,0.14156089928457502,49.0,0
567,1902,8,0.11262119830943897,0.23950908960089748,52.0,0
585,139928,27,0.023256804532095242,0.06703932325451803,54.0,0
621,51559,10,0.07753298019501333,0.08623752434988655,58.0,0
616,36534,6,0.9694081975201689,0.2744792037692767,54.0,0
640,29261,9,0.2578809106830123,0.25683697522972315,63.0,0
619,4568,18,0.1025796006475985,0.14438640153013965,53.0,0
603,26487,23,0.11854003994915562,0.15989233458057472,47.0,0
626,56927,26,0.17026228627696716,0.250463445169465,48.0,0
459,116509,24,0.09847846338109391,0.10251475267597508,47.0,0
649,101654,1,0.11863415976066849,0.14539485928423265,49.0,0
508,315486,11,0.45315978763486897,0.3866537295691392,49.0,0
610,38514,18,0.060070845222867264,0.14439940686772165,48.0,0
634,8738,18,0.18579795021961934,0.6958628162648782,56.0,0
630,10212,14,0.12471895813006405,0.3486300950192055,49.0,0
607,33981,15,0.05967068536848525,0.33156305347516973,54.0,0
539,69275,17,0.2209174589946589,0.28130623696585927,58.0,0
630,9754,15,0.12354250963679461,0.48694311382827254,54.0,0
630,5172,6,0.04085857485290913,0.08514459926471417,54.0,0
650,47193,6,0.18748886116556762,0.19610364713845752,48.0,0
578,10408,28,0.13761047062780957,0.12756104373211188,54.0,0
544,99172,27,0.16726907977794303,0.33347177248948295,52.0,0
562,6944,28,0.08955802532954253,0.25596467638711384,58.0,0
566,97654,11,0.1298436911750352,0.10162959628679408,63.0,0
539,159900,8,0.4496,0.8795873274038271,52.0,0
400,4162,18,0.2076983709931687,0.40166555797959036,52.0,0
603,7995,18,0.19427056784585583,0.1361252430677197,58.0,0
555,1335,18,0.16185508787083486,0.39120019285473967,59.0,0
573,6315,24,0.054438897330149776,0.20949751290456298,51.0,0
593,69883,16,0.14433586901840023,0.14046681795092644,53.0,0
573,60958,26,0.1525529007412315,0.1723433858503204,53.0,0
623,56078,19,0.07881983846205194,0.17558089228066875,62.0,0
586,8338,26,0.3576,2.8666083143964625,52.0,0
532,42455,2,0.6506237805238574,0.19389626912736038,62.0,0
577,1932,28,0.21512872864897167,0.4362319691521665,52.0,0
611,138910,8,0.08544738529169338,0.048893995045233236,45.0,0
581,14638,28,0.3091334894613583,1.1164300157471472,61.0,0
505,38370,26,0.23263907770950026,0.1253125262372861,58.0,0
634,5365,21,0.14248579955713872,0.3901309226365583,52.0,0
554,3805,19,0.12823688682777892,0.43636990077833754,51.0,0
516,46926,1,0.3591772771792361,0.8906160130917097,61.0,0
569,93425,1,0.1872,0.37959305840027874,70.0,0
566,51837,18,0.047489226980916364,0.44359002137575465,54.0,0
591,20967,12,0.07336182336182336,0.3832887423365091,54.0,0
521,15000,12,0.12923633077270674,0.24808916183206192,50.0,0
615,17706,9,0.38489218825262805,0.131666088058474,49.0,0
566,214795,2,0.05581690364184154,0.6638033460335102,51.0,0
618,15001,14,0.042277025774151676,0.28398357834066373,45.0,0
506,39479,11,0.05530626390864981,0.2579648522654974,49.0,0
614,6006,9,0.08483003551496703,0.6094512935088201,62.0,0
576,11400,26,0.2104,0.6517542312230585,53.0,0
627,18891,9,0.03027224473488956,0.06284330694809864,49.0,0
563,167153,18,0.029097081199042224,0.2883735202586626,48.0,0
493,215671,26,0.25487415809996455,0.23253384611021213,55.0,0
642,265834,8,0.0460781476121563,0.1250954518688602,41.0,0
632,4091,1,0.4088,2.008561205117252,57.0,0
641,30315,13,0.02688700549961476,0.04076456548306836,56.0,0
565,7024,6,0.07096608307426193,0.08757404003907882,63.0,0
572,10406,29,0.15886063850124257,0.7260351974826885,52.0,0
532,37937,14,0.08242510603716033,0.38702901310524324,49.0,0
618,7685,15,0.09014757421930251,0.14342440073399035,47.0,0
464,4808,19,0.0657949278366055,0.27012825735225365,56.0,0
600,212907,6,0.49341427098843205,0.5120550093840089,47.0,0
498,42950,28,0.07102439024390243,0.1334496546442563,49.0,0
530,98129,4,0.21521537031298424,0.2839485962053613,55.0,0
567,94245,8,0.3360214253831275,0.07227799629973654,51.0,0
574,48886,1,0.14122769223791923,0.177573105584334,56.0,0
569,6928,7,0.0777249531120513,0.10729312534507307,50.0,0
612,36441,25,0.12194794741078616,0.16283348270658063,51.0,0
573,43803,1,0.14201973733026638,0.16457475101597965,55.0,0
596,22712,20,0.12447694137338677,0.20907106062602854,53.0,0
623,49404,2,0.08507230675020021,0.15402134651976793,67.0,0
577,61201,4,0.248,1.1264685681250444,55.0,0
609,14004,28,0.1799442770743199,0.05154930277142855,57.0,0
602,142965,26,0.4509047437917731,0.09249431631123559,49.0,0
606,46331,18,0.27993234968216013,0.598689029567156,56.0,0
573,64050,26,0.09302050356519424,0.09606576266303718,49.0,0
430,67187,16,0.22380797924099907,0.09786308930413977,55.0,0
503,103695,13,0.2283031428471322,0.389000104238149,51.0,0
578,154916,5,0.051680016644127746,0.11457578252666296,49.0,0
577,16305,3,0.18656584572983287,0.2219039945207762,54.0,0
583,12529,12,0.021580135440180587,0.28645000715151786,49.0,0
615,89780,27,0.0775322151033043,0.18408861130856702,51.0,0
504,9188,9,0.10423484829843253,0.20554099717635313,52.0,0
582,30227,25,0.08801402184171499,0.17664771130167614,72.0,0
608,91694,18,0.09830337384012114,0.16803677194252079,50.0,0
547,271874,12,0.1730211442263231,0.9470941663417622,56.0,0
483,20044,25,0.07238781526367508,0.1990480839557359,53.0,0
588,23787,21,0.1807707279096925,2.368108453279055,53.0,0
580,122960,19,0.3803643477197702,0.26700106925070466,49.0,0
535,27536,27,0.1629000803028565,0.41599129170681604,53.0,0
581,235262,17,0.10932504051508914,0.3036762449818939,48.0,0
612,75205,1,0.2968,0.38062481736298726,55.0,0
581,9775,16,0.07872606906423331,0.17649144497929303,55.0,0
584,52571,8,0.38067731867517585,0.490200392783253,56.0,0
545,356943,23,0.07470107244113901,0.724462353529696,62.0,0
587,32414,23,0.23142713399295656,0.44793582717635594,52.0,0
554,47778,25,0.06794414556005561,0.2700357107253017,66.0,0
605,55644,22,0.07454892498289337,0.11611500984930404,53.0,0
537,26247,11,0.11544991511035653,0.21384347553838207,59.0,0
561,7334,25,0.1693931680225003,0.6449008567606974,54.0,0
594,5576,9,0.11444418140620244,0.06597127149257626,51.0,0
582,133899,6,0.03440945271172196,0.28783102961844015,47.0,0
592,38439,21,0.17324201081839496,0.10959149634339756,52.0,0
463,10718,2,0.17627796980171004,0.46378381598887813,58.0,0
602,67989,16,0.0788313444241961,0.10840172029517539,58.0,0
615,3242,8,0.1542722053360351,0.07788299330766607,67.0,0
586,8635,8,0.04754931518649324,0.09508390220593933,63.0,0
492,31538,22,0.11957918127842784,0.1934984868717065,56.0,0
544,1881,2,0.06902151847340642,0.04926315589326549,55.0,0
616,23858,24,0.1848820414058739,0.25802767394705595,56.0,0
512,9821,13,0.18155410312273057,0.16789489153281015,51.0,0
579,99364,28,0.142727716217158,0.11736682662091594,50.0,0
569,9821,13,0.5928,1.9763066398014146,61.0,0
576,143780,12,0.22569519292951068,0.1801095079947477,51.0,0
595,31489,17,0.10653429430576106,0.35080253142286133,66.0,0
610,66934,4,0.12608179686821616,1.0217411007483876,56.0,0
574,24833,11,0.16317925473040637,0.32935511769599823,55.0,0
564,12601,15,0.07779730521382543,0.34667870625546693,57.0,0
453,36917,3,0.4227371374706798,0.268783326544162,55.0,0
603,1132,6,0.0848391889948713,0.1848486219866175,54.0,0
562,126008,5,0.30005556584552695,1.4919900661415766,59.0,0
594,104533,19,0.13817882729811043,0.08553922907902776,49.0,0
592,2672,21,0.5263525305410122,0.5591628604992491,64.0,0
483,53622,22,0.21630560608566235,0.17228006296488269,56.0,0
577,7965,21,0.06605393394606605,0.26150944686061334,54.0,0
575,287190,10,0.1294154423257268,0.22672699295358184,46.0,0
619,39469,19,0.488,0.8366856017237511,50.0,0
533,245109,13,0.18181439780224354,0.21926086604079653,49.0,0
528,13017,26,0.14240736255751998,0.5958835078848059,57.0,0
633,78656,21,0.16198378276447295,0.16596085098888255,46.0,0
548,10374,1,0.3870619946091644,0.12049107713735249,56.0,0
541,19087,10,0.0427245303538368,0.1839658770415038,51.0,0
501,27645,28,0.12160944030156519,0.10277443251252438,54.0,0
521,78451,5,0.1383468982862856,0.08461419643763675,55.0,0
609,66079,6,0.10281899752922308,0.1393230714050143,54.0,0
561,20202,5,0.1717945960891538,0.08122247438844095,58.0,0
605,44306,23,0.2235136862904632,0.8816732499043177,50.0,0
648,229720,11,0.054974581021784936,0.15956532439716947,45.0,0
430,35203,27,0.09352121546091474,0.423262738020402,65.0,0
573,370332,9,0.07368249837345478,0.23130660991861887,50.0,0
624,18504,26,0.0949472515269295,0.3913701007350301,46.0,0
570,5161,11,0.3868020304568528,0.5332814803884335,55.0,0
616,59498,3,0.17010069713400466,0.2022111936041554,57.0,0
576,120585,7,0.10781384850295427,0.30892333585582027,49.0,0
560,114997,16,0.2288,0.5856929467172185,61.0,0
608,9472,16,0.369608655392563,0.44528812979762233,50.0,0
612,153946,24,0.11625552282768777,0.3620726147036318,48.0,0
521,22314,19,0.1409865302482752,0.05261711280422093,58.0,0
601,170152,25,0.04905680542938065,0.6401965931209053,47.0,0
601,117905,21,0.10613539409912223,0.08533986480316377,55.0,0
638,2929,29,0.09399608349652099,0.2819816759275152,47.0,0
597,43499,1,0.401392732791715,0.20789579381534626,59.0,0
618,91299,1,0.09384609544056793,0.12242237902064643,49.0,0
557,22093,2,0.21020148847340717,0.14104555623674092,67.0,0
607,8089,12,0.06604968339016075,0.15192196976700936,51.0,0
579,119286,8,0.10639722442023251,0.07096884263967004,57.0,0
574,29664,29,0.20880387185987553,0.11376646409209466,54.0,0
477,26813,11,0.06600760126904379,0.08298345288599618,51.0,0
531,46041,5,0.060469989522526565,0.1410393595384849,53.0,0
611,103246,5,0.08826396862881036,0.06677199705197777,53.0,0
522,4600,29,0.047666961231221515,0.09580079059368507,59.0,0
472,82024,8,0.1864610937123585,0.2830555664564423,61.0,0
477,46141,25,0.13220357593836357,0.3055150111698964,57.0,0
608,11953,24,0.12553525936365115,0.5586028852387933,66.0,0
633,141993,8,0.04224326292789512,0.17258327896039732,68.0,0
636,19106,22,0.15967070310630355,0.978544214717413,56.0,0
588,2101,27,0.2858327574291638,0.32286358151146016,50.0,0
586,38709,5,0.20364814855366017,0.1405734086009575,54.0,0
576,26237,16,0.04338500320633306,0.027098537438413433,55.0,0
595,11129,5,0.12103161172409126,0.21137562793213416,61.0,0
605,71926,28,0.06519566387329899,0.3809758453320163,62.0,0
601,7586,26,0.1395268718419844,0.19178010521482627,50.0,0
596,10833,21,0.180468089106119,0.39785596213926305,61.0,0
468,8274,13,0.17157622739018089,0.5105606406630182,56.0,0
555,275405,3,0.1491604841858649,0.2241920862469225,53.0,0
501,40069,23,0.4106778445755888,0.5395770787498535,63.0,0
550,4883,2,0.10184609002281685,0.17398108198215276,61.0,0
601,61433,25,0.10641249924594319,0.17690740344271083,53.0,0
532,57827,15,0.10754744501888076,0.08615226844503444,54.0,0
567,357709,1,0.1541662104456367,0.13743422094534832,49.0,0
600,186748,29,0.13276426469978866,0.4014795553768453,44.0,0
568,6765,4,0.04904056180566973,0.16954323483809594,60.0,0
561,38869,3,0.054061693933076575,0.14817005945047246,56.0,0
547,17141,11,0.1673986050116249,0.5193683167239594,52.0,0
546,4039,14,0.04356204472945636,0.0892257301628572,70.0,0
569,67303,25,0.23708399366085578,0.12906307267706393,48.0,0
599,6748,26,0.20941752547970166,0.24220122991686965,55.0,0
589,29671,21,0.17893708313862103,0.6480418066598567,59.0,0
649,80180,20,0.11850102898712571,0.10545187023296386,52.0,0
671,16571,28,0.10918365501148634,0.40565188633471844,44.0,0
665,140531,24,0.037967327435913995,0.41984122234258614,40.0,0
532,80164,25,0.056676941433827184,0.16280916459826122,47.0,0
553,10054,14,0.05333504484700673,0.10122274870379644,60.0,0
575,110368,14,0.2382356605889438,0.1335279895301305,54.0,0
561,60742,26,0.21866325005338458,0.4720908442911896,60.0,0
565,65674,1,0.33663607075557717,0.08637849868997992,51.0,0
527,1666,14,0.06328294136150843,0.13605428492654,56.0,0
531,26680,1,0.04239082270690759,0.07687756517398871,54.0,0
499,4304,23,0.09078661001140015,0.16293962603990025,60.0,0
598,94643,14,0.5603820187716121,0.267779282683122,50.0,0
590,77616,1,0.06456303620764868,0.14396869427703263,57.0,0
560,1114,12,0.10093033318909564,0.24464935524462056,59.0,0
505,47873,1,0.1327043902057114,0.11699236479238923,57.0,0
612,123084,24,0.021533837284942015,0.13065831549835655,41.0,0
547,82561,21,0.06457978294017401,0.12945384747880156,52.0,0
502,207037,11,0.2664,0.3102553252262189,50.0,0
608,119852,7,0.19446599431083528,0.1941828240126903,46.0,0
476,51370,26,0.5897009013146565,1.009766299750539,50.0,0
484,8505,6,0.3477408485219789,0.5154860025350263,62.0,0
571,4232,17,0.11100274847060909,0.525931912321453,51.0,0
421,67288,23,0.05351785279887559,0.16733345364278338,53.0,0
518,98538,28,0.15795125980999586,0.29934870874047226,49.0,0
642,70669,7,0.11221098776780034,0.22794475510081788,50.0,0
546,77819,19,0.47177221404025527,0.20818513740251685,62.0,0
599,5301,9,0.10799901819074373,0.45572587759422456,63.0,0
514,113209,28,0.20566660872588216,0.2925986314500205,50.0,0
548,128438,7,0.1196100624338238,0.09020541961253677,53.0,0
597,189971,26,0.28727120301802433,0.4985968544702047,47.0,0
562,36255,9,0.09112474654438953,0.15474913491645426,58.0,0
616,494541,22,0.08640462225334851,0.2905976880917383,51.0,0
547,267494,27,0.33120278907611855,0.38181237068826185,50.0,0
592,11703,9,0.14219759926131118,0.11784884559935115,60.0,0
599,52444,12,0.09644779332615716,0.09516247194931043,49.0,0
508,259494,27,0.05088690076020065,0.16952207310524148,47.0,0
600,17274,6,0.04192924440007487,0.47593328958537995,52.0,0
593,79544,11,0.10187353629976581,0.5095921054571897,52.0,0
560,4093,16,0.038363084064302534,0.20861794531592315,70.0,0
593,10092,8,0.036832866249884515,0.07772688803483543,51.0,0
616,20523,16,0.07833017077798861,0.12640258353644,47.0,0
481,165735,7,0.1640808125906909,0.22529854600338983,50.0,0
541,3572,7,0.14657002122462057,0.39327152915953284,57.0,0
675,1991,2,0.19106970367369833,0.38177530515346453,50.0,0
589,64879,23,0.0517630710439465,0.6765109733620255,58.0,0
487,59648,3,0.1495865237366003,0.3307732458378182,57.0,0
572,9975,14,0.17074800518847533,0.46689216461849326,65.0,0
574,17932,11,0.17079065485096098,0.2284384209044533,51.0,0
607,53831,18,0.10333384387604024,0.28738523405004823,44.0,0
593,223917,13,0.15990427499184162,0.16500416376227128,71.0,0
614,51463,22,0.09761444601494217,0.2382552291881325,45.0,0
538,3310,17,0.10688373739161211,0.1761064886215182,58.0,0
611,14823,12,0.16145437072037802,0.2650804184992887,55.0,0
608,9630,28,0.1875246742992499,0.25016671531233636,47.0,0
604,88745,22,0.197101082346984,0.2147697602418436,59.0,0
602,9436,26,0.1831234148648068,0.6975840173946372,51.0,0
589,38351,27,0.05263157894736842,0.11686149114678272,54.0,0
614,114918,29,0.11588411588411589,0.29335544797774316,50.0,0
570,2007,4,0.15905141572114892,0.39503539457023673,54.0,0
581,270169,26,0.528,0.21713938311019595,55.0,0
586,10959,23,0.2312,0.2530974516378564,61.0,0
550,36714,21,0.31543345398445377,0.23877052442251537,59.0,0
488,6594,21,0.34522806862006294,0.3446989872165686,54.0,0
464,55873,17,0.3268632389983701,0.2624122012142045,52.0,0
526,61648,11,0.3132400430570506,0.5663976690947446,54.0,0
549,40034,24,0.10756829530155591,0.12425332987260194,49.0,0
621,34250,10,0.24,1.2024924575277602,51.0,0
658,75328,18,0.21872337272626238,0.1476294756374826,51.0,0
621,55843,15,0.24267291910902697,0.24772008024293718,47.0,0
507,4850,1,0.055896536606751424,0.06663574709543627,53.0,0
477,160488,11,0.2216483883707507,0.6082539407171198,46.0,0
486,249982,12,0.030093230006687385,0.5016650231331908,49.0,0
541,33937,27,0.1545412969907619,0.33503141630342986,49.0,0
476,129508,8,0.11217838765008577,0.5063229661629272,52.0,0
498,163061,13,0.2384,0.13939454283101538,55.0,0
616,7621,23,0.02971121806738245,0.23220501152434506,47.0,0
553,2396,17,0.11688687433696597,0.14943159999613304,50.0,0
483,4061,7,0.1426127167630058,1.5342779787474672,52.0,0
546,27070,28,0.07356107780946285,0.1577666408466431,55.0,0
473,260349,11,0.11114774736968318,0.25923115443345573,48.0,0
442,27371,3,0.23071672354948805,0.3968925362747613,55.0,0
617,165607,29,0.17659194058588915,0.38000002709447867,44.0,0
552,7574,20,0.07928534309965109,0.17133444620768828,54.0,0
482,13237,14,0.0693395636029872,0.09108404129267984,65.0,0
584,62353,7,0.05618149598547332,0.15947254284366724,51.0,0
587,7089,29,0.17944745675187193,0.3475812486243955,54.0,0
625,3251,6,0.1500558718671846,0.8320880015611007,54.0,0
445,16753,23,0.07246064265689023,0.22037603062417535,51.0,0
553,29441,12,0.3672180830912994,0.1930739521434763,57.0,0
596,132162,26,0.11311879768255607,0.11345023345863103,47.0,0
605,9352,2,0.059878968043316695,0.2782203604873624,56.0,0
625,101351,20,0.19146801700664026,0.04419226137782723,53.0,0
603,3680,9,0.14637345341669217,0.5556207888579928,67.0,0
507,5724,11,0.3746905089408529,0.6929261067002908,51.0,0
602,13743,17,0.09454962707974757,0.7220484172364166,51.0,0
552,3060,7,0.1226972540841154,0.18328814594108678,55.0,0
597,8320,8,0.4344,0.32220858403715735,53.0,0
606,65407,2,0.12855046469916845,0.056961179587360876,50.0,0
600,28276,25,0.14115137329264318,0.44409781197852827,48.0,0
561,184505,2,0.1344524119947849,0.49022910684610504,59.0,0
467,9074,26,0.13925973816065945,0.4187827707527151,56.0,0
570,25750,7,0.08683551349846924,0.15529824490159425,54.0,0
604,15223,27,0.18373887240356082,0.6253862188888664,52.0,0
554,3341,4,0.04155190052726843,0.09976635596875325,53.0,0
584,4151,21,0.11331813741452296,0.30901580175015203,60.0,0
544,6676,22,0.08254146752881641,0.11221867759160387,55.0,0
586,31333,10,0.05304928109803591,0.3902036485391185,59.0,0
569,66388,8,0.47306881349434543,0.3174262621009722,52.0,0
562,51117,3,0.07635442620925396,0.20208407436808967,55.0,0
525,44010,11,0.3513019882064395,0.4304240247224664,53.0,0
657,13834,20,0.10659532873752443,0.1304756122667462,59.0,0
525,58471,18,0.2539206122908382,0.3266459265855623,52.0,0
494,14689,26,0.1377544898204072,0.6111230500867312,58.0,0
462,61069,22,0.2355588315164682,0.7479478580838484,49.0,0
476,153721,22,0.044875024220112386,0.14425815933383113,48.0,0
487,29780,10,0.1478111085833144,0.2139254990388249,53.0,0
579,141167,9,0.12834032354703415,0.6259350945767276,49.0,0
593,13563,4,0.10921723584503179,0.1299450618842165,62.0,0
577,31110,8,0.10477535352731757,0.39060650048118195,58.0,0
473,61320,16,0.06207004650028736,0.12519722594818308,51.0,0
577,37738,24,0.10915982312065697,0.1517292229535062,54.0,0
573,5439,27,0.25029578020244514,0.7386456361902107,51.0,0
609,64034,5,0.0693950177935943,0.280198422586337,54.0,0
512,46912,21,0.06639103961512441,0.12729002715570387,66.0,0
543,2319,2,0.042138866719872305,0.08170745057428479,60.0,0
555,6619,20,0.13527826814085292,0.40790810837037095,62.0,0
633,8782,24,0.10431781985489294,0.1693960429035961,51.0,0
589,7055,9,0.1016,0.9182273907705432,55.0,0
608,10280,27,0.06596835301983509,0.4134077066233944,53.0,0
533,75108,27,0.12530617506768083,0.7104169938773158,49.0,0
644,3497,11,0.15462868769074262,0.43510110892892956,52.0,0
502,86647,15,0.020101673682830546,0.1520377577725194,54.0,0
631,218379,22,0.21906381340434408,0.4787399922475844,45.0,0
554,9617,2,0.04776574019590876,0.03279175829076483,60.0,0
575,62780,19,0.23194110931779713,0.23806063211353556,49.0,0
648,25198,20,0.1717699775952203,0.20653356844601636,55.0,0
657,5090,7,0.04782911539354539,0.10408767863873508,51.0,0
623,31993,12,0.1882668586198999,0.10034022620433078,51.0,0
580,46615,21,0.1468101864006301,0.23130668903141016,60.0,0
618,4670,4,0.09488421238002995,0.5241657792301357,51.0,0
452,116180,4,0.12101438528844728,0.18391284866571034,65.0,0
621,25205,14,0.10331327484956136,0.06159326780190877,64.0,0
595,254749,1,0.09836284664216505,0.33554048136562653,50.0,0
478,9122,27,0.059917059917059916,0.2072796744528627,58.0,0
551,30866,15,0.5024,0.5542288668656056,60.0,0
519,42361,8,0.23057644110275688,0.5044415902402108,58.0,0
591,199176,9,0.09706433479075577,0.16516672428188092,46.0,0
583,103976,12,0.05640707916924817,0.1474728892534718,49.0,0
607,3283,7,0.046665948508025426,0.12759164279746565,53.0,0
537,51657,3,0.2686285174476856,0.41055594873144385,51.0,0
490,122925,14,0.27202035911211647,0.5166286761042418,48.0,0
562,11588,21,0.16992808161899983,0.5097741378331963,54.0,0
572,86460,26,0.18898483289338286,0.18202427707539565,64.0,0
532,173415,19,0.08321075856272325,0.2868133528736599,51.0,0
549,1867,11,0.0975211797929087,0.3958235649463371,58.0,0
571,8019,5,0.06726526161552486,0.7365954666009488,51.0,0
575,17728,18,0.10156708287941003,0.5648541594543804,70.0,0
571,27941,15,0.222865905605725,0.16038387502324705,58.0,0
528,24991,21,0.20301456186664396,0.3039585087560315,54.0,0
550,8464,2,0.08156120331950208,0.13432213849439115,53.0,0
584,10406,12,0.20198785417195525,0.11613604498052507,51.0,0
599,4858,15,0.1216307901067045,0.2055306122763362,53.0,0
647,5114,23,0.14019979331725801,0.1668791762832759,55.0,0
539,5221,18,0.1192834010370842,0.6501483197437821,57.0,0
561,16063,15,0.10817398161257369,0.05798565680917548,59.0,0
471,68647,27,0.14670966370176125,0.2199804485059493,58.0,0
573,121245,8,0.26956964974878034,0.31572091046844325,58.0,0
551,86963,25,0.4917598029929911,0.842291111275989,52.0,0
517,44452,3,0.0810171382407817,0.18976655615173188,58.0,0
609,4004,12,0.1847846012832264,0.860949308154251,55.0,0
568,8844,17,0.14176689663593628,0.3751587406787325,50.0,0
548,28990,20,0.35857805255023184,1.0493513492588125,65.0,0
638,23643,26,0.05970249940972105,0.06840894664789891,66.0,0
596,7951,4,0.07331546707503829,0.11577647095795109,61.0,0
600,6224,16,0.11254240294437176,0.09679073799146193,53.0,0
591,5564,19,0.10724510019819423,0.38251826827328134,52.0,0
618,16923,23,0.17965835460435892,0.29295919368004064,55.0,0
613,53009,8,0.14809885356483862,0.18803518730512597,57.0,0
602,41949,12,0.11089614756099853,0.39064222387178565,53.0,0
525,44186,1,0.13912752426642866,0.09215321492636142,55.0,0
519,8372,25,0.3778773229254446,0.36426488311769795,59.0,0
683,59297,4,0.09811333322232028,0.34999274071952746,48.0,0
591,28464,15,0.07577179719098248,0.04149911431858496,55.0,0
592,13918,20,0.5149191991616568,0.6844452451518587,52.0,0
511,89527,22,0.6074408740952469,0.31293316335369376,49.0,0
555,2499,21,0.04105571847507331,0.24306100391666388,57.0,0
633,4111,3,0.44438481148530795,0.6599705638365084,53.0,0
545,7672,2,0.12164794007490637,1.3280547667899592,64.0,0
528,81319,8,0.0981606695352026,0.061697307928687065,51.0,0
467,42970,28,0.2018904507998061,0.2049418680415133,50.0,0
609,98645,7,0.13237321893672438,0.510912685988794,55.0,0
580,74288,19,0.19790350667531673,0.36734453614875257,53.0,0
489,5403,16,0.06394386708148542,0.5298039267424504,54.0,0
489,7874,4,0.046681254558716266,0.44150909763602536,57.0,0
480,9034,16,0.1799537393986122,0.6489358822046483,52.0,0
476,30259,19,0.2527006172839506,0.18078980059566072,59.0,0
588,13043,4,0.2503554306496942,0.8259633133280756,62.0,0
598,7331,12,0.2603734439834025,0.21061964740848066,52.0,0
628,43114,5,0.15865929461863387,0.09756256821692529,64.0,0
576,41335,20,0.02760380422175829,0.8927810809215936,56.0,0
558,5098,5,0.07974995264254593,0.12060614656566926,65.0,0
525,8341,18,0.2272,0.5646586955517687,53.0,0
552,48673,28,0.10613207547169812,0.10501357306968351,50.0,0
648,12589,12,0.1697092942644544,0.18367654813986453,55.0,0
548,10353,17,0.04379309682500048,0.10788884587999008,56.0,0
594,6448,4,0.1194985329421179,0.914312648187572,60.0,0
601,59593,15,0.2697897742019206,0.3138784538259543,48.0,0
660,211053,10,0.17539008492988348,0.26243956724485124,41.0,0
589,202419,4,0.2576386828834174,0.5298891980175202,53.0,0
631,65124,6,0.15481505851388824,0.7328909498678347,50.0,0
566,114769,20,0.08007626310772163,0.16474152765292732,61.0,0
567,48964,22,0.05756977586766948,0.6089659960995655,53.0,0
585,89410,27,0.07836049921571302,0.24926042999692605,49.0,0
627,66103,12,0.14364741090051691,0.4001459348924132,49.0,0
524,109195,25,0.08377571050610225,0.32833615951076695,49.0,0
555,31483,2,0.1503377151572373,0.5016500628130403,58.0,0
551,29653,15,0.10979500852309979,0.1408003796800336,55.0,0
567,16141,29,0.08136760722550093,0.130372594434804,49.0,0
533,92135,1,0.05400344702853374,0.07115975459111797,53.0,0
497,195499,23,0.13221379251555707,0.34609948868993246,50.0,0
423,66642,14,0.20955953689929502,0.15613294625271762,49.0,0
589,81019,13,0.2593892137751787,0.3891268654833528,52.0,0
562,96690,12,0.05561451921035873,0.1878038182529864,56.0,0
627,23300,3,0.2208,1.1309529236334086,57.0,0
584,2012,21,0.12955740206884855,0.06500628742952765,62.0,0
526,58631,7,0.23561971725633932,0.2874565399645206,56.0,0
565,8690,13,0.06301254416388448,0.24505200039308814,53.0,0
536,90955,16,0.10150213975931298,0.2608809356405467,49.0,0
572,159769,12,0.16619402492910376,0.23842345775393126,56.0,0
563,73732,17,0.12567602369302086,0.08424331528159447,51.0,0
586,13283,3,0.10857356795207787,0.472024470053706,54.0,0
604,33025,5,0.21411878176354937,0.19555843499486694,60.0,0
555,4545,27,0.12001745708466688,0.27807133715603727,61.0,0
551,68379,5,0.2928062708078722,0.14483367100850036,64.0,0
617,283124,10,0.04240543281197186,0.15671468491841245,57.0,0
506,20802,8,0.03457904738114568,0.06311622661310702,64.0,0
616,19789,9,0.09505616796060357,0.11184059122153463,54.0,0
620,106259,29,0.41368568610144857,0.4939131784269637,53.0,0
587,6018,20,0.0958518924030159,0.36396175311321893,62.0,0
480,62405,9,0.1770883631096089,0.25592264291995587,49.0,0
518,49516,25,0.14384270438082097,0.09745195995923714,49.0,0
612,85800,7,0.26318112374809033,0.892448341090192,52.0,0
532,33252,17,0.10178741983899577,0.4251248063149938,57.0,0
638,5234,1,0.09599594383335915,0.14531069051599202,57.0,0
594,8212,25,0.08261069620925213,0.12291352820839199,61.0,0
578,643858,5,0.21242624088858036,0.9053139150994275,51.0,0
579,157899,18,0.10183211778738048,0.14316719393537142,52.0,0
553,2451,17,0.21603525432992862,0.22993018382906227,64.0,0
548,14962,12,0.11720813246698805,0.12797349683350634,54.0,0
527,40392,22,0.3170092968443106,0.34246670650337424,58.0,0
540,45294,23,0.10611984629067173,0.08455253530483273,57.0,0
543,7863,1,0.058882326215356655,0.13093008180009474,63.0,0
573,15305,2,0.07866108786610879,0.35459361030381625,57.0,0
594,6061,13,0.040230848439857275,0.16646792952627681,72.0,0
577,3875,14,0.19882141942095824,0.24955455583534308,59.0,0
579,3545,13,0.18276273756897166,0.4016804050225382,54.0,0
623,190156,18,0.07893283591247684,0.7629029291092333,50.0,0
533,106149,26,0.020914372316241474,0.05933904419176304,45.0,0
609,149750,16,0.12207463630613535,0.236396346739082,50.0,0
607,96878,18,0.03242532680931863,0.04824842503116258,59.0,0
583,4750,21,0.2758476568622329,0.1347021698245723,56.0,0
635,153688,23,0.08668283370311129,0.26546791954352,50.0,0
602,1174,6,0.21937569953985825,0.18219679455899077,54.0,0
616,21759,18,0.17216448260280162,0.1522816834113106,55.0,0
553,14277,7,0.039833330010566395,0.039938828389835875,54.0,0
605,22168,5,0.06090108751941999,0.10344753928866358,49.0,0
557,103183,21,0.16060411961028892,0.6543406157193139,55.0,0
619,6809,4,0.26617010789199846,0.4425557288332325,60.0,0
594,26920,5,0.08246165392373,0.09515286561114977,52.0,0
510,13305,15,0.08869908015768727,0.4848162454253684,50.0,0
499,8117,2,0.10149392975952273,0.12797069930373814,62.0,0
621,75430,7,0.0658277795154344,0.13382699374781645,52.0,0
607,79015,13,0.20091605403949042,0.8691957133021264,56.0,0
485,125875,1,0.15246333716293844,0.5435230242584448,54.0,0
603,3715,24,0.12137299771167048,0.3613628984048936,54.0,0
552,221435,1,0.12348933067885484,0.22926386317849737,56.0,0
512,57515,22,0.057806227622870784,0.09060264596409881,53.0,0
520,6752,5,0.0664255339948189,0.10930306570788592,59.0,0
569,251946,14,0.0983034415899176,0.3012570685357876,45.0,0
584,11924,3,0.116144931159485,0.578400953576508,53.0,0
529,8340,18,0.09719946372709669,0.11180976314653043,50.0,0
596,151705,21,1.1823951721985226,0.2895476785982593,53.0,0
532,142631,13,0.08157319737800436,1.1656442705681074,54.0,0
505,15007,13,0.10221465076660989,0.3015666123504877,55.0,0
586,9149,1,0.13553918874354184,0.10691843508930335,62.0,0
577,98169,1,0.28980968441339433,0.35821809838400115,65.0,0
601,187046,25,0.07245421806758102,0.20114906603175384,45.0,0
636,7701,2,0.08859023164773515,0.24337231722561897,50.0,0
618,51623,28,0.18447853551630786,0.3363556657072756,54.0,0
549,25090,23,0.5206927985414768,0.13958962880835235,53.0,0
507,1707,28,0.23084281007545965,0.6022142600524032,53.0,0
595,456793,9,0.12198221092757307,0.37793607021826275,52.0,0
398,40277,19,0.16664807585052985,0.2524521971857571,66.0,0
533,3559,2,0.09407100378446566,0.1294139845341208,61.0,0
587,56796,27,0.24602638989085662,0.4296422873565241,56.0,0
621,110977,10,0.04212601593304901,0.12791091872800034,41.0,0
630,70040,26,0.4416,0.3079128180121658,58.0,0
584,10210,27,0.0634120227260953,0.16823400293980945,53.0,0
564,7159,13,0.08478447045389666,0.13567984089916327,54.0,0
609,169327,5,0.11565603763721903,0.1491314379251672,52.0,0
576,7662,10,0.23834881641854863,0.4524868329031938,61.0,0
580,2144,9,0.0899142265601893,0.4595519057012227,64.0,0
593,272641,22,0.1291782992529993,0.6169869849501145,49.0,0
565,48734,3,0.16004549978671975,0.32847024011491444,58.0,0
603,125224,12,0.05062643825108668,0.19666594514513014,45.0,0
482,19217,11,0.21140999113213127,0.8557360203117509,59.0,0
498,157758,11,0.1438673722661921,0.23823427360286994,62.0,0
638,47922,16,0.10755107781215639,0.19953656811059112,46.0,0
580,29218,25,0.0643491124260355,0.31311518778672653,51.0,0
584,9508,6,0.21460162810076278,0.7980582935678868,57.0,0
642,1135,11,0.10569460190110752,0.3191824275058134,54.0,0
565,100909,2,0.07200970917427069,0.14027184742838297,53.0,0
613,4841,22,0.2531145923276181,0.7056505885863229,55.0,0
588,73064,19,0.11984021304926763,0.11598084904926763,59.0,0
495,31397,17,0.10437784958611837,0.058398072603399624,52.0,0
556,56623,7,0.06766871039842516,0.19810030945189766,59.0,0
531,2756,18,0.09691978779000714,0.190657470964859,50.0,0
505,11250,7,0.24649383765405866,0.19619297806654412,57.0,0
621,4647,17,0.05843539852857474,0.1522730539538585,53.0,0
593,58111,6,0.10910507858163399,0.2373385689138504,53.0,0
525,8096,7,0.06155189348466659,0.1326207874644399,55.0,0
557,22841,24,0.2256724945115984,0.23894547872835153,55.0,0
500,47132,15,0.24906895651967648,0.22939700827280804,53.0,0
544,6629,24,0.5663238319130179,0.2911201518442184,56.0,0
617,114761,25,0.17603249830737983,0.2533096681593783,50.0,0
606,41471,26,0.2648,0.3289159944633539,58.0,0
546,76971,7,0.06797410510281798,0.09858718286335004,49.0,0
605,28588,14,0.08878612716763006,0.2586848679512056,51.0,0
609,31784,27,0.061682021272389385,0.19631387178167303,49.0,0
557,7328,3,0.020938561851409677,0.058188991809074886,60.0,0
501,6866,10,0.05960006587558182,0.09057459069709008,56.0,0
535,38445,16,0.10793666526253191,0.4121378265405797,53.0,0
550,229210,15,0.14356866155427306,0.1193691350151983,51.0,0
643,56911,17,0.06102422569763876,0.16826137990647502,48.0,0
419,32770,5,0.06568232184337702,0.0782602567432222,53.0,0
503,59079,5,0.2505871152015233,0.3539677706699128,51.0,0
608,20591,13,0.09352014010507881,0.23373189197360456,48.0,0
453,173318,3,0.22581369248035915,0.20269565199565293,57.0,0
577,5507,26,0.1750121536217793,0.7327389744365418,52.0,0
611,36728,16,0.06179250787723188,0.12531130356412612,46.0,0
593,21956,16,0.1994644011450734,0.4214474068182236,66.0,0
633,176746,21,0.22604929359595752,0.3462768206246077,50.0,0
553,438052,14,0.05788294990055284,0.3032934513370683,50.0,0
603,7537,3,0.341031125856725,0.30284637260591596,61.0,0
625,40115,8,0.15930027947417452,0.5463685601203183,52.0,0
515,105415,14,0.1959313498111457,0.2332050613117005,51.0,0
635,2153,25,0.05426115770943357,0.11185585694228663,53.0,0
535,10103,25,0.041394576646375206,0.23490174773681036,54.0,0
562,93890,11,0.11358009214279,0.0973074587042981,50.0,0
513,86325,29,0.13757368910952528,0.13936704190034188,56.0,0
577,185625,5,0.1471452885656816,0.2318070499930316,51.0,0
668,18490,5,0.047924203560895315,0.11267470351401798,45.0,0
513,23080,13,0.2633219533917174,0.35844436410533737,72.0,0
489,4903,12,0.1461612699257879,0.5342079186489748,58.0,0
567,9829,19,0.16866708780795958,0.2843430111280803,59.0,0
534,56813,22,0.28340541770999317,0.6307671303335477,52.0,0
613,7191,12,0.14324484776524468,0.13119296200455302,52.0,0
571,9363,22,0.056857067649381414,0.1946048305597224,51.0,0
549,211979,29,0.21699728544581331,0.3954271050133589,55.0,0
557,4496,5,0.4864,0.8740973134762094,55.0,0
629,25536,6,0.33846971307120083,0.682713218831735,54.0,0
499,67401,27,0.14917733089579524,2.01842765880354,55.0,0
548,37385,28,0.16831168831168833,0.16534828896598655,53.0,0
472,6656,2,0.048735872476644675,0.4238785555712993,61.0,0
523,40867,6,0.12621121059732615,0.17141058793598138,56.0,0
581,9053,15,0.07022326674500588,0.1642038023731469,52.0,0
554,52056,16,0.1272824919441461,0.6201280880236288,58.0,0
607,11769,21,0.2924281984334204,0.2802669804682821,55.0,0
605,91425,4,0.08828657958334607,0.10110111624420876,74.0,0
552,3015,2,0.3872,1.1660125294682042,59.0,0
541,27621,20,0.3912,0.7158236984028318,57.0,0
571,36607,23,0.15648984581946615,0.5244325582307613,60.0,0
584,6226,5,0.12964804136011135,0.32169205580414045,64.0,0
495,43917,2,0.12155956418645136,0.13353606258323664,53.0,0
561,4807,24,0.21290278442908941,0.18318641345356262,62.0,0
634,397751,9,0.17939201436240915,0.3088547423611793,41.0,0
585,17908,10,0.09392438700326128,0.09656155727127966,52.0,0
562,18794,14,0.03206106870229008,0.17619452159154506,50.0,0
563,49495,8,0.1915073379854179,0.11312547155945452,51.0,0
518,32925,21,0.09627378858148089,0.27067398955917243,59.0,0
589,40152,16,0.0997008166895771,0.08147607579976052,60.0,0
513,200138,5,0.13092770937461906,0.31619281856508624,50.0,0
590,45830,9,0.2751420835670903,0.16921550527689055,52.0,0
501,58956,6,0.04737225686290388,0.1931078643672544,65.0,0
589,9131,2,0.07490254315945796,0.2878844832406282,55.0,0
559,363283,20,0.18501519167366992,0.5027512589954667,55.0,0
631,2753,20,0.04951918588367099,0.18117984711776935,47.0,0
560,6093,23,0.15962753574991687,0.3209327380251283,53.0,0
570,66156,10,0.1581165139455555,0.14137005185397092,53.0,0
520,438085,10,0.11058288083275128,0.19038156421015928,46.0,0
599,272879,15,0.10449896666843304,0.1808121077901542,46.0,0
576,27593,19,0.0294762698482323,0.24864383114012217,55.0,0
524,148472,5,0.2952,0.2619342233912699,58.0,0
601,21098,28,0.3699176189210736,0.21458473657284008,50.0,0
612,55164,7,0.07387232772450844,0.1570465171351016,54.0,0
585,16866,12,0.059402376095043806,0.23166773708538396,51.0,0
581,5512,25,0.18536121673003805,0.25256884238169114,51.0,0
605,95271,4,0.2399218495604038,0.5454322588273782,56.0,0
559,153804,20,0.18010611347449929,0.25639714021874016,56.0,0
560,107303,15,0.09096925576078456,0.338101805803686,55.0,0
506,4456,11,0.049551769610912046,0.10987366897504343,49.0,0
539,61227,14,0.19613252478983942,0.24654819963419128,58.0,0
670,3776,11,0.06831731990496541,0.1602373313240146,46.0,0
572,145968,19,0.15883205632636158,0.04717050156106947,52.0,0
565,25494,29,0.04991018109433413,0.10845272125165874,50.0,0
594,108049,11,0.2728,0.5398997395893028,49.0,0
575,8756,20,0.06922141498550093,0.07334914379295417,49.0,0
610,51591,28,0.14415924567836563,0.35731858762322083,48.0,0
548,22681,13,0.09264965550669944,0.4233027529914511,68.0,0
537,38989,7,0.21574891937605714,0.21291136860152415,53.0,0
556,199460,13,0.09365401332946972,0.08286376756204243,45.0,0
615,21709,22,0.06657513519571857,0.12763115720527346,51.0,0
584,17422,3,0.05644440471934215,0.39795894312076,51.0,0
595,210603,16,0.16121331273697515,0.43690381697644165,49.0,0
563,5239,26,0.2438035701203878,0.19339275339793335,52.0,0
563,5848,25,0.025513058657655036,0.1970298937036341,59.0,0
588,224000,5,0.07687976858413093,0.06501181071367187,53.0,0
599,20078,10,0.3470566991693752,0.9190079968569751,54.0,0
613,42407,8,0.14730620595589908,0.6853215913446081,54.0,0
501,8245,25,0.17077598828696924,0.12074156052122102,55.0,0
574,92077,22,0.09847735811746094,0.0511617810146483,51.0,0
619,3936,16,0.04165772498327379,0.0761196330788386,50.0,0
552,33978,1,0.09495972053896058,0.20692407282613823,58.0,0
527,20034,2,0.22092327518755467,1.029683687377014,61.0,0
600,1305,22,0.15379439023644206,0.2897176831918177,62.0,0
524,10476,7,0.08335250011500069,0.1249147998206532,77.0,0
611,103879,15,0.13503757618794013,0.17322972422014268,41.0,0
608,4376,22,0.08654469315519218,0.12856403376114037,55.0,0
574,105833,23,0.13616062447189475,0.3944195780906126,49.0,0
519,85300,12,0.05727357032457497,0.13200470009846635,48.0,0
579,7277,6,0.11183219020084274,0.36641214588246257,59.0,0
569,67185,24,0.1186726659167604,1.5218049907648867,54.0,0
548,247418,29,0.08369334407263675,0.3943270471502807,45.0,0
471,13932,9,0.1218197769144003,0.08400397748013967,51.0,0
591,154104,8,0.11152999141502745,0.31248089305074955,57.0,0
549,6446,24,0.04074908381804122,0.19871110422918228,48.0,0
609,24872,11,0.21438312573870352,0.58419834654866,56.0,0
580,18883,23,0.05426935524022903,0.2026690213653076,58.0,0
576,18001,21,0.17939750904963495,0.1488481225152619,58.0,0
590,76771,21,0.1372465244683998,0.08359061101748316,56.0,0
633,14944,4,0.17173192227738932,0.06983477255601371,58.0,0
650,212023,19,0.22753128555176336,0.38166167318338007,46.0,0
479,7508,27,0.029993037330619678,0.1806530073570873,55.0,0
606,1517,24,0.2167100440856217,0.389430663520504,54.0,0
643,43558,19,0.07525742121792565,0.11640637791390293,61.0,0
494,97406,6,0.12173580942378384,0.43799465199392323,71.0,0
441,91194,22,0.1715604216622178,1.3766480591240144,51.0,0
582,7021,14,0.16306302705727188,0.11812032542489997,53.0,0
596,10366,28,0.14205228840919162,0.16280648069351986,59.0,0
522,163049,21,0.07772537035806817,0.22456484357076806,58.0,0
501,57815,7,0.1394843205574913,0.06358608518712455,53.0,0
506,34753,17,0.10665206679441555,0.09277064619019706,54.0,0
455,4507,19,0.2603227834835464,0.36680789163578564,59.0,0
561,8142,9,0.06345977829756941,0.19966965745029408,57.0,0
646,131762,9,0.1791258657750179,0.7707617520226135,60.0,0
535,14660,19,0.2981329050391488,0.4713687735351908,56.0,0
638,6106,24,0.27684027583113757,0.18188116778840446,49.0,0
585,74975,2,0.3183233217871706,0.17817896673199998,64.0,0
515,3028,18,0.025570380975370195,0.116730368898375,52.0,0
592,127863,6,0.22438219375410823,0.09898389683766375,53.0,0
563,6195,8,0.22973236960343818,0.5276041972402143,59.0,0
557,38633,19,0.037662121715996005,0.1589117593119358,68.0,0
599,252178,5,0.26639571402179935,0.4392052771871768,55.0,0
610,21495,18,0.09830330592968341,0.3070352030152468,50.0,0
623,77360,16,0.16833510672949556,0.19648515157389568,50.0,0
591,37111,5,0.043691511449462886,0.3466391117445899,61.0,0
578,105933,11,0.12953724410803372,0.26001085709419386,48.0,0
619,75424,14,0.06867514205126109,0.09143099235379126,47.0,0
585,119001,26,0.09718282410515147,0.24148584870717324,59.0,0
472,28962,6,0.03329129886506936,0.4591803185017824,53.0,0
