CreditScore,Age,Experience,NetWorth,LengthOfCreditHistory,DebtToIncomeRatio,Monthly_LoanToIncomeRatio,RiskScore,LoanApproved
571,36,16,473378,16,0.11035989489533819,0.15039231172599637,36.0,1
549,38,16,17949,24,0.057370436732025035,0.03900609552137678,39.2,1
636,64,43,17515,19,0.035306382485810264,0.04470144976083834,37.6,1
540,42,20,177347,24,0.0905804968388786,0.07081043805249378,36.8,1
582,31,11,147593,13,0.11006321898642346,0.024254806805415117,41.6,1
536,41,19,153253,20,0.023312287518212724,0.14256134432014342,34.4,1
593,45,19,44931,1,0.028263048788796,0.035394245844438156,43.2,1
582,45,24,15672,2,0.01738533112686171,0.04873513389341085,49.6,1
564,41,20,64290,24,0.04940711462450593,0.05059039563718209,42.400000000000006,1
581,28,6,48690,17,0.025026546779627352,0.06642372025528355,37.6,1
602,60,41,11946,16,0.03721520542056458,0.08083548363174614,43.2,1
589,46,24,2656,27,0.028280810576392357,0.11417073313381039,44.0,1
618,41,19,76533,7,0.06940221309676813,0.10873430061864187,40.8,1
591,51,29,3291,3,0.02868478769807043,0.15942911897975365,41.6,1
617,44,23,1645402,21,0.04494959695929197,0.11402751327062496,30.4,1
586,53,31,45805,29,0.09533829131144567,0.19048037126874234,45.6,1
488,42,19,40587,25,0.1433188141070676,0.10965273809408103,44.0,1
624,34,9,282555,3,0.1285169289461135,0.10672461770908769,36.8,1
507,53,29,206862,3,0.029671778295809158,0.17976828174396892,39.2,1
553,33,11,10386,21,0.050884168352975864,0.04277371068012233,44.0,1
551,37,14,6621,2,0.03573028378698848,0.0753574003989833,44.0,1
529,47,23,46013,24,0.023469073751153965,0.012557106268054648,38.400000000000006,1
501,31,8,3722,16,0.03731930376634871,0.04521643863342448,43.2,1
629,65,42,2830,1,0.04799055108320641,0.11483404048550017,41.6,1
595,30,6,206988,7,0.06084889876534735,0.07386327675941444,36.0,1
492,47,27,6975,25,0.015812684115280324,0.059889661287042845,40.8,1
603,41,21,1294,16,0.11521895190236899,0.08155950754358904,40.8,1
605,45,23,23790,5,0.02235088764953808,0.07871922495338417,39.2,1
501,44,24,40983,24,0.034820645524529285,0.056641842872947434,38.400000000000006,1
556,65,40,29062,21,0.024517580819041613,0.06896579130303215,44.0,1
607,54,31,4176,15,0.0361370951045529,0.09204592948751812,40.8,1
626,44,21,40110,29,0.05910743013763928,0.15020863770359966,42.400000000000006,1
528,21,0,126324,8,0.06391081185495888,0.03287865864899413,36.8,1
559,38,18,19357,16,0.10727001263351327,0.061798421295562324,39.2,1
618,57,33,7599,12,0.11282414194004954,0.04656264138572498,42.400000000000006,1
570,28,5,2332,1,0.018296214920603217,0.10338835920687688,44.0,1
609,43,19,48415,11,0.04987142956425047,0.08015086959730078,43.2,1
588,39,15,3948,4,0.03325488448523166,0.12404771455253928,44.8,1
588,37,17,314456,22,0.048147223510110915,0.24261290183774006,36.8,1
596,36,15,7317,5,0.006913953072536906,0.009129258136992963,41.6,1
630,50,27,43979,23,0.05229520262933516,0.07111756333157465,38.400000000000006,1
548,41,17,590053,26,0.0925801890302895,0.2568182315961961,40.0,1
603,18,0,495578,13,0.05919326899282356,0.22753478235919578,32.0,1
612,46,23,792824,18,0.026673172318451656,0.16017319337320837,31.200000000000003,1
593,44,20,467275,7,0.06629003979628754,0.05921768158837587,44.0,1
592,31,6,19428,5,0.037188961684847394,0.10368057931929014,44.8,1
602,31,7,20885,24,0.027827603635030278,0.11576042158221336,39.2,1
602,40,18,86439,27,0.08153092405128118,0.06000893394660798,40.0,1
527,34,11,4742,1,0.03353492920001449,0.03167146386134001,41.6,1
550,32,9,213900,26,0.11202339444381959,0.14546326292502043,40.0,1
637,55,33,9094,25,0.01872669224371529,0.023078573636437588,36.8,1
617,57,29,4139,25,0.022917245654915878,0.06913133318988765,35.2,1
499,39,16,46269,23,0.03445563247325362,0.0315078648409233,45.6,1
563,33,8,10599,19,0.18240230160632942,0.079423954975408,45.6,1
584,45,22,127219,23,0.09151744508030275,0.04785535073424252,43.2,1
610,40,16,21113,9,0.02347456336609308,0.049397983880820735,37.6,1
564,34,13,10754,22,0.05260942149960078,0.1352935018538881,43.2,1
586,60,36,195235,11,0.0855962081767027,0.09302954333610203,40.0,1
548,44,24,27917,28,0.04639112328915777,0.1715588028110892,41.6,1
559,46,24,1357204,2,0.054166868902587,0.10469817818586662,37.6,1
620,32,11,87804,7,0.07138634348211646,0.16519917768686143,36.8,1
636,41,19,64311,20,0.10849186655638268,0.0833441992148969,38.400000000000006,1
586,40,16,1839,27,0.05506523407521105,0.11714523135312764,39.2,1
579,32,8,8687,21,0.018323280977796903,0.087341617050977,41.6,1
596,42,18,4346,21,0.023165609080346768,0.06342400283123534,44.0,1
622,43,23,6599,24,0.048597199813754044,0.16520738137289967,36.8,1
612,37,16,66606,3,0.0330316356558156,0.014437864192280254,36.8,1
591,38,15,3712,21,0.027526210716977143,0.0521910423998662,44.8,1
598,48,25,25039,29,0.052026853892276945,0.1327259004371534,40.8,1
559,42,17,10533,17,0.04925282098200671,0.09755113289227052,42.400000000000006,1
515,33,12,13442,20,0.05429505597939166,0.05030459003832668,44.0,1
627,71,49,4978,6,0.10383508545251659,0.06839764283060451,44.8,1
537,70,47,25800,18,0.07306721406973841,0.09612553009536867,39.2,1
574,30,8,42257,19,0.04017108226155032,0.040308913215221454,40.8,1
546,33,9,205211,28,0.06535465051877562,0.17713266180313447,51.2,1
508,18,0,94409,9,0.017753064915924165,0.04886853728407721,40.8,1
568,33,12,33927,11,0.0804574312225297,0.0793864458606263,44.0,1
596,47,24,179087,15,0.06410921029894591,0.055165232953418325,37.6,1
537,32,10,10435,3,0.029887920298879204,0.052566892300468446,40.0,1
617,51,30,110930,23,0.12125876730184346,0.27458525610934736,35.2,1
434,40,18,244907,29,0.034984539660503564,0.07850033877968228,36.0,1
490,27,5,7658,23,0.07189972441994845,0.08292923464173584,41.6,1
606,48,27,10184,2,0.09563869825105158,0.06685945396358059,49.6,1
554,34,10,78606,12,0.008106414095689114,0.10434850815791602,45.6,1
580,33,9,6479,27,0.07745408001400299,0.0722309402414252,39.2,1
519,30,6,107152,20,0.09160670506866515,0.07167722332386756,35.2,1
577,48,26,153844,6,0.027483476551581114,0.11427064396329162,40.8,1
567,36,13,10955,14,0.037361063544942244,0.06113653742175608,42.400000000000006,1
588,45,22,36801,25,0.08430635266178509,0.13385027317519255,39.2,1
624,40,15,67942,9,0.05321809037639532,0.10823465271850982,37.6,1
625,50,29,367424,15,0.08376250266014046,0.19629341267423125,33.6,1
606,51,31,13797,21,0.02241042345276873,0.04647786060839741,36.0,1
587,46,24,96702,22,0.13657721624725908,0.11560935647380889,41.6,1
562,49,26,87179,16,0.02633096942757287,0.045830167515270095,38.400000000000006,1
558,30,7,274308,25,0.04437457097938487,0.07854516567969773,40.8,1
568,43,20,169990,19,0.07502947212155613,0.08184650266490216,37.6,1
636,54,29,202561,11,0.05504420491704008,0.13771400776076242,38.400000000000006,1
592,29,5,134663,27,0.04466781701867941,0.042385051245077285,47.2,1
621,53,28,91832,21,0.18089895422120644,0.11319804030590344,36.0,1
650,46,25,12513,28,0.0789293272526752,0.05335899205965235,33.6,1
571,54,29,9907,17,0.0798004987531172,0.1318082978490657,43.2,1
624,40,15,83919,28,0.04411729522381633,0.04990974817142186,40.8,1
598,37,16,44638,10,0.030202706627170818,0.1443683689583554,45.6,1
645,47,23,164553,14,0.029743697922160108,0.06749098042058156,40.0,1
518,35,12,139486,27,0.02828529928904518,0.11536747164517974,40.8,1
626,59,34,10705,25,0.03518628258309796,0.040637562448410124,35.2,1
564,28,4,104475,27,0.05354495508851487,0.07851470050688568,40.0,1
525,28,5,21493,28,0.10500802669268784,0.08734394388227966,48.8,1
638,57,35,6458,23,0.037919450129358614,0.11383954972360306,37.6,1
645,59,37,2312,25,0.022802937018287957,0.1099570124688605,37.6,1
580,21,0,128683,1,0.02799105048045863,0.02934198769514762,48.0,1
595,37,15,9736,19,0.056864274570982844,0.06580492448262772,41.6,1
609,42,21,3674,10,0.08910048065918974,0.033514059730732196,41.6,1
609,40,17,583449,7,0.09042303723853297,0.15854608471489873,33.6,1
585,46,23,7021,5,0.016727678246745377,0.1748651789981846,56.0,1
584,27,7,135564,21,0.13012004031888574,0.1676183178810945,40.8,1
654,44,19,8257,27,0.0337501537452339,0.07526968316092138,40.8,1
562,45,22,433093,25,0.1444361736492465,0.041791788718764676,47.2,1
577,29,7,168347,29,0.1557679136362154,0.08370321428268826,38.400000000000006,1
598,32,9,208618,19,0.04511703747624887,0.24418685318522884,39.2,1
658,60,39,6557,25,0.05812619502868069,0.052105272324064006,37.6,1
650,48,25,6525,20,0.023412146499768197,0.09048041768805215,34.4,1
654,59,33,10613,27,0.05912576080942218,0.12721161285894522,35.2,1
637,58,35,20465,14,0.04741821497777271,0.1471019672875601,39.2,1
440,25,2,9049,11,0.0796872975424351,0.0494542389320455,42.400000000000006,1
525,29,9,7696,25,0.06372624039668207,0.06726131928889115,41.6,1
591,36,14,77875,26,0.1128926289891944,0.222283489363468,37.6,1
584,39,18,1354,16,0.03925024573772159,0.04234858914000122,44.8,1
541,24,0,170699,3,0.0486567817862012,0.01894552372358925,40.8,1
608,41,18,5014,26,0.10944330535030368,0.05994876152491474,36.0,1
462,31,10,232362,24,0.08419962091333985,0.06890284579929112,35.2,1
643,63,40,31302,23,0.01803341121735819,0.06495801046953843,38.400000000000006,1
468,27,3,35874,8,0.04962624414339753,0.09008449674971325,48.8,1
538,45,24,186298,20,0.021234625203063354,0.09532591966624608,37.6,1
596,57,36,39329,21,0.04893465185034152,0.08012740161713934,40.8,1
635,36,13,23054,18,0.09124456643071953,0.046811096914533966,43.2,1
577,49,26,1208,20,0.14102449089441108,0.027184280227459272,43.2,1
566,55,34,83827,24,0.08959665420034583,0.0886223595472337,40.8,1
521,30,7,2670,28,0.07635675971407843,0.04283113082753407,40.8,1
546,28,3,129013,29,0.076250703069182,0.1162875610370232,40.0,1
644,48,24,82935,2,0.05583204382919995,0.08179577576673813,40.8,1
594,29,10,56057,26,0.13452259102207925,0.32965086379055203,46.400000000000006,1
516,34,11,81972,25,0.05859375,0.0838580750861795,42.400000000000006,1
558,36,14,88638,3,0.05462155563306593,0.05614480505254463,44.0,1
611,63,43,9160,15,0.10790988376727946,0.022811149029363403,40.8,1
621,29,8,3345,25,0.03775359398092167,0.09029326335808735,43.2,1
536,48,23,1185153,27,0.11226217464918072,0.9170123376904207,36.8,1
500,35,14,5120,18,0.020185786377808494,0.03703166371214634,39.2,1
565,32,6,255047,9,0.04623575117108187,0.12150462452037625,40.0,1
631,47,23,81074,22,0.034564753756771996,0.1812323905762046,41.6,1
602,51,27,44507,26,0.059124845751622385,0.1017548784154034,43.2,1
609,38,19,172723,19,0.03049902718620182,0.06955529214526275,36.8,1
580,41,19,24879,16,0.04030467101036982,0.04683163809815776,44.8,1
584,44,21,45660,24,0.07328192237228921,0.0966181933149146,44.8,1
685,59,40,9288,18,0.06069306712017139,0.06307784580840242,39.2,1
640,55,33,52602,24,0.10360374764173567,0.08969532052482747,37.6,1
640,33,11,123548,9,0.03695422100915898,0.03622126585891462,42.400000000000006,1
510,45,21,50604,27,0.08517955690634248,0.14693266563946064,38.400000000000006,1
578,44,20,73185,1,0.13539299081320177,0.06392610041788198,42.400000000000006,1
620,60,37,101159,11,0.14942162177833185,0.15107358292732062,38.400000000000006,1
545,18,0,2662,24,0.033892986034834455,0.04994437410283503,39.2,1
636,58,33,55724,21,0.057710693281571405,0.08360962553676761,36.0,1
605,54,35,50645,16,0.04415647647047809,0.04752092015502245,40.8,1
638,55,33,7909,23,0.009155857668030797,0.05904010913138866,39.2,1
607,49,30,7453,6,0.15582180868013512,0.07491794872920676,40.8,1
618,48,23,448039,20,0.13082741586909538,0.14309235347863786,33.6,1
503,43,23,7240,11,0.01622615059413099,0.24454204482730219,40.0,1
610,47,25,74826,4,0.027975161193214835,0.04776054714314165,36.8,1
667,53,28,268231,15,0.05824936475948479,0.10000540194342085,29.6,1
522,50,30,2006,20,0.06802746970532844,0.07428009171188721,40.8,1
608,38,14,488245,19,0.02694853882447606,0.042271905928818646,33.6,1
496,46,25,13731,4,0.027153279119736834,0.09383794316413553,40.8,1
583,45,22,234266,27,0.04471026571232474,0.10017798396835952,35.2,1
583,44,21,59029,16,0.012370859752582805,0.01781617945582998,36.8,1
566,33,12,200295,14,0.038643885857411214,0.0684309326805889,38.400000000000006,1
526,41,19,142191,28,0.042116191937886516,0.021451158419660256,37.6,1
547,40,14,228076,26,0.10256410256410256,0.12401862540283062,40.0,1
551,40,20,60540,5,0.05855222649488249,0.04829993549764497,38.400000000000006,1
544,31,5,10370,24,0.035755318477368854,0.036128529197679574,46.400000000000006,1
632,40,15,44508,14,0.029277393737890785,0.1512999504397022,44.0,1
565,27,6,97684,8,0.10473772783022904,0.10512697809063261,38.400000000000006,1
585,58,35,162493,26,0.08046310086191212,0.11701447757901262,40.8,1
528,38,14,45218,21,0.03114902301268338,0.12139535752134922,39.2,1
622,27,7,147456,27,0.07990796508086892,0.17717400543069767,37.6,1
543,39,15,6256,23,0.04605008806220198,0.0997203326640729,46.400000000000006,1
659,57,33,201705,6,0.16865633731267463,0.06821813898911537,35.2,1
614,53,31,28535,25,0.03606577799925253,0.12683410029028372,40.8,1
518,39,17,11885,28,0.024456650036983996,0.11095694256201552,40.8,1
539,18,0,78223,2,0.034176189413602356,0.03398845374229366,43.2,1
625,60,34,105834,6,0.02906738128002704,0.2908599179345851,33.6,1
523,29,7,49584,15,0.09243785251723417,0.10761368529322657,45.6,1
547,54,34,60117,16,0.017693499318762948,0.05310013048641767,44.0,1
549,29,4,18983,20,0.07408432193131118,0.09878975105227901,44.0,1
559,47,26,54027,18,0.024800130527002775,0.09443034518024289,40.0,1
571,65,44,45393,26,0.05481093223511794,0.07304284584863406,43.2,1
644,48,26,27369,27,0.03158310303987367,0.16051963304992714,39.2,1
591,38,16,65454,10,0.06790717395913175,0.06928793156352224,41.6,1
654,35,16,109424,15,0.03133610675887406,0.050161198689174125,31.200000000000003,1
628,45,22,658296,27,0.41099142668718397,0.16988897372827172,35.2,1
582,24,3,213789,20,0.10506933223103228,0.10119820441836105,40.0,1
594,33,12,13326,26,0.028923454646166743,0.10282168614368296,43.2,1
498,29,7,619235,25,0.035565674805684226,0.1559745972859928,33.6,1
588,33,7,10120,25,0.058680947012401355,0.06245436921234547,42.400000000000006,1
609,47,24,75451,16,0.10186757215619695,0.21232874927112438,38.400000000000006,1
602,31,7,39651,18,0.05727885759619199,0.11337385718049307,40.0,1
602,35,14,149032,1,0.03796246648793566,0.0878115223089072,42.400000000000006,1
598,40,15,5431,19,0.027244522008919914,0.08787333928996947,43.2,1
586,44,21,58839,23,0.06447185632751434,0.13435963165654044,48.8,1
596,48,24,24782,29,0.08461031025943268,0.23887467288039554,39.2,1
569,50,27,1273,23,0.009124117754012463,0.12378278877323812,40.0,1
565,41,15,93388,25,0.03397027600849257,0.050035016202112176,43.2,1
593,45,20,117670,27,0.06348767246446972,0.0387150064280688,40.8,1
550,37,15,53921,22,0.06274108558858137,0.0808356540704231,38.400000000000006,1
620,37,15,280171,22,0.030234592237699247,0.07743037926133069,37.6,1
627,55,30,383141,23,0.1253928535682114,0.19461026160729789,32.800000000000004,1
620,51,25,21042,7,0.07296092859363665,0.04464890878638351,36.8,1
620,49,31,26851,6,0.039125754668413906,0.075441014255002,42.400000000000006,1
535,29,6,443189,5,0.11226161063764817,0.06760347525762138,40.8,1
596,60,35,49939,26,0.05286281179138322,0.09649473888367131,40.0,1
663,62,41,3328,19,0.010928408803440426,0.14173093325918834,38.400000000000006,1
637,36,15,409777,5,0.06639082189204439,0.15578440965988394,36.0,1
529,33,10,4951,28,0.029410928122422277,0.010967763145067755,47.2,1
625,38,17,83217,11,0.06052373202781401,0.05812139655572168,40.8,1
555,29,8,261091,19,0.03564041894865728,0.053569377421852506,40.0,1
521,18,0,113390,5,0.09366382299343644,0.07403099993294958,41.6,1
636,40,17,3298,23,0.11273125468272722,0.1160858564448873,39.2,1
514,42,16,351899,3,0.02354870833577412,0.06049671389381542,38.400000000000006,1
508,41,18,1033,24,0.04759993388898071,0.1635713226785334,39.2,1
527,41,19,32554,28,0.028269236989358605,0.07372609945779132,40.0,1
627,56,33,86168,14,0.02755242614419103,0.07471190053352339,40.0,1
673,59,35,18467,21,0.042703536944681826,0.07806958961368927,37.6,1
608,32,9,34144,16,0.03956712884680419,0.13448893308272378,39.2,1
615,43,24,118392,28,0.05709738049680817,0.04105170653547766,33.6,1
602,52,30,3745,11,0.03248017911637964,0.13939366911999176,42.400000000000006,1
663,52,30,13714,9,0.026292241948837173,0.07909753575556348,37.6,1
631,38,12,35500,12,0.05245801058363372,0.04941413628426406,44.8,1
569,50,26,1681779,14,0.2856035866496928,0.1115947247860236,40.8,1
616,52,26,18467,29,0.09033544845601926,0.23123010959135654,36.8,1
542,22,0,98999,5,0.03054132094637008,0.03943840722416495,42.400000000000006,1
608,42,20,64639,5,0.04807582938388626,0.05805142752540424,43.2,1
546,34,11,19027,14,0.02613348352576739,0.0717017510908812,47.2,1
522,45,23,218426,29,0.06812795584533227,0.1262115278262877,38.400000000000006,1
604,22,4,12654,20,0.04459231037535886,0.2577438273314321,40.0,1
532,49,23,1172,18,0.02429675168995872,0.018432074815172325,43.2,1
608,32,9,5312,3,0.0893067582107906,0.059802079472814844,39.2,1
580,27,5,4154,29,0.18352337514253134,0.059254757717804925,40.0,1
634,61,34,7608,26,0.02075441311365212,0.02162171319929872,36.8,1
596,52,30,23896,2,0.020976805103722167,0.04699415400399255,48.0,1
671,55,33,56406,8,0.08142480681340784,0.0751583417443095,34.4,1
654,49,27,26425,19,0.10464651843962189,0.08032668142055407,36.0,1
528,25,4,31394,28,0.015085076974405413,0.08359806937367466,39.2,1
623,47,25,108644,4,0.05157521385353641,0.09199319098504383,41.6,1
450,18,0,11007,25,0.0680926916221034,0.03692065808363146,41.6,1
622,42,20,4298,21,0.013505970627259,0.05560976433473351,40.0,1
613,38,15,10188,6,0.014070834105956652,0.01647105514619067,41.6,1
607,47,23,7796,16,0.03896596164051247,0.08948845359727492,42.400000000000006,1
572,39,15,91515,6,0.04925235631776628,0.16132082051090468,44.8,1
596,44,21,1623,24,0.035582035209665075,0.24161081902582318,48.0,1
575,39,19,115854,15,0.07929444129783964,0.0644569349936382,40.8,1
576,48,26,45760,5,0.09130780685828523,0.023214016879157667,45.6,1
536,42,22,43211,5,0.06142413695795316,0.21758569660395757,40.0,1
499,34,10,121442,4,0.0437945892491347,0.04415109820226362,37.6,1
613,52,28,255098,6,0.0910419655057547,0.06985287399224863,34.4,1
604,47,22,43990,11,0.058235341172706186,0.05620580811649749,48.0,1
542,44,23,161208,7,0.047002297890119074,0.10963437074602804,40.0,1
662,54,31,27145,24,0.01884292065270117,0.020900138133396973,33.6,1
595,41,17,164935,9,0.028244155029028717,0.20810449434617317,38.400000000000006,1
495,37,17,98418,9,0.08095637138947526,0.2715491445208163,43.2,1
607,53,28,69288,15,0.04716215218835339,0.0608088579604015,43.2,1
574,54,32,162142,28,0.01936940216995558,0.06347403269064052,36.8,1
539,33,11,56111,21,0.04969166145321298,0.14409499838638443,44.0,1
573,18,0,147864,18,0.10346611484738748,0.15729544304497117,37.6,1
575,39,19,8356,13,0.15837816332531873,0.08317679957991149,42.400000000000006,1
540,39,16,14517,20,0.06546013317397986,0.2078156517571155,40.8,1
612,43,21,171422,9,0.05160329963406314,0.12856520149937764,46.400000000000006,1
660,54,34,747585,1,0.05523577173788739,0.04175351234800653,33.6,1
604,40,19,349766,12,0.08452942111116996,0.1705440561586328,36.8,1
562,54,32,382048,26,0.0505258512907259,0.12891712708370226,36.8,1
490,47,25,24020,25,0.032472742719592204,0.05105667110505338,37.6,1
605,48,23,436314,7,0.029858342522690644,0.11253612067557722,37.6,1
570,33,9,34860,12,0.05929597229271788,0.10450778172442214,47.2,1
536,39,19,660930,28,0.1190721310757234,0.17834899586672384,36.0,1
540,18,0,426705,16,0.02713088820390261,0.08311174864658763,36.8,1
647,52,32,3311,4,0.020989432065018427,0.07325874572797926,38.400000000000006,1
611,46,24,81819,21,0.03148518953255541,0.07318538253869726,37.6,1
643,44,22,24866,23,0.043969102792632206,0.15541548888251436,36.8,1
597,53,31,54515,26,0.06288813772502162,0.13671532990245963,41.6,1
609,43,21,8572,11,0.03486002696009279,0.04061967806085272,38.400000000000006,1
626,36,13,1383127,19,0.13645925429102773,0.28624720566660355,34.4,1
624,47,21,10883,22,0.04894935726857915,0.10124541083498803,36.8,1
641,50,27,293425,22,0.11220645988619059,0.1678052223558885,33.6,1
563,48,28,344501,1,0.0880891558824355,0.06769360195208023,44.0,1
512,33,12,617633,24,0.11962087373352218,0.32256075948394575,36.0,1
590,49,26,682561,15,0.10277715059832919,0.3973798429833788,36.0,1
611,55,33,3901,16,0.08951666811985932,0.02139529828829012,45.6,1
586,55,33,1415,16,0.011659632022013386,0.09924722907078719,40.0,1
618,61,37,52889,15,0.033007623189165114,0.08752025961509562,40.0,1
528,47,22,1356045,22,0.043348629799590366,0.05104346209211033,33.6,1
594,47,24,91716,11,0.04591281034434608,0.10011929963457755,43.2,1
558,32,10,304344,11,0.029869277983413767,0.03928797781441013,33.6,1
460,46,24,224553,1,0.06619728533062351,0.1266168909356547,39.2,1
600,40,17,463496,27,0.08579535435469132,0.534574871551175,38.400000000000006,1
531,46,21,398717,8,0.05570310480174865,0.14218838555233448,34.4,1
525,52,28,24265,23,0.06849366284069242,0.06625008729312275,42.400000000000006,1
623,47,25,64224,20,0.05513812067758204,0.08525156671471555,40.0,1
618,51,29,16980,4,0.034452383282764024,0.08488275755210718,45.6,1
534,48,27,188885,12,0.0885950605778192,0.08433564084078497,41.6,1
659,61,42,217108,14,0.09599588589060469,0.08913579636990394,32.800000000000004,1
486,51,30,503702,21,0.05212122686846812,0.10324367339379863,35.2,1
615,29,6,103591,12,0.10480236899703875,0.1127554318292676,37.6,1
623,26,5,7184,17,0.04127245608957949,0.01526616878596527,39.2,1
514,53,29,404350,14,0.0259758651035292,0.08950951882437123,36.8,1
520,29,8,174303,10,0.04822673170302023,0.08011544522119869,40.0,1
582,36,14,92894,2,0.03331980810081867,0.028432273678669625,44.8,1
544,42,21,41888,18,0.042302439024390244,0.028672806940156725,42.400000000000006,1
554,45,20,36933,16,0.05264229523368811,0.15767475225650499,42.400000000000006,1
600,50,26,26904,21,0.06224765787307436,0.0898723848927943,37.6,1
575,43,21,240644,27,0.040581017102000065,0.08817801535418247,35.2,1
439,36,15,92372,29,0.1042112556778813,0.06461070323515453,44.8,1
587,25,3,194075,6,0.09950585527651798,0.09133009403155325,38.400000000000006,1
626,44,21,8398,27,0.08241777365276408,0.05814904862057679,38.400000000000006,1
611,33,13,145880,12,0.07065240919520326,0.09318163484764946,38.400000000000006,1
523,30,7,2478,22,0.03247727473303327,0.04510215575481083,43.2,1
603,39,18,50906,8,0.0385228509548258,0.10551859038913053,36.0,1
552,36,13,198689,18,0.08686130348838862,0.07056763887348014,42.400000000000006,1
621,41,21,295933,2,0.14342259241412544,0.11389854464602184,41.6,1
602,32,12,8963,13,0.06740272007963191,0.04550086807944025,43.2,1
603,31,5,296073,21,0.0551371582454699,0.13035403523181902,35.2,1
612,44,22,73108,12,0.12104923672328531,0.02877110340867451,36.8,1
638,33,12,10327,3,0.02594157392033405,0.07153355533325514,39.2,1
609,32,10,8792,6,0.0338564627049903,0.08567221986181052,40.8,1
578,55,33,414428,8,0.029127273294282136,0.05069194086790822,49.6,1
534,47,23,9297,9,0.030541862599464474,0.06682930200257661,39.2,1
599,46,24,84874,28,0.06476197044674725,0.21961455042791006,40.8,1
627,43,21,19035,9,0.030896854664579178,0.06602528710848606,39.2,1
649,47,24,100470,9,0.05569537796464632,0.06654576965073472,32.800000000000004,1
575,47,24,52657,29,0.03890121139737246,0.19763556727453824,43.2,1
525,46,21,148141,9,0.02026657594498378,0.03017282284187377,36.0,1
512,39,21,434306,15,0.05289581973871702,0.035473781568203445,36.8,1
539,30,10,105051,23,0.09880803011292345,0.050624426239781195,36.8,1
528,48,25,231705,16,0.0815615680411815,0.34499085311158784,34.4,1
598,53,30,153261,16,0.10421756576014266,0.1280870549652612,36.0,1
615,31,8,160004,12,0.059947074698037575,0.07280737825036437,33.6,1
522,18,0,1212567,24,0.2236328693727797,0.22026846494873872,35.2,1
543,43,18,10909,23,0.06023132319778861,0.051306229634661395,40.0,1
619,38,16,117036,28,0.13864053093611567,0.11152591488162437,38.400000000000006,1
494,30,5,35071,4,0.02104089596108042,0.06691271596110059,46.400000000000006,1
502,44,23,34703,20,0.03680878007598143,0.10393473825121458,43.2,1
616,47,25,143971,25,0.03583735354927636,0.09011410890489596,39.2,1
682,75,53,10793,25,0.05980133114819894,0.18016462636002087,36.8,1
534,36,13,581271,18,0.06372631225893007,0.14630174728715112,34.4,1
594,50,27,4419,13,0.028994261552401087,0.0335647011203437,44.0,1
677,61,41,21087,10,0.04521607442262967,0.11958912153646983,36.0,1
541,36,14,5973,20,0.033617300131061595,0.03547805631419368,40.8,1
581,50,29,3189,15,0.04963097229037524,0.03671245299544641,48.8,1
667,57,38,137722,23,0.07892440048210798,0.06662605480761313,35.2,1
500,30,5,105814,14,0.08508438273200634,0.08912714668561497,40.8,1
620,54,33,280673,5,0.0554719186695241,0.09942995907457665,38.400000000000006,1
554,35,15,151903,23,0.07484979973297731,0.11258532784824704,37.6,1
606,49,29,216055,22,0.06108404078967197,0.1551511795903984,39.2,1
650,54,34,74169,16,0.05297606687912464,0.050140140488921695,38.400000000000006,1
546,32,12,244669,15,0.030933750218282513,0.06252950549105436,35.2,1
621,50,28,20706,14,0.036774171498877864,0.04830130143096137,38.400000000000006,1
574,53,29,111990,20,0.3293791918275772,0.18373219831864984,41.6,1
580,33,8,14160,21,0.08227122530177355,0.21138369202764867,41.6,1
608,18,0,66069,19,0.09923237484744449,0.03843940652089818,43.2,1
525,53,29,80544,22,0.059542661683663775,0.042562399643640794,37.6,1
544,38,13,27704,4,0.025256175857817083,0.06973023801267726,40.0,1
589,31,9,481720,18,0.07457727677247108,0.05119476523012016,40.8,1
625,42,17,456482,21,0.045123125601870956,0.12187872583909627,32.800000000000004,1
607,35,12,59664,11,0.04927913592747963,0.02509481308018415,43.2,1
571,28,9,134367,21,0.0429878697595233,0.08285613017820882,38.400000000000006,1
603,42,16,314536,12,0.13913352272727272,0.1236470125816599,32.0,1
573,43,22,7660,22,0.11342562361238082,0.09283752852223309,40.8,1
559,49,29,1397840,18,0.07075887752768613,0.11083752266614012,42.400000000000006,1
599,35,12,197288,20,0.04333225002708266,0.043982813446892546,36.8,1
644,33,12,15773,27,0.034772967797208086,0.05038631775083253,39.2,1
570,57,36,110443,22,0.025572657241762553,0.04915268739972925,40.0,1
616,38,16,10646,2,0.041994262643433915,0.04405151554954854,39.2,1
572,51,26,98369,20,0.03828402079385901,0.10912609242503324,37.6,1
440,32,6,1571,22,0.021837210092536308,0.04050541636340205,40.8,1
598,32,9,515375,28,0.0124812877889457,0.07760500401600176,34.4,1
619,54,35,57257,25,0.06654886140099356,0.04291165756532397,34.4,1
652,48,24,130617,6,0.024283714733806642,0.07281214060094439,32.800000000000004,1
444,41,22,58331,21,0.046668852384882366,0.10023951478836157,36.8,1
511,48,26,612585,12,0.128686327077748,0.21415047979392,34.4,1
617,42,18,247930,11,0.051966180739518725,0.10030464916602844,39.2,1
557,45,25,25397,17,0.10587820588141042,0.034984947922087464,43.2,1
584,39,17,3533,25,0.07911902924879007,0.09993655855020658,40.8,1
611,42,19,196822,14,0.015669253687424136,0.05888122683227803,33.6,1
674,49,28,90376,23,0.05741810251863213,0.030584859502114148,32.800000000000004,1
565,33,10,7531,21,0.09078598125778668,0.06346811732447881,40.0,1
526,62,38,111992,19,0.021991447770311544,0.09009512820992978,37.6,1
526,35,13,13570,19,0.027136999593101507,0.06977728299323112,39.2,1
649,38,19,10622,7,0.028432384065447448,0.11209000512617616,44.8,1
652,29,9,71650,13,0.02643988471805054,0.037635306511925495,52.0,1
612,48,28,361735,6,0.09991374606136352,0.09334736677616427,41.6,1
588,54,34,101172,17,0.021211975124138263,0.017118440800217873,39.2,1
609,28,6,96129,17,0.06946403385049366,0.15912692197820186,37.6,1
597,46,22,51359,29,0.0819821218641173,0.09987690347498625,38.400000000000006,1
601,32,9,86045,11,0.04277756126636253,0.2007778272911053,34.4,1
612,38,13,54464,16,0.049901623748675704,0.1695356259884326,34.4,1
602,43,20,104659,13,0.036906137429484134,0.17408091150468952,36.0,1
579,27,7,275942,26,0.12025657711257787,0.036722432659844595,38.400000000000006,1
440,26,2,143339,23,0.05330022760190358,0.17062568747208792,36.8,1
570,41,19,415294,13,0.06372726589251662,0.1347817677758914,32.800000000000004,1
655,57,34,130997,24,0.04646123450495523,0.10217475617593248,40.8,1
663,61,40,45820,22,0.15919256795504072,0.19762030960125462,35.2,1
617,65,43,1913,1,0.01740872941323815,0.054775497693509076,38.400000000000006,1
619,41,21,3465,18,0.02766750286173555,0.06583805005209047,36.8,1
649,57,36,4656,29,0.14219526577373431,0.1103086546963094,40.8,1
585,37,13,51902,22,0.028075265106539782,0.059185736102750755,40.0,1
552,25,3,9945,26,0.03396843809243501,0.23876650572779182,43.2,1
707,67,43,5618,12,0.03685291973221979,0.08760523422782611,32.800000000000004,1
609,52,27,63445,11,0.09488752556237219,0.05218843903725378,36.0,1
625,32,9,23203,28,0.030151421234392985,0.06045401220456847,36.0,1
501,33,13,40178,20,0.08469797620886761,0.05469935363527684,44.0,1
590,53,29,139537,4,0.12440701916283362,0.1491986498872323,42.400000000000006,1
633,45,22,207058,9,0.0449181425954018,0.06149794255650671,35.2,1
554,31,9,6307,28,0.10560178661632946,0.09586949409713307,41.6,1
496,39,18,207272,20,0.06401255832206863,0.03812266393592411,40.8,1
645,35,9,566222,16,0.05197537357299756,0.15453984430160417,35.2,1
558,51,29,82899,4,0.06659752781904307,0.11972766640960374,47.2,1
558,61,40,169063,21,0.08173273395995095,0.4294598043683857,38.400000000000006,1
570,49,25,15178,14,0.02689901753129265,0.036766158103194474,40.0,1
613,28,3,120568,22,0.1296547166694201,0.06089365153383164,36.0,1
617,27,4,25824,11,0.05932336968203247,0.0749991523003297,40.0,1
562,31,7,271027,9,0.06290988831658932,0.03985825465814244,38.400000000000006,1
667,61,40,13932,23,0.1662111062329165,0.07899180972191822,34.4,1
607,40,15,10840,6,0.047458559735882797,0.018906657104201516,40.8,1
572,46,23,2902,3,0.04703318654378717,0.05627001628167959,45.6,1
430,28,7,322412,14,0.05293860288756016,0.3740411146080518,42.400000000000006,1
614,59,38,235425,26,0.08441777928004056,0.14612575722125956,36.8,1
545,60,39,347100,29,0.06449662930207498,0.08994239997082781,41.6,1
461,48,25,5137,18,0.06664282083623563,0.09362513841192414,41.6,1
595,48,25,28074,24,0.0707685908672272,0.06639819796080242,41.6,1
536,39,19,72829,15,0.0755875970132784,0.10802522404887999,41.6,1
523,29,6,30794,7,0.09743221555874651,0.032626252407527465,44.0,1
572,41,23,32582,26,0.029831458828425306,0.0850087403558804,39.2,1
642,39,21,19356,26,0.008310174567628092,0.08268404251842543,38.400000000000006,1
585,53,29,29992,25,0.039959844274136284,0.24237986076535684,45.6,1
616,42,21,64087,2,0.03299195209793838,0.04317137926483944,37.6,1
557,59,36,96183,7,0.007907342169957168,0.02154729288095495,37.6,1
542,50,31,160986,28,0.06299983064561655,0.10161752475569025,36.0,1
608,31,9,174509,25,0.05251841968845869,0.03298400369639152,38.400000000000006,1
694,63,41,194474,14,0.09354300177715547,0.0908490279707897,31.200000000000003,1
607,47,25,65321,1,0.08554109755111937,0.06290413531988373,44.0,1
523,40,17,3830,26,0.05980672217832614,0.0829075055218308,43.2,1
609,29,10,18375,29,0.0457272784690204,0.06967303859811146,39.2,1
602,29,6,76235,29,0.027666601159006265,0.06498941537701694,40.0,1
549,40,13,145168,1,0.0948306706283154,0.09156873190891172,43.2,1
486,47,24,496117,16,0.0965069952747151,0.08104094283086946,36.0,1
593,50,27,13225,14,0.07850829085747467,0.0684935696935322,42.400000000000006,1
517,28,7,57405,4,0.06239168110918544,0.05400837824184804,39.2,1
570,56,34,68399,17,0.057852047297957586,0.12408227558322646,42.400000000000006,1
584,52,30,13745,13,0.12347487450651136,0.09774654959547492,39.2,1
580,42,20,118928,4,0.08237129485179406,0.12399107358818903,38.400000000000006,1
581,26,5,115716,28,0.04429439567859554,0.1323738927797512,40.0,1
604,41,19,89075,22,0.02921197227181045,0.05585125189435848,36.0,1
535,28,6,32648,15,0.06800824342344527,0.1172734291977132,41.6,1
580,43,21,51933,20,0.08303358137236058,0.05382384387061576,44.0,1
561,34,12,8217,19,0.07116436890532815,0.07368670103884632,40.0,1
623,54,34,55445,26,0.04140267235430651,0.07998833193356154,39.2,1
614,42,17,44254,22,0.04119439550551603,0.032875570870040345,45.6,1
567,36,18,582610,5,0.07143301909114684,0.07143172094401515,40.8,1
625,35,11,9130,8,0.04161892670238132,0.08393147483672032,38.400000000000006,1
605,24,0,307126,15,0.03284696098301561,0.010634121117429134,36.0,1
648,48,22,24699,9,0.0497498986075436,0.1900251503176487,38.400000000000006,1
634,30,5,22144,13,0.0683311432325887,0.1219464913071861,37.6,1
592,28,8,332211,7,0.15950108006410701,0.14455430962997903,36.8,1
409,26,5,7272,21,0.031218447264292536,0.028520888946476412,39.2,1
447,24,1,14454,13,0.054964329531512694,0.1735645724486762,39.2,1
626,40,19,9219,8,0.02660368596865279,0.0711997623866854,36.8,1
645,44,23,5231,5,0.020500110643947776,0.08925083258595137,43.2,1
600,44,19,66732,2,0.04093846422541771,0.0702897206707177,42.400000000000006,1
614,34,14,20121,6,0.03991601827837471,0.050482667008163576,38.400000000000006,1
702,57,37,3044,3,0.028499050031665613,0.04706321277444238,40.0,1
570,25,5,278454,23,0.13971334068357222,0.14364762678517384,40.8,1
569,71,48,7829,12,0.06303097498440856,0.12472314016027969,42.400000000000006,1
621,55,29,157655,26,0.0303756345177665,0.15362052840655094,33.6,1
489,32,11,6295,18,0.05234159779614325,0.049703924254185065,44.8,1
661,45,21,150516,1,0.10038767598449296,0.052677673181371336,43.2,1
583,73,50,24065,8,0.038086313864476196,0.12206482129878546,40.0,1
562,40,18,5741,11,0.018091493544445034,0.03315603398455981,38.400000000000006,1
540,32,9,57642,27,0.07812705510982507,0.11282699990697703,38.400000000000006,1
642,66,43,3920,21,0.03435404084853267,0.05879201248558183,36.0,1
567,19,0,151230,10,0.028525379197668514,0.10301534288276509,36.0,1
619,43,21,79393,20,0.04394187954066089,0.052425857289992196,34.4,1
526,24,0,121396,2,0.06906279122484446,0.08224876310511,39.2,1
566,43,21,8964,17,0.054557551563539586,0.05070060558005069,40.8,1
613,44,25,1171,18,0.07047554885103766,0.18181031048020166,38.400000000000006,1
541,48,28,172087,15,0.040308973545301156,0.10555656059282621,40.8,1
599,51,30,181748,18,0.04080705032701194,0.0637233455934453,42.400000000000006,1
617,32,14,9989,13,0.035174302504707024,0.035862752270919666,40.0,1
605,38,15,5670,22,0.014027834176233895,0.03542154339476617,36.0,1
616,53,32,9141,25,0.054158021475412314,0.11990590475621363,37.6,1
568,41,20,259770,16,0.09763563861924518,0.12246061136890211,38.400000000000006,1
615,39,16,57727,6,0.029333755591623448,0.06564953779848909,39.2,1
479,32,7,26817,29,0.018807568036779247,0.03434207178094852,38.400000000000006,1
523,35,10,10418,6,0.07090344714915864,0.08735692824786097,43.2,1
578,45,27,20895,29,0.0982167432023294,0.06440070845267705,43.2,1
649,51,31,37241,19,0.052318439118390944,0.05863845387385144,37.6,1
669,53,31,3561,16,0.0344635359700808,0.02841490137970788,40.8,1
590,61,38,6246,29,0.018803695898849084,0.04937826225998397,43.2,1
534,46,24,5114,21,0.054091539528432736,0.07846736421871187,42.400000000000006,1
664,63,40,7555,19,0.03563401193668977,0.04298334269989129,36.8,1
553,28,6,120568,21,0.05286928309399599,0.07613502927694327,44.8,1
446,38,19,118017,28,0.08441623184552494,0.05159918157582232,42.400000000000006,1
570,42,19,223983,24,0.035666792054973064,0.030916774877149843,34.4,1
597,45,23,74350,24,0.1371166883670812,0.20842886067403013,40.8,1
627,41,18,29542,19,0.04459819189568036,0.28797362278991234,37.6,1
557,51,27,244363,14,0.25128854593114014,0.054948965231876375,37.6,1
581,37,17,156013,16,0.04773371862792315,0.04358017114658984,36.0,1
517,27,6,40804,3,0.04710642294631891,0.0907120935950021,48.0,1
504,19,0,3593,11,0.011820593889515578,0.1329504555330608,40.0,1
583,62,42,68343,18,0.055890146952541554,0.041579579893092855,40.0,1
565,44,20,63078,26,0.06177812693265583,0.11811586264376406,41.6,1
517,27,6,97573,16,0.014278670421065932,0.05425943444801853,36.8,1
613,31,7,70328,8,0.07875190774970324,0.1352636030384204,39.2,1
499,31,7,334089,24,0.07684435957758812,0.06964450165147085,43.2,1
628,39,18,9999,26,0.06509083257347267,0.14207120134378556,37.6,1
579,35,13,25425,28,0.04443952078750376,0.08696560694259606,43.2,1
563,35,13,4068,5,0.0542453079287291,0.04516219577981979,46.400000000000006,1
548,33,10,138097,26,0.027516802645293464,0.03536654036055455,38.400000000000006,1
558,37,14,1272,23,0.11636617019423395,0.23797119282938456,43.2,1
598,29,8,72667,25,0.1837845529901455,0.15496251831793945,39.2,1
598,33,15,34895,28,0.020831594585120766,0.06740785305977716,39.2,1
545,57,34,2068,25,0.03902255107571223,0.06274405296795234,41.6,1
587,44,23,2967,10,0.05044837348070044,0.09382601884084212,40.8,1
586,35,13,133397,22,0.05243063024306302,0.083573858974073,42.400000000000006,1
657,58,38,58277,10,0.143860555803519,0.10014110809966344,34.4,1
585,41,16,43357,14,0.031675558706114985,0.03459807774914765,45.6,1
578,38,19,48843,16,0.10384058470661243,0.06272118507996316,40.8,1
555,51,32,3775,1,0.04116848044926688,0.18500193505938253,45.6,1
520,43,22,57465,8,0.024096650675586462,0.0818920268038762,41.6,1
626,35,13,32500,28,0.03833624304818128,0.031246434303268237,43.2,1
571,18,0,321169,24,0.08174509754814796,0.19552862525176654,35.2,1
560,46,23,155121,12,0.038037128391535766,0.054579450323118894,36.8,1
609,41,23,28829,11,0.062176165803108814,0.023725594919873055,41.6,1
602,39,16,50679,12,0.03350387240014554,0.04110400248346487,33.6,1
628,57,38,10583,25,0.020626591434412884,0.0895286296375226,41.6,1
521,48,29,152541,8,0.024075396258746252,0.03717730987153785,38.400000000000006,1
620,47,22,173020,12,0.05611617031749939,0.09395693327549547,43.2,1
601,42,16,71987,8,0.11963445029077818,0.11050155622996342,36.8,1
591,47,23,30966,25,0.01661213189025925,0.059358429626770945,40.8,1
505,42,18,24706,26,0.014878338585524616,0.13774276586953152,41.6,1
524,40,17,7026,12,0.03380854739493356,0.04241918666647932,42.400000000000006,1
642,36,14,9255,12,0.04180081707746002,0.04514890570888564,40.0,1
537,48,25,84034,15,0.03080600185898287,0.0832118819649752,37.6,1
599,46,20,53254,27,0.038376615723097474,0.021613454036954142,42.400000000000006,1
483,53,31,94149,10,0.036320481329175064,0.054176522520817685,39.2,1
604,45,27,61518,1,0.030880918842778198,0.05541389446177461,38.400000000000006,1
581,50,27,75373,14,0.08879461067424575,0.09970056540452756,40.8,1
606,52,31,447562,25,0.39366588051708545,0.1442986749680804,38.400000000000006,1
640,46,25,1264382,14,0.06953786595693201,0.021098840018000074,30.4,1
554,33,12,3289,25,0.040379804245731586,0.23981877698976053,44.8,1
549,38,12,23279,7,0.032157908007059754,0.05491655953076938,46.400000000000006,1
580,65,44,47941,29,0.15539074237474065,0.07779136888794323,46.400000000000006,1
617,39,16,14996,2,0.020360158870936645,0.04082188133932517,40.8,1
630,37,15,12292,14,0.025089686604544123,0.016168500255051618,35.2,1
608,35,13,48626,19,0.03804585229754674,0.040871142387250606,38.400000000000006,1
588,42,21,9187,15,0.10443292006982582,0.17771182972860733,44.0,1
605,41,22,71591,10,0.13446954890157142,0.06729460580450547,38.400000000000006,1
563,33,9,18608,28,0.058214109521460285,0.074146008920776,40.8,1
588,50,28,8170,4,0.08001524099828539,0.05716330491512787,42.400000000000006,1
601,41,20,92972,15,0.041769129334616344,0.10958336213310271,34.4,1
553,30,5,41817,23,0.06337649019356492,0.06352301506357967,45.6,1
557,42,16,33294,26,0.03643679858239811,0.07597648198268832,43.2,1
612,47,25,108904,16,0.04535737522074542,0.07011894473376239,37.6,1
572,37,16,60738,23,0.043981800634220324,0.1041214080070164,41.6,1
604,46,23,319342,18,0.02148877096715898,0.15639247536441903,35.2,1
580,50,31,88919,5,0.04860553772070626,0.038161822814769944,47.2,1
517,38,15,951524,15,0.1746547075331536,0.17683870252237455,33.6,1
521,27,7,2084,25,0.05668207933995538,0.058029779766053995,52.8,1
657,57,35,2870,13,0.031387657121624724,0.0522321938122264,36.0,1
507,43,19,32623,3,0.032806092560046865,0.038146164084894095,43.2,1
604,41,16,2855,19,0.09142362738382782,0.09818930830065259,39.2,1
545,38,18,139301,26,0.012261197247792422,0.06355246015765988,43.2,1
556,46,27,66596,21,0.036600864187071085,0.14357842105353777,39.2,1
563,30,8,8712,14,0.035153951755246125,0.20220523515156552,41.6,1
589,27,5,189395,8,0.03552095371327778,0.06659275546414008,41.6,1
653,40,18,43271,24,0.14287066305767449,0.08139606415741564,40.0,1
625,30,8,164669,5,0.03755404964205799,0.07803335315518603,40.0,1
672,39,19,9010,7,0.06300826022923738,0.05171272364573643,39.2,1
603,43,21,20463,12,0.036142211746218816,0.08715064362066924,40.0,1
552,32,11,71116,22,0.025886569906452366,0.04968873261927583,36.0,1
536,28,6,26209,22,0.021839285259755137,0.06536908416309381,43.2,1
636,46,28,15559,24,0.03458816058966713,0.03851043243481567,35.2,1
586,44,19,27771,12,0.03876811245829447,0.04979422468645234,40.8,1
626,51,28,4274,22,0.10005630177752754,0.0925728665451682,38.400000000000006,1
541,37,15,36429,19,0.13714698186411622,0.07942357728203064,40.0,1
564,40,21,228007,29,0.07382358932572824,0.049703333998366336,37.6,1
587,41,20,18279,15,0.08680863649807749,0.1385790885313487,40.0,1
578,41,17,537710,28,0.044303547287949344,0.10161406429043192,32.0,1
600,43,19,4670,12,0.09676369553426145,0.0930155121684477,41.6,1
587,39,19,48844,14,0.04881988692452661,0.034045118982428325,44.8,1
557,21,0,96577,25,0.023016437833052714,0.0961648175875564,37.6,1
594,25,5,1562,9,0.02834294216105635,0.017404155003686753,43.2,1
572,46,24,17419,15,0.02504388207814465,0.16985149850410428,44.8,1
606,39,16,451795,25,0.041111842438357554,0.12467322123387745,32.800000000000004,1
570,44,26,125587,29,0.0560032782406775,0.23110860480922235,41.6,1
545,48,27,10958,8,0.09642008374514316,0.09528097873423531,44.0,1
510,54,33,16024,19,0.043284470299615005,0.03611347294188875,39.2,1
545,59,39,153646,20,0.06047544516647137,0.025500790945554064,36.0,1
581,41,20,5370,5,0.09863593958800838,0.05353337328681382,49.6,1
583,29,7,45265,19,0.08230251071647275,0.08631671295180406,39.2,1
632,42,20,63289,16,0.11648866478739033,0.11550476848290174,36.8,1
599,45,23,3918,10,0.05715503581456119,0.1205077103000395,38.400000000000006,1
582,52,30,27771,18,0.06666061541254424,0.04638248606385718,45.6,1
586,45,20,28541,28,0.13983011867161385,0.08066657102931514,41.6,1
584,45,22,87615,11,0.10375735626980534,0.15670772385656123,45.6,1
560,39,18,22981,19,0.025982369106677613,0.09420372149125308,39.2,1
605,35,15,52205,4,0.024395931096796757,0.18826585884240468,36.0,1
499,64,42,8600,12,0.09644967823841002,0.06022020790098127,43.2,1
629,50,28,100776,23,0.04228162582918367,0.10253819336503713,40.0,1
629,52,29,376866,4,0.16360980360331118,0.247084387951207,35.2,1
509,35,11,22443,12,0.026073992619770132,0.021758163189156014,38.400000000000006,1
541,47,26,633548,20,0.025202920573737075,0.07386894091474275,33.6,1
489,33,11,248879,15,0.024077434966727162,0.05494375206254897,36.0,1
647,57,32,72166,14,0.09909152318063386,0.09149979026678993,39.2,1
574,71,47,122638,10,0.056050194203764565,0.06895280669255963,39.2,1
643,51,28,139802,27,0.026540127914173716,0.08633357127235264,40.0,1
587,38,17,93155,24,0.23364713700299036,0.09183684045606416,40.0,1
605,44,22,186985,28,0.07328389578458977,0.09117858744795827,40.0,1
621,48,24,116479,3,0.0287016426062619,0.05888517011022419,35.2,1
585,37,14,72805,8,0.033611950915881206,0.0338111510229916,47.2,1
584,42,20,16755,23,0.045247072831911095,0.08981136942699443,42.400000000000006,1
668,41,16,76809,9,0.1022852524064957,0.12861389379826893,38.400000000000006,1
603,42,21,20540,18,0.04822512844465203,0.05145018187368282,42.400000000000006,1
547,49,28,44473,22,0.031044747909086616,0.13608916647978464,43.2,1
523,28,7,2106873,18,0.10834629930381257,0.10007763325111675,33.6,1
646,57,36,20191,12,0.023685098636777355,0.039188571027845925,47.2,1
519,31,10,2773,27,0.05909754954656964,0.12977591342264938,39.2,1
507,41,19,111409,17,0.05079634341720856,0.038089986457235096,40.8,1
566,54,25,116885,4,0.04211023351648352,0.05313172162822637,42.400000000000006,1
519,52,29,221780,3,0.05284680717206669,0.11575297057625959,40.0,1
628,66,42,66061,13,0.019340088204795044,0.03837555674873436,38.400000000000006,1
620,30,7,15541,29,0.031900497392747806,0.019243832721668047,46.400000000000006,1
547,37,14,110188,27,0.0519634673085166,0.09660205780327422,40.8,1
619,46,22,35424,28,0.01881114975044595,0.08275971408868765,36.8,1
477,47,24,27864,26,0.04102094015869833,0.18855350362544368,40.0,1
626,37,16,27071,19,0.04926252032976278,0.02594876838000309,44.0,1
582,42,17,427554,21,0.034422117796292555,0.06375397069320564,32.800000000000004,1
649,53,32,46416,3,0.05196642240979501,0.05226114783068252,42.400000000000006,1
629,53,28,420384,20,0.04269207378876951,0.2391840938416729,39.2,1
616,70,48,12089,8,0.053832631264718565,0.09251883891784417,40.0,1
587,34,11,124001,28,0.03560333694020734,0.18589663979555066,39.2,1
566,33,7,252740,24,0.1121960559065671,0.10823363867388038,36.8,1
538,34,12,3303,23,0.10695506246503822,0.11049973087081048,41.6,1
446,53,30,20095,21,0.011968116559048227,0.08684830803359675,41.6,1
538,57,27,55271,11,0.06416314349664262,0.05648771189350741,39.2,1
539,61,42,116047,12,0.07567711099309612,0.2506846939582549,41.6,1
500,41,20,298153,12,0.103971119133574,0.07799774769568,40.8,1
551,58,35,54888,21,0.040502183406113536,0.08967898334052045,40.0,1
566,40,20,85518,12,0.043373493975903614,0.09603134950818859,41.6,1
596,46,28,199781,13,0.03011566917920039,0.03480115413891756,41.6,1
551,34,12,10361,1,0.04420788053522585,0.08678934494348818,42.400000000000006,1
554,41,15,337865,20,0.10762896698118708,0.05627184102883758,40.8,1
601,38,16,136598,20,0.05548947544269963,0.09903388183440451,40.8,1
625,37,16,426292,22,0.08847628657921291,0.09261611960220778,33.6,1
570,28,4,19628,10,0.03967954047313128,0.07179896189399271,41.6,1
516,27,6,41851,6,0.22469984517561367,0.04480418767808477,43.2,1
611,36,14,5820,8,0.03870781993932576,0.07242409889931034,39.2,1
605,67,43,10524,25,0.031567489114658925,0.07253468132766393,40.8,1
439,30,10,101330,11,0.1052556999334004,0.06053576039368199,36.8,1
613,47,24,440794,14,0.0531662493937527,0.048001186559911944,38.400000000000006,1
541,47,23,55166,20,0.05473798070080555,0.020402833037802444,36.8,1
594,37,14,77023,23,0.06339454764521296,0.09525821786486106,44.8,1
596,27,2,83621,3,0.05710699717602761,0.10004300182908955,45.6,1
494,46,24,3759,28,0.010309561021085246,0.2082088188100391,43.2,1
540,53,30,37741,7,0.035053668578150274,0.08368121768328189,41.6,1
522,43,18,24277,27,0.07384576005460576,0.056417817616468184,42.400000000000006,1
669,53,30,56624,5,0.07812288078122881,0.06426310128299881,35.2,1
590,34,13,109746,21,0.0343476950888822,0.09427696129526102,40.0,1
693,74,49,25529,22,0.04653108705190869,0.07779336249407762,35.2,1
499,30,10,53481,13,0.04870936952622691,0.041688902031939715,39.2,1
547,31,11,354557,8,0.07105159699305448,0.08666274808591574,37.6,1
503,38,20,56952,29,0.027162744704191836,0.04489130511160273,42.400000000000006,1
565,32,11,39687,25,0.10849873451445317,0.12475775605243127,44.8,1
603,34,11,123353,11,0.035358565737051796,0.06377214767850942,38.400000000000006,1
556,49,29,38214,12,0.12490871959898509,0.11074476586665191,38.400000000000006,1
516,32,9,45989,21,0.058263684235953433,0.15955912084872317,42.400000000000006,1
599,43,19,242935,1,0.11833646242248393,0.09676077618976846,41.6,1
536,47,26,31532,10,0.04621744814670861,0.015485518609467432,41.6,1
584,48,25,158058,2,0.033620201355771165,0.027072367024285744,39.2,1
545,26,3,31503,5,0.02709394655206762,0.03839867474039267,45.6,1
565,39,13,64619,8,0.02697139152281384,0.04489667143665918,40.0,1
517,30,11,96668,27,0.09992107881824108,0.09942555447315711,38.400000000000006,1
558,48,26,56110,8,0.035006134653499325,0.06167182637391162,44.8,1
543,62,40,566411,28,0.05629372959285667,0.0950326664125354,36.0,1
617,36,13,222350,8,0.07074541870482587,0.21883762921331656,36.0,1
545,26,5,7778,13,0.050073562985135205,0.047898403932708056,44.8,1
596,48,26,48622,1,0.0328475968118509,0.12754046245299408,48.0,1
458,53,27,6221,10,0.06782411163394451,0.04043146572567031,42.400000000000006,1
555,20,0,6479,14,0.048415435673846555,0.20315194067911035,44.8,1
571,45,25,434947,14,0.03312146480844364,0.07073334135702067,40.8,1
599,42,21,1637,28,0.037423611486669194,0.1966705465861932,46.400000000000006,1
513,42,21,22514,2,0.013448674394984764,0.13999222575144948,43.2,1
493,38,16,36254,27,0.013431714752794591,0.03782193314538808,54.400000000000006,1
534,57,33,45182,3,0.07457689817811892,0.03146030173086649,51.2,1
598,58,37,81849,26,0.07963246554364471,0.12247952468206272,38.400000000000006,1
649,35,13,102769,25,0.07037346711259755,0.1253244958514397,36.0,1
555,46,25,67570,11,0.05390454893191314,0.1139629629520096,40.0,1
585,38,14,1315,4,0.04615276815396713,0.0376424480211319,44.0,1
576,62,37,125248,12,0.02198412514752505,0.038969541228274965,35.2,1
645,28,5,250543,25,0.025525405904940967,0.08592948453928817,32.0,1
637,39,17,10203,29,0.023803357427071316,0.1007295082709839,42.400000000000006,1
575,28,4,97574,27,0.05427570792488693,0.053896198035739994,39.2,1
590,48,23,288071,7,0.015636036950424162,0.04830002086969599,37.6,1
613,29,6,376393,12,0.08793751807925948,0.3055528993346151,35.2,1
600,44,17,45978,28,0.10987824626641876,0.15087292399169971,38.400000000000006,1
625,37,15,46421,14,0.04114848428600736,0.0722819241484711,42.400000000000006,1
622,58,37,5841,1,0.011789762968052217,0.01910764056064567,43.2,1
615,43,21,2830,14,0.12013597479734525,0.06653089662324645,38.400000000000006,1
624,36,16,7274,8,0.031116873495091686,0.09623523773117569,45.6,1
659,33,10,53628,20,0.06643061508610766,0.058805993275687564,40.8,1
523,47,23,106383,6,0.040422423070529255,0.04830580916126153,40.0,1
593,34,12,57301,4,0.030686728852970215,0.02113466736445102,40.8,1
512,30,7,29830,2,0.043516164184525974,0.0516143045559236,44.0,1
569,36,16,4771,10,0.0429596027707963,0.07192782178356354,38.400000000000006,1
616,32,11,9728,20,0.049990690746602125,0.0731654172785923,40.0,1
570,40,17,24873,15,0.02755105720570735,0.06435282728027016,41.6,1
688,55,33,18202,2,0.1703208253032536,0.22494053433844383,40.8,1
610,34,13,313352,28,0.053179856115107914,0.11292698536042697,34.4,1
618,57,31,1859,25,0.07092912118315811,0.11321826480033427,44.8,1
650,60,41,191364,16,0.03543154682839078,0.06136010242180535,35.2,1
642,75,55,192713,6,0.03924939120469847,0.06054110820319476,33.6,1
555,34,10,82320,22,0.08161104032564989,0.06285451493639947,42.400000000000006,1
634,30,9,8998,9,0.02529915669477684,0.09100845638959833,37.6,1
612,52,30,1606,14,0.07274185369075278,0.1862891591334132,43.2,1
633,24,2,210465,10,0.03293546945809664,0.052641840170137025,40.8,1
645,35,11,68994,16,0.1203352853370077,0.07002229939410715,40.0,1
528,46,22,4818,19,0.07066370589686652,0.08023562942157131,44.0,1
597,32,7,16736,7,0.04051842809277681,0.07463410975637588,42.400000000000006,1
611,53,31,128099,14,0.0622778675282714,0.10555237538714216,35.2,1
590,45,21,53978,11,0.04335260115606936,0.05354918830461736,37.6,1
525,43,19,6201,22,0.029024562643576605,0.16615471447085509,38.400000000000006,1
431,29,7,100782,3,0.08755859264697577,0.11072273557855278,39.2,1
598,45,25,94483,25,0.08891882788817783,0.09273595720328323,38.400000000000006,1
541,47,22,94916,29,0.0555635609095363,0.13164574355098743,38.400000000000006,1
575,45,23,6894,21,0.02179115403023734,0.06713130892519344,51.2,1
593,49,26,433159,11,0.0894136717814578,0.06486814659437554,34.4,1
658,62,42,23174,7,0.03136500300661455,0.06856196223995582,40.0,1
560,38,14,1055,24,0.04994772218073189,0.0806815454665537,46.400000000000006,1
559,54,34,77571,25,0.05783359128577866,0.04040910268472017,42.400000000000006,1
519,52,27,3543,14,0.05412385397258757,0.13143501291782853,41.6,1
692,76,57,27559,28,0.019189246229524167,0.03147394274873155,36.8,1
481,22,0,127905,10,0.052789039563819376,0.0484912632817553,36.8,1
623,43,19,312413,25,0.08216062217831337,0.118284304495346,38.400000000000006,1
564,32,11,7537,21,0.10181706190329534,0.08079631209226906,44.0,1
524,58,35,5990,20,0.026471838254639658,0.07893892759210727,43.2,1
594,56,35,3559,11,0.11824109024952202,0.0720141166544465,38.400000000000006,1
470,52,31,4891,21,0.13525677087519086,0.10214837049433075,40.8,1
567,57,38,29893,25,0.17428521312050518,0.07846722783765152,44.8,1
655,43,23,60944,29,0.08062015503875969,0.07104907816284481,35.2,1
592,43,20,279316,22,0.04643124979621116,0.3160762881005458,40.0,1
550,43,21,46555,7,0.024443389234790565,0.024405315039948725,40.0,1
574,47,26,331424,4,0.04976577569578396,0.11945317606085368,35.2,1
572,36,14,43179,26,0.010382369198971377,0.06283765426132405,55.2,1
604,36,12,125840,6,0.13080492528042675,0.0809338029974925,40.8,1
617,33,11,121910,27,0.03328464278094175,0.06349540919758408,43.2,1
533,51,24,2794,7,0.0303634355116424,0.018803969565231823,40.0,1
573,37,15,78030,29,0.03336689198906947,0.12708676964088098,39.2,1
556,35,12,9372,29,0.0574644298152474,0.08187241219074519,41.6,1
537,45,24,174818,18,0.0926896551724138,0.06253757807162161,41.6,1
638,73,50,7010,7,0.05942536111682871,0.10448137228989927,38.400000000000006,1
595,28,3,365967,2,0.0880284953853895,0.15776933539504762,44.0,1
619,31,11,8078,15,0.053748079046743835,0.05044051296054331,40.8,1
658,33,12,272665,12,0.02831332115903619,0.02934391590869823,31.200000000000003,1
501,27,2,123109,29,0.056534480839856065,0.03157788247897504,44.0,1
640,40,17,530786,20,0.06952970454980538,0.04218015280075522,33.6,1
531,51,28,23235,10,0.0453257790368272,0.03290339850739585,44.8,1
518,55,30,197414,20,0.0696440879441409,0.2047982936570325,36.0,1
582,18,0,44739,18,0.03068094182710011,0.051051920107789715,46.400000000000006,1
570,36,14,175670,29,0.054954156151650085,0.09609276898740884,39.2,1
566,39,15,75824,24,0.15867154439844494,0.13934059050227815,38.400000000000006,1
532,29,10,58388,21,0.03929312157286132,0.059885087855325043,37.6,1
605,33,11,250291,15,0.07117387466902031,0.10185507388251999,33.6,1
696,60,37,109066,8,0.032696292885102465,0.03268360996491406,39.2,1
564,20,0,167195,11,0.08728739742355476,0.15279604217766876,38.400000000000006,1
622,18,0,28345,16,0.038091337292647964,0.10719519231202172,37.6,1
587,28,4,87791,23,0.03944970519921386,0.046792047471073045,40.0,1
597,51,27,45335,7,0.1098841906813897,0.08852345976237731,44.0,1
635,41,18,86069,3,0.04800935425813625,0.053875787330382584,47.2,1
567,52,34,56593,10,0.02738075515460036,0.059013718954519206,45.6,1
534,29,8,6469,12,0.014442341547218433,0.029295850002713543,40.0,1
572,33,9,2288,27,0.08100858908031544,0.11671607354836967,42.400000000000006,1
578,30,8,7657,14,0.026470996570288518,0.06236083383187861,40.0,1
534,38,14,10661,21,0.032202676733793484,0.11284187808307286,42.400000000000006,1
559,36,14,123032,1,0.07823942180837842,0.1864203025579175,44.0,1
602,34,9,103217,13,0.020017774151721325,0.07611868699988045,32.800000000000004,1
419,38,14,40016,22,0.05716013911991531,0.035880806931241106,40.8,1
597,37,13,27673,8,0.03885327948020019,0.2400532634629827,43.2,1
597,32,7,8863,15,0.03744391384559321,0.06208906887248497,43.2,1
534,18,0,52252,26,0.04720883058036302,0.06580460497643381,36.8,1
589,26,2,9102,28,0.05044263775971093,0.07488558150046962,47.2,1
626,28,5,8809,13,0.044067692872662725,0.05296010174247095,37.6,1
650,42,20,23041,24,0.05981901349609845,0.08048348597464193,34.4,1
566,61,43,44714,25,0.1172879177377892,0.11000163689615051,39.2,1
601,26,8,101408,10,0.021763256909292695,0.041349515320842654,40.8,1
548,22,0,6463,13,0.03461445686258744,0.033811454367321137,40.8,1
570,31,9,116219,19,0.05993108435785085,0.0663366463938758,36.8,1
548,27,4,366367,14,0.05257118376964152,0.018936524142556744,40.0,1
653,62,41,106423,24,0.11373667148381049,0.05196748070108615,35.2,1
523,32,11,90839,12,0.0880689343534288,0.039694659546867864,39.2,1
608,42,20,49467,10,0.045352386702894903,0.08241719411247192,45.6,1
612,47,21,118944,7,0.09285714285714286,0.029042751970691658,34.4,1
612,42,23,867981,28,0.051564647753024655,0.11426065209697812,31.200000000000003,1
510,33,15,580884,11,0.0349578931507308,0.13928277027862068,40.0,1
630,41,18,81530,10,0.024893877983656453,0.0728482987832178,39.2,1
609,48,23,506359,29,0.07671684883481131,0.09579070747902184,32.800000000000004,1
583,36,13,106364,9,0.1281361869497749,0.0804355787828636,44.0,1
607,32,11,9467,10,0.0396868509346541,0.030614893188031074,35.2,1
656,52,31,8030,28,0.02662616915281661,0.0455248968374501,34.4,1
578,28,9,54711,18,0.047922213219122586,0.06882396194916873,48.0,1
513,57,33,736970,4,0.15127466816489923,0.21535379825402834,44.0,1
504,28,8,93883,9,0.15577321252881832,0.09341509140157377,39.2,1
532,50,27,251329,28,0.021450099813420664,0.093026101942742,40.8,1
629,68,46,43551,18,0.01987937273823884,0.02533649425374732,36.0,1
562,37,16,346619,10,0.028329238873027466,0.027759127969639995,36.8,1
583,34,16,13350,9,0.06569495515907926,0.03957295380090573,47.2,1
592,24,0,11914,26,0.043559155083725515,0.07300276424359972,43.2,1
598,48,29,4366,11,0.09997837089587748,0.0656017535917353,43.2,1
517,20,0,136860,11,0.015657485339030438,0.06242441645366943,40.8,1
512,29,5,21248,19,0.01831926049146154,0.0863704843289844,40.8,1
605,42,19,54723,4,0.09947157834315332,0.08973419669274227,37.6,1
555,42,19,87571,18,0.0386877127824203,0.050877019305134004,44.8,1
666,54,29,47659,1,0.08883983255037622,0.12433977609377524,37.6,1
630,44,23,49964,17,0.03352832222350122,0.051574803877434315,36.8,1
635,44,23,3516,28,0.021987491894831516,0.017026197545308274,39.2,1
559,28,4,9388,8,0.016793367041962323,0.0476266028135063,44.0,1
528,35,16,495471,18,0.014860854732808374,0.09245265573817274,42.400000000000006,1
536,32,6,196003,28,0.13233266962781437,0.047605008397993503,38.400000000000006,1
637,42,19,36203,18,0.04422001723718813,0.02781655454430047,36.0,1
538,48,26,110184,15,0.16965252895592034,0.09536969842673929,38.400000000000006,1
666,52,26,134794,22,0.04470102022850894,0.06311000524394257,38.400000000000006,1
612,48,27,201907,23,0.06842711689044607,0.1498119694294683,37.6,1
510,55,33,15509,5,0.016895694336861115,0.05588344134849002,44.8,1
599,59,33,30776,4,0.041529790483305684,0.06361121197628183,43.2,1
613,45,24,5310,8,0.02680926916221034,0.09340232486131694,44.0,1
601,47,25,81537,27,0.04470037600904525,0.09606202461711476,40.8,1
598,58,35,64472,21,0.12669935368843327,0.14214223866452327,45.6,1
527,18,0,26054,18,0.0400484177762407,0.05886264876305803,39.2,1
589,33,10,59222,23,0.038435566586972794,0.16870017168543885,38.400000000000006,1
516,49,23,38621,11,0.03550259386717346,0.22526396486415612,42.400000000000006,1
569,44,22,39698,16,0.036894822426586135,0.0424641967513903,41.6,1
533,34,8,81137,2,0.052959898154042014,0.2827351268855344,48.8,1
495,42,21,118408,26,0.06633131228123863,0.1749724524202845,38.400000000000006,1
541,30,7,697758,29,0.11252131085432847,0.5034298891482263,40.0,1
560,30,9,346688,25,0.08022509848058525,0.07144913118074746,39.2,1
591,47,25,20885,12,0.03662056337736767,0.03556179917704602,44.0,1
604,37,16,7304,19,0.01048024533301575,0.0799558548569846,41.6,1
637,42,18,51790,29,0.06037167596426983,0.041018939508532096,35.2,1
521,40,19,1249053,5,0.2771143787624593,0.3674106932738952,36.8,1
638,55,34,8309,4,0.07404383376296175,0.10408181951491634,41.6,1
612,25,3,9343,3,0.051040074433441884,0.04398263051454538,43.2,1
666,60,38,288876,24,0.05888759529800578,0.33657143359227687,42.400000000000006,1
558,36,13,52424,19,0.05813822475606733,0.12168832045483641,40.0,1
564,47,23,474773,24,0.10399524450145482,0.20839157494829125,35.2,1
616,29,6,167246,24,0.04190537735966297,0.043745203819296315,32.800000000000004,1
591,45,23,9807,19,0.036513312778140614,0.05423298651561738,38.400000000000006,1
505,48,24,7604,8,0.1211497652884059,0.04612918645064585,43.2,1
646,48,28,106728,25,0.06664599706132132,0.07390577232677589,44.0,1
569,54,33,5504,2,0.04017760363557533,0.020483012197277366,42.400000000000006,1
610,18,0,190349,26,0.047010809406012065,0.080205139296348,36.8,1
578,32,13,31019,20,0.04951778656126483,0.0677677089229737,40.8,1
614,46,24,170616,5,0.1039949739458221,0.17908912769606702,40.8,1
549,39,18,62869,6,0.06884519068927296,0.08623802591060489,44.0,1
535,38,14,6353,23,0.07289390952203335,0.08341118034896178,43.2,1
624,46,22,108503,24,0.0648003410544266,0.10802668413984018,40.8,1
639,37,15,9887,18,0.06150434100559868,0.06686990128007479,44.0,1
498,46,25,31101,23,0.06057072414999417,0.19987979488936536,44.8,1
594,45,20,121888,21,0.11240444399143819,0.047920372017179205,39.2,1
544,59,35,30533,3,0.02684056773584349,0.0745166848591095,40.0,1
572,19,0,90863,28,0.02669512775341726,0.16075831362740778,47.2,1
612,51,24,100643,26,0.06939801804466794,0.1712723100623116,37.6,1
618,47,26,1626,22,0.08422779470353878,0.04747241258022292,39.2,1
613,47,25,255808,10,0.0758943933550875,0.0539613869042296,33.6,1
590,32,8,95513,12,0.08950437664049787,0.08066529761543566,38.400000000000006,1
606,37,15,1403366,18,0.0545096013897366,0.0405290151930068,32.800000000000004,1
661,51,24,68128,3,0.07499597661069685,0.04953396500197155,36.0,1
676,44,24,292591,28,0.04318940353006413,0.09362211118111669,31.200000000000003,1
557,37,17,5334,10,0.017701566046710457,0.022065316591692696,37.6,1
609,31,7,7740,2,0.01072427929979827,0.03356356491409638,44.0,1
653,50,30,130378,18,0.035198026503813123,0.07241416161820763,31.200000000000003,1
602,33,12,29149,21,0.056605621388698464,0.1259136777306198,40.0,1
559,60,37,128995,28,0.11107626514611546,0.1431728657498829,41.6,1
613,51,29,248641,1,0.10697785393575256,0.2356332324657271,41.6,1
672,68,48,97582,25,0.0800247448190535,0.1549089780354827,38.400000000000006,1
583,46,22,16902,24,0.12022474445472392,0.08923473316543158,44.8,1
607,62,42,45461,19,0.03954916561702572,0.07462223981464959,38.400000000000006,1
526,56,35,90285,16,0.08435102822560742,0.07393543865527918,38.400000000000006,1
674,58,33,114551,29,0.06621207629212372,0.12593747793333698,35.2,1
592,42,18,101529,27,0.12794515605267906,0.11637376725188252,43.2,1
609,35,14,8516,28,0.107920059215396,0.06408067801437835,46.400000000000006,1
615,47,25,42600,12,0.03882003974158371,0.09510008843303396,36.8,1
504,34,14,171246,5,0.09114219114219115,0.1158746898843426,40.0,1
557,39,17,286692,13,0.03716981673215361,0.1257752585235744,37.6,1
600,51,30,6322,25,0.03421396808788909,0.08722222042250913,39.2,1
580,33,10,185507,25,0.04966722956193503,0.16508741206090402,39.2,1
585,33,13,4001,3,0.015396894353461777,0.0785738366609987,43.2,1
588,29,7,560000,9,0.04099770997091044,0.10756297700041707,33.6,1
602,42,18,154506,8,0.07910327371846577,0.13394902474206927,34.4,1
569,38,15,186110,20,0.04154026812799687,0.10969247131667227,35.2,1
618,52,29,9522,11,0.06395822593251627,0.01419193694365312,53.6,1
563,27,2,17720,26,0.05480333193966487,0.08156447870231061,44.8,1
629,47,28,198124,16,0.044452247191011235,0.11615357317588665,40.0,1
628,50,27,9794,4,0.05899088644907325,0.023957890315966485,38.400000000000006,1
628,67,45,31100,7,0.011602376875818311,0.10024327034325843,38.400000000000006,1
520,34,11,55480,4,0.013081761006289308,0.06315592210466597,39.2,1
565,43,23,158795,6,0.09043797294198579,0.058844713224376725,44.8,1
494,42,21,95730,1,0.044065202169063164,0.04270602007729356,41.6,1
667,68,47,531755,26,0.04660105461536997,0.09213406989216008,32.800000000000004,1
582,49,29,317160,27,0.09887331856059424,0.2836351472443029,39.2,1
586,50,30,29088,22,0.07057565496346463,0.06849478749076167,48.8,1
559,33,12,108294,20,0.045803101681510264,0.07278309015198926,40.0,1
584,30,8,4419,4,0.040114888425663534,0.04884004894239048,45.6,1
616,29,4,382774,12,0.11599904053729912,0.1207230791800047,36.8,1
565,61,41,299885,26,0.03039940341719124,0.07149631290507429,40.8,1
621,56,28,30076,12,0.02186398957478643,0.05379140968682965,36.0,1
596,40,15,9406,20,0.07717994360926679,0.128164659160445,44.0,1
542,29,8,129607,17,0.05858665943374575,0.09527936508458752,38.400000000000006,1
634,35,14,4072,7,0.0362656995813445,0.06331515478400934,36.8,1
615,32,11,109253,13,0.031916908700593515,0.06461468480672801,36.0,1
622,58,32,29697,27,0.04126919140225179,0.16140773408679088,40.8,1
570,49,26,5443,15,0.11623040783291878,0.1231306552651454,40.8,1
582,45,24,109289,9,0.06495770982433312,0.08146201007051336,37.6,1
607,38,14,146526,25,0.044473755097112176,0.054814194522469405,36.0,1
570,44,22,243451,1,0.024309767577272063,0.13121333629513077,51.2,1
606,50,28,167180,19,0.1618777405210214,0.1968109593531387,39.2,1
607,41,17,404690,8,0.09927611168562564,0.22367350233557393,34.4,1
651,48,29,69850,24,0.13157439944697275,0.0746596285434178,43.2,1
451,48,28,43842,1,0.02190898364001658,0.04771572678032195,44.0,1
599,43,21,96782,19,0.027790494142991787,0.11718243283560069,37.6,1
570,50,28,777977,9,0.18307188415790382,0.29606618133701557,34.4,1
567,55,32,49529,11,0.05833039181080127,0.03591395611915385,40.0,1
591,19,0,58169,12,0.03426400168875754,0.03131209192043202,42.400000000000006,1
531,43,22,1106657,9,0.1752988047808765,0.4163540175728748,34.4,1
530,45,25,28436,13,0.008894172555753694,0.04304165537874527,41.6,1
566,50,29,2453,15,0.008251128845383374,0.026367945185273647,37.6,1
554,36,12,83255,9,0.019383272180409247,0.045995811065417114,37.6,1
558,34,14,48052,26,0.0791823856231566,0.12360365997953615,40.8,1
601,54,30,1729,12,0.047924318098133446,0.044552256863562865,36.8,1
587,37,16,1798,8,0.07282795923952415,0.20869839656661124,40.8,1
501,40,16,4427,27,0.07538902670833467,0.13509584226620658,43.2,1
623,31,8,171243,15,0.04970598286569486,0.1686925717707505,36.8,1
586,53,31,3853,27,0.060752786405993055,0.05520401703937069,41.6,1
582,32,9,8284,5,0.019451751825318872,0.03755493985172969,48.8,1
629,46,21,9407,25,0.06087697450350659,0.07498596399131975,41.6,1
650,52,29,27769,15,0.01454710027801125,0.03130586580028494,40.0,1
642,46,26,1752,19,0.11486829811994952,0.23325542216144102,40.0,1
473,49,27,340337,13,0.03586619151626624,0.05471804130374769,37.6,1
568,64,40,15729,5,0.0192,0.030355273403521756,46.400000000000006,1
602,40,19,69977,28,0.0273972602739726,0.04059379856248677,37.6,1
578,45,22,27341,6,0.05968106555874626,0.0675723275518631,43.2,1
594,58,38,21642,3,0.028055219797697054,0.09850314809479559,42.400000000000006,1
607,43,25,56851,13,0.08110085350984149,0.11225991991403195,42.400000000000006,1
577,32,11,117231,8,0.17586104806079148,0.08594675645263002,39.2,1
664,71,48,7457,4,0.03295753157582436,0.012362772172405249,37.6,1
576,58,35,5425,6,0.05037007267490539,0.056988546080951476,42.400000000000006,1
604,51,26,8249,29,0.056405543688838114,0.025419563167785528,43.2,1
634,36,15,198303,22,0.23597678916827852,0.03747650602847646,36.8,1
567,55,31,185180,29,0.0416036308623298,0.31068722739137355,46.400000000000006,1
576,48,23,119165,4,0.011397202504839724,0.15276249027472139,52.0,1
643,47,26,1495,23,0.03643231387839649,0.03915174488935257,39.2,1
616,47,24,130410,12,0.10691671568457839,0.08659465812700988,36.8,1
549,53,30,245272,4,0.036632179285635946,0.07477718878974728,38.400000000000006,1
614,56,35,10720,19,0.043446936188452454,0.039168134469751016,39.2,1
628,51,31,96055,19,0.018533178114086148,0.1434294352016522,40.8,1
642,63,41,1682,14,0.009695150396527595,0.06622904477437905,51.2,1
573,39,16,115328,26,0.04249869563155149,0.0973763195266671,36.0,1
548,45,19,44648,4,0.112655209275553,0.12413649080069582,48.0,1
625,44,23,67035,13,0.04199230141140791,0.06505526724036287,51.2,1
569,44,23,44490,4,0.08168584500207958,0.048935540543113575,44.0,1
599,41,19,663182,12,0.049726696657475936,0.13340513878094992,33.6,1
604,42,20,60440,6,0.018849206349206348,0.030360641996363916,36.8,1
479,39,16,233259,20,0.1261869688385269,0.06402721173324698,41.6,1
494,58,35,283762,25,0.18544232922732362,0.24800985191129984,37.6,1
610,39,17,3579,5,0.07737560048295528,0.03268099198087834,38.400000000000006,1
613,44,23,10409,7,0.11628179081616372,0.06527349277108731,45.6,1
595,35,14,158533,1,0.022405847767360557,0.03713111086774896,40.8,1
630,60,33,254904,15,0.051719640794425606,0.11200247754721374,33.6,1
520,37,14,280924,28,0.07248046664026213,0.08759227771516645,37.6,1
513,54,27,2195,7,0.03722750838035354,0.06263423100754932,45.6,1
626,30,11,11734,11,0.05009428944441758,0.05240215395808784,42.400000000000006,1
548,49,29,100857,16,0.03185310847220836,0.05890253347279357,36.0,1
581,37,15,25454,27,0.09807920879249879,0.08430152150098043,48.0,1
482,46,23,871449,19,0.03579000323403644,0.24969866162527835,39.2,1
546,41,20,5461,8,0.03972667295004713,0.10178546600208342,39.2,1
478,44,20,384065,8,0.05282313594334055,0.15493644956446972,41.6,1
585,33,13,82212,7,0.07029937540383373,0.10103668602814372,41.6,1
593,56,34,45835,26,0.01155157962872294,0.06306467049857789,41.6,1
619,46,24,245810,21,0.0903205179442091,0.0548004759051155,35.2,1
581,24,4,637670,16,0.10120988729671451,0.25787753598937146,35.2,1
502,23,0,8320,21,0.09119335048486049,0.13032652495615443,40.8,1
565,40,19,130340,25,0.031032424905510246,0.07403969694690499,38.400000000000006,1
639,34,14,8161,1,0.024280372206278808,0.0736896155510461,44.0,1
561,32,13,20881,14,0.017454545454545455,0.127715636169208,46.400000000000006,1
546,35,12,6112,19,0.10947534121603493,0.08881860194109494,44.0,1
550,58,35,31227,5,0.11706633174635628,0.15977204868250633,40.8,1
478,43,19,1435,11,0.02175471907729288,0.06692198353448614,37.6,1
611,25,0,108678,16,0.047715072850691584,0.05638768479818603,33.6,1
525,31,9,8282,25,0.04927495060883489,0.05054735360229595,41.6,1
546,33,9,6048,19,0.02768826455589275,0.08562484094789471,41.6,1
620,51,33,331917,22,0.0706944910711385,0.048278134745483585,45.6,1
594,59,41,240553,19,0.06473420055310868,0.12332013257112945,36.0,1
590,63,41,141153,11,0.04998169862045463,0.1525896421826621,36.8,1
531,55,31,90754,7,0.020178811321628756,0.05213178469796194,37.6,1
540,34,12,5915,26,0.048462573986623646,0.09611135145735052,48.8,1
644,37,12,20056,28,0.027007694052375384,0.11375942643805118,43.2,1
537,44,21,7346,21,0.07302012041372923,0.026073408973483796,46.400000000000006,1
609,59,38,69441,15,0.04069953228945763,0.06448742232513541,34.4,1
572,29,8,24690,16,0.05831808858584179,0.11565040390466931,40.0,1
626,37,18,281583,9,0.052581741213167714,0.04922888937625351,40.0,1
594,21,0,249087,19,0.049947831520920395,0.1153939504558752,40.8,1
572,35,16,225902,27,0.04167340892966056,0.2188883287236287,40.0,1
595,39,15,196592,24,0.06060681175945664,0.06837501912183677,38.400000000000006,1
619,33,10,38673,22,0.019626626790345568,0.031032765706299908,38.400000000000006,1
594,54,32,22726,20,0.16968529995787954,0.040083976554570945,39.2,1
610,56,34,32393,15,0.025951345307947803,0.0414682663143957,40.0,1
611,47,24,23047,23,0.06551191216907853,0.12553216209944787,40.0,1
588,44,21,3688,29,0.03516764576589538,0.11522500457479973,41.6,1
624,33,11,51358,1,0.049551206592113005,0.0867459664526993,45.6,1
603,48,26,60741,13,0.05559123016237043,0.07024295203165032,41.6,1
618,41,19,154025,7,0.030818001243955777,0.157871374556227,35.2,1
619,52,34,12931,4,0.029925943400200515,0.0736797061782715,40.8,1
599,57,33,62740,19,0.042477409141877184,0.09295497578414978,36.8,1
658,56,33,63356,16,0.0600315452387401,0.06687665974215046,34.4,1
631,38,17,112526,20,0.012179255316277336,0.023454984813802475,33.6,1
634,67,43,21023,14,0.09394340121660937,0.0881467558083809,40.8,1
520,55,34,26852,25,0.02228854701730565,0.06361645937173145,50.400000000000006,1
583,28,6,35121,24,0.041743759862467415,0.03640918718541477,38.400000000000006,1
591,50,29,31963,15,0.07684843780322143,0.23077230049237604,41.6,1
609,44,18,17434,27,0.08436644662695218,0.13738366615554332,40.0,1
574,44,23,10637,10,0.10529432081709182,0.07116965251586918,38.400000000000006,1
451,45,18,227989,18,0.02525185919966973,0.07628607952610054,52.8,1
595,43,20,80232,25,0.00772,0.0536713611129206,41.6,1
634,50,28,40927,27,0.04827020216614844,0.1138501926206898,37.6,1
661,36,15,5552,17,0.13757779696852387,0.11417757368540207,42.400000000000006,1
518,35,13,5734,29,0.09011333271906385,0.10519388695154443,40.0,1
607,30,11,149429,6,0.04169875467232668,0.0667845193010887,36.0,1
659,45,24,10173,22,0.08023126528796976,0.1390367945552792,34.4,1
493,42,23,15140,9,0.09095475902012351,0.04341759865106682,41.6,1
640,41,21,323696,19,0.0902291034627053,0.14206269090830848,40.0,1
607,28,7,25069,15,0.027658459926663177,0.09941285424325336,36.8,1
556,59,38,18587,2,0.06319835981547925,0.1881453160567301,44.8,1
578,41,17,9222,12,0.26557970481333787,0.03684722162121313,41.6,1
512,27,2,19886,18,0.0650468720107136,0.063048281670185,46.400000000000006,1
530,66,41,128660,17,0.03952397580241787,0.1191982048206882,36.8,1
600,39,19,417561,21,0.07098087098087098,0.16106081526910299,36.0,1
574,58,35,322025,10,0.03467872134323539,0.11601729381751422,41.6,1
604,24,2,7249,3,0.02464088707193459,0.03870240707628333,47.2,1
601,58,34,59821,6,0.028830262594111523,0.07016893430517983,39.2,1
611,61,43,8115,8,0.04330973833699755,0.08045846694625056,37.6,1
608,45,23,246374,5,0.06436781609195402,0.10370252267683093,38.400000000000006,1
582,48,25,126110,2,0.10525072352489516,0.03148803675889191,44.8,1
572,43,22,275467,18,0.10778354701380516,0.13869071795921373,37.6,1
565,45,24,53238,19,0.04402939865351424,0.048095753031813196,39.2,1
545,37,12,70586,23,0.027116829828512812,0.057127185574013625,36.8,1
609,42,17,177322,22,0.05001572821642026,0.282814521820912,37.6,1
609,46,25,613986,24,0.12030254658292432,0.060780052208156715,34.4,1
574,24,1,17486,19,0.028365641116841544,0.03374086810596929,40.0,1
591,37,13,916699,7,0.0979196201905641,0.25692856777192746,42.400000000000006,1
604,57,33,146965,15,0.07089304712435071,0.10139370975529999,35.2,1
518,52,31,898526,1,0.06531924666972898,0.19739387402427083,36.8,1
623,21,0,7122,20,0.046607180234586376,0.05479137657107396,36.8,1
580,56,33,14424,28,0.00908,0.019155740025082496,42.400000000000006,1
629,49,25,224200,17,0.042358527898694105,0.05027720610458495,37.6,1
539,44,23,180475,18,0.046763335059554635,0.05911461984629705,41.6,1
512,40,18,81147,17,0.02245948360202476,0.035825855890809236,42.400000000000006,1
535,26,3,98777,10,0.024604535742687145,0.12039922149059837,40.0,1
571,49,28,321457,4,0.12222913518798328,0.15875297087111942,36.8,1
505,56,35,77542,19,0.027174897641218887,0.1560783386078691,36.8,1
437,39,13,3658,25,0.02864773003156106,0.04311052360535682,43.2,1
603,65,38,87163,7,0.029805933891967135,0.09705448922242267,34.4,1
610,57,35,77359,19,0.03267118219591326,0.04877794164910946,39.2,1
582,30,7,11107,25,0.06085317800239849,0.08286049822735277,38.400000000000006,1
633,52,28,7401,12,0.09840590435426125,0.24556921177477997,40.8,1
546,18,0,34396,4,0.02370315109487195,0.0854216305457066,44.8,1
557,40,16,504594,23,0.2427917746292519,0.09407291589488537,40.0,1
457,46,22,103336,2,0.033049607660593165,0.17882774758653064,40.8,1
584,25,4,109315,27,0.03531195597237042,0.09921327313627097,35.2,1
570,51,29,8573,11,0.050902058033092265,0.020217359817854608,43.2,1
543,55,36,185513,24,0.06895755570092739,0.15091687058417547,36.8,1
653,44,22,42229,5,0.03529049687104606,0.020730471330859482,35.2,1
623,47,26,44075,1,0.06411052853912481,0.09481092972610622,51.2,1
563,39,17,17112,7,0.040116585959194914,0.06981319342566981,38.400000000000006,1
493,32,7,421890,16,0.19290859111312156,0.21718035541278102,40.8,1
583,37,15,5235,14,0.03404479452218777,0.047577768527017596,39.2,1
607,34,7,39924,27,0.013336049936098094,0.04301042397028615,40.0,1
534,48,28,224812,9,0.017602383751881456,0.06394585996369864,36.8,1
445,32,12,4917,23,0.08083946895472202,0.08356155781228927,39.2,1
622,63,40,204530,1,0.03687256286259849,0.06325898224798893,37.6,1
640,66,41,21856,29,0.10221799706617476,0.028603786383941412,42.400000000000006,1
554,52,30,32581,20,0.06252598752598752,0.12496213693004321,41.6,1
607,40,21,5011,22,0.024786986831913247,0.10760957624239532,36.8,1
642,37,12,108247,6,0.031001560062402497,0.03093441412694583,36.8,1
575,43,22,7161,22,0.05842042989548413,0.07086107045722846,42.400000000000006,1
513,49,29,27788,20,0.0295764877074838,0.048147370335449906,40.8,1
641,65,44,93066,8,0.07167448828741231,0.03434648212457829,45.6,1
531,29,9,452024,8,0.059949091547441415,0.0860747931081015,40.0,1
585,49,26,1553,8,0.029690748093561124,0.08556968092759404,40.8,1
645,35,14,183472,25,0.016680917135708177,0.03226149700315682,40.0,1
619,39,16,663721,9,0.17675127576380142,0.08551955571813293,31.200000000000003,1
521,49,26,18885,4,0.04285157096424702,0.05860812433900605,44.0,1
515,55,32,136287,25,0.09821818599839062,0.07461995104277863,42.400000000000006,1
571,45,22,61767,29,0.03412360417155696,0.06792400691613909,37.6,1
592,41,18,64723,28,0.06622369262420418,0.1387137648239306,39.2,1
569,47,26,1035762,12,0.2673618576650183,0.3232178129044508,44.0,1
587,31,9,3954,28,0.0451243109050418,0.12196818646873077,43.2,1
602,56,35,30894,19,0.050224612788011554,0.05384823358326763,37.6,1
615,57,39,8130,24,0.05716328908061223,0.02732281853415659,36.0,1
622,38,18,813886,17,0.2619273301737757,0.09115196747890646,35.2,1
490,30,5,65291,23,0.056311470140778676,0.0914976264624641,41.6,1
614,38,15,57404,25,0.09821577455394363,0.10923904067112312,39.2,1
601,46,23,37857,5,0.02500595379852346,0.052565245352939806,40.0,1
536,36,14,55053,23,0.025528988725412947,0.1039406580687256,42.400000000000006,1
552,37,11,51376,27,0.0167947380744588,0.023469387947097978,42.400000000000006,1
564,57,36,214513,25,0.056574500583304266,0.11765031356793988,38.400000000000006,1
473,29,1,8709,27,0.012775854726520272,0.08540421741310372,37.6,1
570,28,4,32773,23,0.060774951076320936,0.07241754759031266,40.0,1
626,31,9,3717,19,0.03423764184165906,0.058135995267588135,42.400000000000006,1
527,48,24,85356,19,0.09972732506979826,0.15377232137396862,38.400000000000006,1
622,37,13,1371,11,0.05900511554065973,0.09676667448482176,39.2,1
627,38,15,20187,17,0.10837241792236303,0.1403305363450961,36.8,1
608,30,6,41531,2,0.02584944502217789,0.07405297937087314,44.0,1
662,35,15,36285,12,0.04382167470552164,0.09420521801149763,38.400000000000006,1
548,54,27,48386,3,0.03134037966030394,0.037198665480139434,40.8,1
609,42,16,21354,21,0.042994531397322275,0.10906756150105812,42.400000000000006,1
565,48,29,245460,13,0.06209085291129429,0.09485056549261432,37.6,1
646,45,20,282921,9,0.08752396208082772,0.052518581550496456,31.200000000000003,1
533,61,38,114850,23,0.04725248422986943,0.09227648533623059,35.2,1
606,29,6,4973,22,0.0973268767236325,0.03135302578884557,38.400000000000006,1
576,41,17,16731,18,0.11010427576157734,0.07788107935862053,40.0,1
526,47,23,10574,19,0.21247465838182247,0.06964421261138909,40.8,1
629,34,12,113496,12,0.05180836116978217,0.06235337333896558,39.2,1
530,31,10,60191,26,0.11837422738340513,0.10337609968334922,40.8,1
561,28,3,161444,17,0.03800832816514574,0.16558205641415555,39.2,1
620,37,16,3853,6,0.06056651100189653,0.054686460675743336,44.0,1
548,36,14,47611,25,0.01392013227971006,0.02530144730206338,40.0,1
600,51,29,622068,10,0.040541636260439474,0.08947217501819697,32.800000000000004,1
593,29,7,10552,12,0.12181579281990422,0.06026128793003887,40.8,1
653,53,31,65331,28,0.04433237553509647,0.04205059720504701,34.4,1
601,49,27,8026,9,0.04890374113619692,0.0652916811461104,37.6,1
581,41,21,100806,26,0.027393697715747043,0.12339453615416063,39.2,1
574,47,25,16682,7,0.03431995641910296,0.0428956150147622,50.400000000000006,1
571,39,14,92968,18,0.044920590170096794,0.11742125135117458,40.8,1
601,60,35,11764,29,0.04415030846887268,0.062199643513315896,39.2,1
590,39,17,8562,7,0.14899067527410595,0.09717480433653256,42.400000000000006,1
512,32,9,3458,24,0.05895163332489237,0.0835376092899781,39.2,1
524,57,36,201724,16,0.15096634093376765,0.09349434267849477,38.400000000000006,1
536,35,10,230729,28,0.01613891294704155,0.0895299105866284,37.6,1
593,34,9,8585,6,0.01209327830101296,0.01673836905257747,45.6,1
660,62,35,8993,15,0.048664767079716384,0.10791135239093075,39.2,1
596,46,23,9562,16,0.01902347701717462,0.06480439025754309,40.0,1
584,40,14,16955,26,0.13588333436322067,0.06830932300635714,43.2,1
614,57,30,101682,26,0.08219552157291098,0.13862018577134258,44.8,1
562,50,26,12811,15,0.026497249554505307,0.0292954303205302,41.6,1
606,32,11,141217,26,0.09269653842424504,0.12951791399529164,33.6,1
543,42,21,20030,2,0.01884254923636978,0.0780491618071431,45.6,1
646,40,16,21088,28,0.033302892655099205,0.18515398770029642,38.400000000000006,1
475,42,19,86086,10,0.04893539248834872,0.12460785113989355,40.0,1
462,40,16,10838,26,0.07054941601634107,0.4237074080403375,40.8,1
636,49,27,86600,9,0.06264987443590567,0.10862303227615437,36.8,1
602,52,32,137246,19,0.04330009860852416,0.0435210619792964,33.6,1
606,22,0,274802,14,0.10074876817958528,0.0793405605996004,36.0,1
598,54,30,8040,12,0.017768528893869057,0.2487289228995477,44.8,1
641,74,55,24429,6,0.018191721132897604,0.18033104518965065,43.2,1
605,40,18,456439,27,0.05532454640710307,0.08135172040661315,32.0,1
600,23,0,123916,18,0.07927661365404481,0.17370975934872135,34.4,1
551,37,13,9052,8,0.08302735742937793,0.05483520687879623,41.6,1
597,35,12,323320,26,0.03558390081807209,0.17317474594979532,38.400000000000006,1
596,49,26,21241,5,0.028953507006891147,0.0666220043861374,41.6,1
571,23,0,16042,16,0.06780383795309168,0.049976822196898564,44.8,1
619,50,25,50992,4,0.09083643294088715,0.02780698700324371,36.8,1
634,42,21,30788,18,0.04033501580786511,0.06338945236344921,44.0,1
628,25,4,164890,27,0.09928212037641314,0.1303690325221046,35.2,1
596,51,28,83844,11,0.0948841707485247,0.1136286828438148,41.6,1
635,47,26,10320,18,0.030629608621667612,0.023649986904414385,39.2,1
570,47,24,380011,27,0.10059691543193043,0.05548090203724374,36.0,1
541,49,28,70859,7,0.056928957011702586,0.04079536997297726,39.2,1
515,41,23,2992,4,0.07252812314979278,0.06912569178219544,41.6,1
580,35,14,207824,16,0.10568553978697667,0.11307088104694545,43.2,1
582,42,19,9408,28,0.06387324379525902,0.05454455449801157,40.8,1
527,59,35,113719,23,0.13282905676371817,0.11581788126150257,37.6,1
620,55,37,270674,6,0.14300243201414992,0.3268781268045503,36.0,1
638,33,9,56277,23,0.03931102868265453,0.08034446270250441,37.6,1
626,39,17,37524,19,0.05561750204871234,0.09262708112972408,54.400000000000006,1
619,55,30,231232,24,0.08651169107494511,0.054667888843465885,32.800000000000004,1
543,18,0,16541,11,0.014981152743322915,0.062443668935146676,41.6,1
637,45,23,53755,28,0.06418803683835159,0.059159339893362625,36.0,1
679,51,29,50822,17,0.09310698936318572,0.20959878604108048,39.2,1
590,30,11,124257,6,0.016892109806302288,0.06345853837045132,43.2,1
560,27,4,216666,26,0.0793724042455007,0.16626714946238594,41.6,1
585,51,32,1512,11,0.027371026880590392,0.028884476834463026,42.400000000000006,1
665,48,26,76975,12,0.04340736575766095,0.08427441608357852,33.6,1
460,59,36,1574,22,0.08175225258222842,0.04122164869407061,46.400000000000006,1
515,59,37,155149,25,0.09237921467669774,0.06010889698581776,42.400000000000006,1
604,40,19,232402,6,0.049229470652855274,0.05147892558520177,36.8,1
659,54,35,7105,26,0.10729921934721676,0.30346550866532523,39.2,1
606,32,9,5394,4,0.0758814611327796,0.09668545112964635,45.6,1
420,58,33,22722,25,0.05389733102073571,0.12069204127228439,47.2,1
656,35,11,64019,24,0.027068483262654517,0.052553153355738146,38.400000000000006,1
472,42,19,25878,18,0.039243237818035834,0.06737432932444828,40.0,1
515,41,20,65548,5,0.045940923944383934,0.05601729824588948,42.400000000000006,1
609,40,19,52217,8,0.046025484885390724,0.03516958187029196,40.8,1
624,46,24,4368,25,0.0779411437595925,0.16811579108507785,39.2,1
574,59,39,262304,25,0.034615548576868965,0.21676841789126225,44.0,1
534,41,16,93588,10,0.04631539905885626,0.08201416539489935,41.6,1
621,51,28,314669,22,0.06354650900392653,0.157506844708887,38.400000000000006,1
612,31,10,40458,6,0.04563686167090589,0.04850800769578267,38.400000000000006,1
686,76,58,110694,12,0.056365232660228276,0.14700328817158934,30.4,1
550,39,19,1151,29,0.05985476417516321,0.12513945287321732,48.0,1
477,40,13,12188,27,0.06985288558944043,0.04971798912837597,40.0,1
665,40,19,34070,19,0.05146812328686084,0.12263354673538267,37.6,1
636,60,36,360640,14,0.09459491258206462,0.11772919178779798,32.800000000000004,1
684,67,45,1018,12,0.0348555752783605,0.061479101688071046,33.6,1
545,54,31,6894,16,0.05677519794694657,0.053798623233640847,45.6,1
600,56,32,9479,25,0.03625608023015332,0.023491205584882817,37.6,1
565,32,8,3161,2,0.03995310045793421,0.11122063242847333,42.400000000000006,1
568,46,23,48730,25,0.014174589455488332,0.13130851725784778,44.0,1
680,59,37,143281,21,0.051234723270967925,0.06622145776433129,35.2,1
634,52,28,43627,27,0.054222111677652035,0.10493275434014399,36.8,1
551,51,31,230642,23,0.04304283651022903,0.15230294441995362,38.400000000000006,1
579,48,24,11421,24,0.046076828769922355,0.06743858675697362,39.2,1
629,39,17,166635,7,0.019465715009488425,0.05032506254064058,44.8,1
595,38,16,65135,26,0.026073298429319373,0.06134031601601131,38.400000000000006,1
572,55,32,6084,28,0.04550401077018006,0.09281388138289416,42.400000000000006,1
564,42,21,242984,22,0.04334208075848641,0.26022617007589877,36.8,1
595,55,34,29917,6,0.013829916292611913,0.05449634820534001,48.0,1
550,19,0,9224,28,0.04277834525025537,0.08036310187099802,38.400000000000006,1
637,40,19,5584,10,0.04268685407397865,0.07202594887396428,36.8,1
583,71,47,1280,27,0.1524715805409497,0.16055832414668209,45.6,1
590,40,20,133298,17,0.06653798912089841,0.032686329099177985,36.8,1
520,40,20,1556,23,0.1250898634076204,0.20353124414560464,40.8,1
656,55,33,52589,27,0.06276383910792513,0.11005527400727763,33.6,1
593,32,10,77998,18,0.1186210062130129,0.08167165958552154,44.8,1
514,42,16,5763,15,0.1217064155013878,0.08318509020848995,43.2,1
604,45,21,226012,9,0.08734949277881364,0.0527952130502714,36.0,1
477,37,13,1405,28,0.07633456546032838,0.12548409381121753,40.0,1
603,52,29,97975,13,0.1378304057466749,0.0626507458409232,36.0,1
606,40,17,198092,11,0.07210177387564952,0.08273777306571405,33.6,1
630,40,15,36358,28,0.16571892770105606,0.07380497452137418,41.6,1
628,45,24,7776,12,0.061851874578143215,0.09548639558229492,43.2,1
643,50,26,57284,19,0.03957754847158395,0.18283020838411723,40.0,1
558,47,23,69627,27,0.05796885200037303,0.03624241867314829,37.6,1
609,42,17,41085,29,0.03159369824621003,0.08611145341667757,39.2,1
610,45,23,63600,5,0.015218656282171792,0.17592576875456728,39.2,1
589,30,9,7376,16,0.030457696106029702,0.05051083665258865,43.2,1
600,35,15,148845,23,0.15395476390887616,0.13385746153241224,35.2,1
617,32,13,3713,17,0.05807474055518634,0.11016662243549884,40.0,1
558,46,24,10259,28,0.04336149748842355,0.04137368235040982,44.8,1
585,53,31,3448,8,0.036988110964332896,0.08182292933820182,43.2,1
587,53,27,106195,16,0.05547280291745853,0.10791249510890756,37.6,1
571,22,0,44313,29,0.018791071525552597,0.047396854132959604,45.6,1
554,55,30,85361,28,0.10206645250994871,0.05666434186251774,42.400000000000006,1
614,42,16,8481,5,0.07412672361432393,0.03799174543583714,45.6,1
563,39,16,77658,19,0.06739511218617066,0.09670477553779279,42.400000000000006,1
619,32,7,29243,20,0.11002813504823152,0.135293653918198,39.2,1
635,53,27,88309,3,0.08163839028435686,0.044081360856521534,38.400000000000006,1
571,26,3,6754,8,0.06211026515218428,0.08494188327276274,48.0,1
587,51,27,8894,15,0.04005747529263335,0.06267563844760976,41.6,1
644,56,36,9035,22,0.1016480502095723,0.06173117287798828,37.6,1
523,40,20,75332,26,0.11059299137430703,0.151673193781202,37.6,1
591,41,15,3738,29,0.07498568975386377,0.06558805264299265,47.2,1
641,57,35,100037,9,0.06218099852320129,0.08366984451439086,38.400000000000006,1
561,27,5,66874,27,0.10346395433036391,0.06951581796640104,38.400000000000006,1
588,31,11,101034,7,0.029029952410915553,0.041059315297196475,35.2,1
528,43,21,7155,13,0.037655642922290046,0.017258300845853523,43.2,1
643,45,25,144376,16,0.1395191330849983,0.057948383802635714,39.2,1
482,29,7,2473,15,0.02170965928683108,0.03818152588229914,42.400000000000006,1
561,43,16,415075,18,0.07714549911200481,0.1252075849293436,39.2,1
617,52,33,51694,19,0.03292317924842035,0.05035969112704204,35.2,1
580,57,37,8919,14,0.0779771903456812,0.06193865981756292,41.6,1
697,64,45,10264,24,0.06810181424316274,0.08633572727018046,40.0,1
658,47,24,362464,19,0.058620936340688205,0.047782556750865755,29.6,1
506,35,14,131613,25,0.059167037201719286,0.08351671484206698,35.2,1
619,52,32,52207,4,0.08499688732102095,0.03373421242786646,44.8,1
608,21,0,17487,28,0.01511969760604788,0.1727484478811277,36.8,1
579,31,11,8657,9,0.029541282456680213,0.06708330504636312,41.6,1
651,44,22,136124,26,0.03655471784327165,0.07798548189631628,31.200000000000003,1
581,55,31,9649,9,0.044930288572884336,0.0703882232621772,40.0,1
614,18,0,36203,9,0.04069989707395971,0.13774052545939275,40.0,1
608,54,36,10585,12,0.04244414768830983,0.022268218720722124,42.400000000000006,1
608,47,24,1485,24,0.018178484933278012,0.022568079568524444,37.6,1
620,38,18,155027,7,0.06252514685764868,0.10046123640400467,38.400000000000006,1
582,42,18,7415,23,0.024390243902439025,0.10302097269101956,42.400000000000006,1
550,49,30,67640,13,0.07435840060588327,0.09778221536848311,38.400000000000006,1
563,37,18,167669,19,0.0551265296423904,0.09552718774357477,42.400000000000006,1
596,37,15,24619,13,0.04821374017533952,0.05594641598995893,40.0,1
492,42,19,14796,12,0.02703040921036166,0.03610397602662381,46.400000000000006,1
628,61,39,70429,15,0.02563762307916877,0.09424278701309037,35.2,1
645,51,28,448771,3,0.05502822908705407,0.1007911751459362,37.6,1
589,44,23,160390,24,0.11791128579449747,0.1053804643648877,36.0,1
561,30,6,21946,20,0.09011630994742152,0.07379955577596548,41.6,1
642,46,21,80886,11,0.06946381883942966,0.0499152232925491,35.2,1
682,48,26,546135,24,0.09178873293303248,0.14988488017334525,32.0,1
500,32,12,3067,9,0.12359442204949178,0.09594798232336695,42.400000000000006,1
506,41,21,72152,5,0.023480892673030232,0.02004826094201478,50.400000000000006,1
556,36,16,88404,26,0.04452785123261964,0.06024346934153668,40.8,1
566,59,37,71407,1,0.03194124778185779,0.03969323672451486,47.2,1
573,26,4,5523,25,0.08846169510854071,0.08478645226518655,48.0,1
578,51,28,70748,17,0.0742046456088477,0.08038768680866033,40.8,1
572,39,19,338222,13,0.10676775237221431,0.12705677551583305,35.2,1
572,47,25,57426,3,0.09571959638874138,0.04179938626615002,40.8,1
565,38,18,7059,16,0.039384422110552764,0.06265257943447436,40.0,1
712,79,55,103974,28,0.0216791486007095,0.10600644837727081,34.4,1
493,43,23,7797,26,0.03225562201862649,0.03410266544829462,38.400000000000006,1
535,34,13,55534,1,0.038747042292020806,0.06839942201452522,44.0,1
588,36,14,47233,16,0.08391914041158259,0.1541524707005837,44.0,1
558,37,12,34111,28,0.10126200303915335,0.286389029889962,40.0,1
470,35,13,95197,27,0.016472778036295953,0.05806532717101245,47.2,1
573,63,41,96972,15,0.0662571051271746,0.11857229891355107,43.2,1
618,51,29,3672,26,0.064757572624832,0.11822460518249092,39.2,1
607,38,17,108795,23,0.028882124994971774,0.030068895047915517,37.6,1
553,46,21,6103,5,0.04373990306946688,0.03834094587609665,51.2,1
636,53,30,6350,25,0.029391089438594677,0.05432160844425976,42.400000000000006,1
611,45,22,69039,12,0.0951912220259981,0.053595659440045886,38.400000000000006,1
606,55,35,325159,17,0.17811533275164593,0.05679759685838007,35.2,1
632,35,16,14084,6,0.075385624269381,0.04203275994827754,40.0,1
505,50,27,13500,27,0.06758510950127716,0.056964045129926685,42.400000000000006,1
586,48,25,113651,27,0.038229361917454796,0.11235861574676767,34.4,1
544,34,10,43738,17,0.01055947956850698,0.06323062463390856,44.0,1
605,46,25,673461,28,0.11451072207736923,0.18829202410406393,32.0,1
641,50,27,8800,8,0.041249520485607045,0.026294545751534552,38.400000000000006,1
611,26,3,45075,12,0.03140180030849276,0.043478626341848146,43.2,1
632,39,15,146349,4,0.038896567835380695,0.0532847575844849,37.6,1
540,47,24,9864,12,0.047511816089678555,0.05475684238540634,37.6,1
578,59,38,168864,11,0.04339444074450559,0.03747239104636348,35.2,1
628,32,7,81252,23,0.044899595466307084,0.052019336199201384,36.8,1
656,36,14,10930,24,0.03159693275334088,0.03749336710857686,36.8,1
587,43,19,7102,4,0.056436402574804395,0.02934875385581473,55.2,1
631,40,22,9450,2,0.04632187482848832,0.043477165792149226,48.0,1
576,43,21,72622,9,0.03127057051147199,0.05259241566538763,51.2,1
668,56,34,5640,8,0.08716325894833495,0.16617569066755603,38.400000000000006,1
570,22,0,435808,9,0.04933979608891861,0.22645781518466074,45.6,1
587,34,14,377026,23,0.044843805754695557,0.032601987250556505,35.2,1
582,52,27,53047,13,0.03979562692393133,0.09907247868364358,39.2,1
613,32,9,81266,26,0.026882465831393525,0.14867587745636276,34.4,1
576,59,39,3330,24,0.07281358949632817,0.09956027288754013,40.8,1
518,42,19,323693,2,0.015417352551491547,0.11491850105042453,39.2,1
623,41,15,112714,2,0.07589809814510448,0.1338045704396819,42.400000000000006,1
572,45,24,10302,9,0.06381348511383537,0.031049981031891535,44.8,1
555,29,6,116258,28,0.0831316620790305,0.05723101649499918,39.2,1
599,53,29,10049,10,0.08734181540669529,0.06679467167842802,40.0,1
454,28,6,64890,11,0.09509770775576443,0.0734892443563542,43.2,1
629,46,25,30782,8,0.05043154510069386,0.061877309587696355,42.400000000000006,1
622,48,30,3666,24,0.09681092474299234,0.02341437338771393,40.0,1
607,39,14,260424,17,0.12581875764773626,0.13900828361276812,33.6,1
625,36,11,5499,28,0.05505279034690799,0.08024423139160029,37.6,1
597,65,44,18291,5,0.07368097890443402,0.034312606800979,48.0,1
582,34,11,56426,6,0.03626027926486009,0.07576977722088073,48.0,1
632,40,17,43800,23,0.04058031062826364,0.032556103992856904,38.400000000000006,1
640,44,18,48227,5,0.04322846684890887,0.22948314718097435,44.0,1
469,35,15,106101,22,0.16526992788930034,0.05802197362732463,43.2,1
618,45,23,196983,16,0.051119399514477325,0.1853851651011478,34.4,1
565,62,44,21657,22,0.04787571337983513,0.07161750362656011,46.400000000000006,1
623,42,22,645827,6,0.09785123966942148,0.12607820303707862,35.2,1
577,43,21,661355,28,0.13716851792001905,0.11675498666726725,39.2,1
533,41,18,215841,7,0.032696495424850626,0.1655988043244015,36.0,1
623,62,40,19382,17,0.051256990823695496,0.05393260510412721,43.2,1
622,36,16,3306,21,0.022236834239942615,0.05283385385090714,40.8,1
633,50,31,2354,13,0.02880650469460846,0.09880636656610563,43.2,1
641,29,7,25097,16,0.034787063124316016,0.10098792647980867,43.2,1
504,44,25,122232,15,0.06347657738685042,0.08682928252794565,36.0,1
633,51,29,4131,8,0.014752853544180216,0.1396696720379173,41.6,1
601,32,10,14735,20,0.09399538554006631,0.07270700992627004,44.0,1
607,31,9,10402,1,0.06210393729564633,0.026810318920525288,46.400000000000006,1
606,39,17,3668,20,0.013353474645063139,0.01505440567553642,36.0,1
609,42,21,60002,15,0.03537532355478861,0.05751861382659418,40.0,1
546,28,5,103795,28,0.08856272500692329,0.07119831631086719,36.0,1
609,50,31,54873,20,0.029060967488042624,0.11194217305759577,36.0,1
630,61,41,62404,5,0.058880806460851136,0.08421454743908101,36.8,1
648,78,57,21911,28,0.034829637641968635,0.16552096443842987,48.0,1
687,80,57,3611,25,0.0701502398667088,0.10607604322387174,40.0,1
533,36,12,5260,23,0.10427584203710652,0.0774006237927969,40.8,1
622,42,21,63359,15,0.0863812760139143,0.11440660156482145,44.8,1
567,60,39,347242,5,0.015251006142766362,0.06238258347076576,38.400000000000006,1
614,41,23,30438,24,0.043685316146629564,0.10243336733723152,41.6,1
489,46,23,39328,14,0.04557451839820378,0.09358051390200875,39.2,1
605,30,9,1673,13,0.05346089653450383,0.05260421208917453,37.6,1
618,45,23,7526,17,0.05047620676093908,0.05855200965370827,36.8,1
605,64,40,16319,25,0.01744,0.008544411335584272,38.400000000000006,1
616,31,7,126534,5,0.05102794644948557,0.14031439388818207,36.8,1
671,66,43,68700,4,0.04544288864953583,0.05342045260749326,41.6,1
641,39,16,18527,7,0.09068248509134509,0.119349316029189,42.400000000000006,1
645,48,23,7234,27,0.08491286419711187,0.1633949846420333,39.2,1
589,18,0,7528,20,0.039409927856142994,0.11158525766324312,40.8,1
611,42,17,51467,26,0.050285332250901364,0.22030663300657716,35.2,1
628,48,25,95185,24,0.07452766783660668,0.11465547004646676,35.2,1
435,40,17,60753,4,0.009479686972836418,0.037414006827534305,40.0,1
611,44,20,43271,8,0.013189933997738568,0.06561504048160453,36.8,1
640,58,34,52519,12,0.014359559980319384,0.040437053323403395,36.8,1
636,61,38,1934,10,0.09502020442120276,0.06217967074662983,42.400000000000006,1
564,50,28,33737,2,0.04371023291109684,0.05777586821353205,52.8,1
604,49,30,6916,25,0.017345983142636103,0.0974123653062226,40.8,1
609,48,29,2872,10,0.10341507482734438,0.060577962294145235,41.6,1
615,30,7,40218,1,0.03764964121896082,0.01961113813523437,44.8,1
570,18,0,3023,22,0.037867429129328084,0.1388097103812871,39.2,1
672,51,31,345431,9,0.07628348342815026,0.22514672718619394,35.2,1
536,74,51,14941,29,0.03165261651025927,0.12728803634406988,40.0,1
625,34,15,8779,9,0.051431873635546424,0.2922297950381246,39.2,1
539,50,25,72854,24,0.03645067947338919,0.14493683019416329,36.8,1
612,37,16,111290,14,0.05627213359758277,0.08152079351096282,40.8,1
560,31,13,16724,28,0.09588597343699384,0.12291558599387785,47.2,1
619,50,28,83459,29,0.12172786431494949,0.08074803584731048,35.2,1
578,38,15,231645,14,0.05292577655133376,0.3938442117569407,40.8,1
624,50,27,150560,28,0.033363164488992306,0.1402329896809278,34.4,1
555,38,14,32607,15,0.02959928762243989,0.0861255989947535,42.400000000000006,1
655,45,22,138981,16,0.040942745051768384,0.05201604811255681,32.800000000000004,1
598,28,4,43405,16,0.05847270220852201,0.04470647298754637,45.6,1
597,36,10,101649,19,0.02422300144630464,0.05756757456656479,39.2,1
545,36,13,92515,17,0.028748950461796808,0.2013365127301524,44.8,1
528,48,26,4589,22,0.014537227148628009,0.020842788294697552,40.8,1
534,49,28,658306,10,0.03724419511709349,0.1411388699205555,34.4,1
629,34,15,23243,15,0.03607582142468395,0.02417988738841869,35.2,1
624,50,31,761091,26,0.032689989928841486,0.05789092407311776,33.6,1
506,33,7,50223,8,0.03748815332233493,0.07489560822459965,44.0,1
627,33,12,411565,20,0.03354507860922875,0.10260450000095117,36.0,1
524,43,21,45588,29,0.09884836852207293,0.06196195900341007,49.6,1
610,32,8,53237,26,0.029911497815452406,0.05351613516259302,43.2,1
600,37,12,1702,1,0.013410088977752541,0.06073556710771548,40.0,1
549,39,20,162216,6,0.17833265353171718,0.0277723730063197,40.8,1
556,57,35,595313,4,0.08963670836628335,0.12840990200164243,36.8,1
647,51,31,193890,19,0.07361543721036237,0.11790299999348222,40.0,1
587,43,21,70937,4,0.03576078783766437,0.03502098275427583,38.400000000000006,1
625,39,14,17213,21,0.024257899776571976,0.03891303100815197,41.6,1
577,37,15,30415,24,0.04179918218991367,0.027350233038822308,43.2,1
604,30,8,344652,10,0.05890783296268841,0.1490743447562672,32.800000000000004,1
428,31,12,156750,7,0.050250186308953476,0.156267282162158,38.400000000000006,1
634,48,30,10631,16,0.04970377779487574,0.042339774297650734,38.400000000000006,1
610,34,10,50358,24,0.05027978266158462,0.07627488269897818,36.0,1
528,48,24,64274,8,0.09814313194362659,0.04968462172800454,40.0,1
577,18,0,24513,28,0.031313424180922006,0.03627210683518296,40.0,1
605,18,0,90520,7,0.08281628749972202,0.075991833956274,36.0,1
617,47,23,63468,14,0.06293634143825017,0.11161812986626989,37.6,1
638,49,27,15768,2,0.07468098232550084,0.0952252876478596,43.2,1
651,53,31,11443,1,0.04144895859092686,0.10677422347725238,40.8,1
546,36,16,28031,28,0.06329650873277881,0.07246156479734411,44.8,1
594,32,11,44654,21,0.029390018484288356,0.08864552861198594,48.0,1
554,43,22,595368,5,0.02799634034766697,0.05859112605120687,36.0,1
583,28,4,35622,28,0.06787773305776135,0.06218234330970962,40.0,1
667,60,37,4409,20,0.1032774301598009,0.2195898202434834,36.8,1
582,42,22,4160,21,0.06742116723567838,0.18042576524238235,40.0,1
489,27,7,5396,2,0.04974647794275522,0.05523561533256772,41.6,1
562,54,30,874351,11,0.10870627216924025,0.048687411034043955,34.4,1
529,20,0,390536,2,0.08421960333429146,0.14648216543299514,40.0,1
538,19,0,5353,26,0.050813622890327266,0.07523154103419034,44.8,1
611,53,32,19059,21,0.024891654628292032,0.044180530801226706,36.0,1
602,23,0,171866,5,0.04333818972769991,0.130472665736624,43.2,1
600,34,11,8736,9,0.11131593030861628,0.1382460181726809,37.6,1
663,52,31,10393,12,0.04087286852703436,0.02367639359504172,39.2,1
660,63,41,167630,28,0.16490517952177497,0.1026629125122542,31.200000000000003,1
537,34,14,35728,7,0.03388350362413763,0.04914856826685769,51.2,1
497,39,16,278212,21,0.18853754940711462,0.13153083099764798,38.400000000000006,1
503,37,15,9112,29,0.022272842318400404,0.06714123212803168,45.6,1
482,24,2,17807,10,0.058979344980171794,0.02983197506003138,44.8,1
647,48,27,14405,29,0.047499825162598784,0.07053996208939911,35.2,1
636,48,24,8029,20,0.05173153539687404,0.21189074123618584,41.6,1
606,39,17,412236,22,0.05542725173210162,0.22830548417697502,33.6,1
620,48,25,109850,4,0.09205695352377541,0.1716779376893282,39.2,1
624,46,22,132930,24,0.06351514633077063,0.0649858226853911,37.6,1
588,54,30,122581,6,0.019449839525049244,0.013345163517793506,41.6,1
461,42,20,308431,13,0.07587784205569756,0.45055122745627246,38.400000000000006,1
634,37,14,5593,17,0.05989625113642441,0.07624964374761255,36.0,1
481,48,25,1850,2,0.025916823593246305,0.06692860608091818,45.6,1
569,54,33,16102,14,0.02395611292050336,0.07928887006010758,40.8,1
551,41,16,3079,26,0.059466093893832464,0.07188208549743798,40.0,1
524,36,15,14199,27,0.017640546639161286,0.07856527422443785,41.6,1
557,32,11,232119,21,0.16641066135906368,0.14417266511938565,36.8,1
529,28,5,3620,22,0.07367808769354348,0.05926916989730372,44.0,1
634,49,28,34862,20,0.05232592475933619,0.04824902001907505,40.8,1
620,39,16,161153,23,0.031132250293409106,0.11171295238109238,40.0,1
625,36,17,142849,9,0.05419590077896248,0.1065061790537946,38.400000000000006,1
507,46,23,1879,13,0.01623760691034424,0.07534395655304832,40.0,1
612,47,23,1074,5,0.0523502987079146,0.08298256871767233,40.8,1
660,40,22,52239,28,0.17374863170464722,0.11875444141128279,35.2,1
572,49,23,40320,17,0.030896491276123695,0.07294049921331508,40.8,1
589,46,22,12768,4,0.04785024645092211,0.028934635692902177,42.400000000000006,1
608,66,42,10432,16,0.02915515565795652,0.04201266832992879,43.2,1
598,18,0,10877,2,0.09283114452951177,0.1416130707399346,44.8,1
531,53,27,84033,18,0.030393952382807933,0.14676100377575743,38.400000000000006,1
535,18,0,49678,26,0.047713974763746864,0.11056089325508871,39.2,1
613,45,26,32989,6,0.09635057221954932,0.034811389945918356,43.2,1
598,47,28,366932,8,0.15492214909766333,0.11389082404355501,36.8,1
626,46,24,122160,26,0.09063386341183595,0.13345919730368327,35.2,1
566,26,2,3556,20,0.038864418699337454,0.06708594495299927,51.2,1
583,24,4,92116,2,0.02214900678178058,0.0643897634459501,46.400000000000006,1
559,44,21,51742,15,0.02865980188716182,0.017496709990737932,45.6,1
599,36,15,127506,25,0.06600765306122448,0.08040000379698282,37.6,1
607,29,7,48035,22,0.10920789166516413,0.04574670810552104,39.2,1
606,64,40,96698,8,0.02754263431970187,0.027051229368795324,41.6,1
614,55,31,13320,26,0.021644095258475743,0.08431005613955886,39.2,1
492,38,13,822967,13,0.06272543157488668,0.1585312002787257,43.2,1
559,34,11,3364,8,0.13353658536585367,0.07229191364588808,40.0,1
649,48,24,230438,20,0.04748323608813028,0.07367573399850624,34.4,1
547,40,18,9236,21,0.07916772392793707,0.17678718347118186,40.8,1
593,51,24,285284,11,0.12073985271450591,0.3383735860691742,41.6,1
641,50,28,24693,27,0.04441587801148075,0.10032831111831068,43.2,1
622,48,19,7187,10,0.014425081979278255,0.0967502047343169,40.0,1
496,38,15,15007,22,0.03325028523529001,0.3191344571488611,39.2,1
642,51,29,16862,1,0.03552141172891154,0.05267719389166918,41.6,1
578,22,2,184973,28,0.10173258158771965,0.0658436890556777,44.0,1
511,61,36,4913,1,0.045546263195115774,0.03919035259981621,50.400000000000006,1
570,42,19,791769,27,0.03361344537815126,0.3001183124323361,32.0,1
541,43,19,34886,15,0.03579000932914935,0.16193709942965195,39.2,1
583,58,35,154226,14,0.02605313150197509,0.0776631161677636,43.2,1
659,56,36,69436,23,0.021078503399543168,0.05214388103358473,32.800000000000004,1
631,44,18,364754,14,0.0501921893533341,0.1740478366185177,35.2,1
631,48,25,7603,1,0.04834428123796338,0.0767462447010522,45.6,1
626,35,17,173713,5,0.04863925883034163,0.0401825293040283,36.8,1
550,52,29,2976,5,0.055436832181018234,0.06967160490690186,40.8,1
568,18,0,66058,17,0.07962632560190847,0.14379518419938034,42.400000000000006,1
652,69,44,225085,13,0.07707312431609496,0.09474499414546084,34.4,1
654,55,35,40659,29,0.049420194421812745,0.08466655175282933,43.2,1
623,59,36,267879,16,0.2649976163747366,0.07220954655690723,36.0,1
644,53,32,56343,25,0.01780394630778397,0.05608778133787346,38.400000000000006,1
474,47,28,91364,18,0.027234664197112186,0.11527672378303727,40.8,1
632,65,43,30988,13,0.033704887915349147,0.07779154484594604,36.8,1
595,24,4,7262,24,0.03738009283135637,0.08738805970700639,46.400000000000006,1
692,52,32,326750,26,0.015720369752517026,0.035090510362365324,28.8,1
622,47,27,75163,29,0.022499476408461238,0.09018839818563891,41.6,1
528,47,25,131794,26,0.016282063979399825,0.13030531706960502,36.8,1
499,27,5,48225,21,0.0810469971695205,0.06547698648126189,40.0,1
549,38,15,139162,20,0.03820680933204646,0.048905925956948454,37.6,1
528,36,13,385539,2,0.09323676041764652,0.048556268585765575,39.2,1
636,42,23,27159,15,0.053388266598000084,0.06155562598640117,36.8,1
598,38,18,335330,20,0.06080073111400809,0.13366466278924174,36.0,1
596,34,13,409228,28,0.052729574737469274,0.32098832098368313,34.4,1
550,50,30,10384,21,0.015380836889448317,0.15291023785221125,37.6,1
650,41,18,9467,18,0.07984588656589413,0.18612500439801236,35.2,1
606,36,17,67668,8,0.03432132300071902,0.03842632076785509,40.0,1
537,57,35,13684,8,0.05320227307633236,0.035744966227223576,39.2,1
634,58,35,109215,14,0.13378140502480396,0.05525554988340321,38.400000000000006,1
632,64,46,7818,14,0.05859750240153699,0.0637637158292003,43.2,1
598,58,33,34392,12,0.03457971379411641,0.033944350170576,39.2,1
519,40,18,116022,20,0.02520324637842424,0.058584628458810094,35.2,1
452,43,18,11695,9,0.1424158415841584,0.07228844676573386,43.2,1
501,31,9,62207,18,0.02878422198202467,0.16473836387472182,45.6,1
657,68,47,120144,16,0.03397866455946266,0.08348016055463987,38.400000000000006,1
575,29,6,9170,28,0.016219588271990017,0.03468925585325815,40.8,1
659,61,38,4699,9,0.07095534200113059,0.043236320939844426,38.400000000000006,1
561,45,22,2408,20,0.05356216700457353,0.08013563525018856,41.6,1
564,26,7,35484,29,0.032524573033340956,0.04135669854704982,39.2,1
613,37,11,5105,27,0.06306332755937877,0.1105319953984891,51.2,1
625,42,19,27232,21,0.03778808853730889,0.27675622976704534,40.8,1
639,54,31,4179,29,0.042539419711737476,0.07792733813981517,41.6,1
596,47,24,3076,14,0.015396861226283962,0.06878442723478473,45.6,1
601,49,26,56575,22,0.05235880770954729,0.13527116858892405,38.400000000000006,1
632,51,30,49377,12,0.01818419574932886,0.08703367419488345,36.8,1
488,37,11,124533,17,0.034773919560329755,0.1420352184570932,44.8,1
631,37,16,126107,25,0.03289481075372707,0.07333287774795343,37.6,1
655,60,37,132316,29,0.08618719044998518,0.14517507199346025,34.4,1
624,43,23,7382,26,0.03743910306319934,0.12516799915853408,36.0,1
591,57,36,104950,4,0.0838336192109777,0.031018045716029,40.8,1
622,44,21,45156,27,0.13665876533031024,0.28633872080469175,37.6,1
543,35,12,2762,28,0.10120788302606484,0.10121138228480762,41.6,1
526,21,0,259209,29,0.09689166819937466,0.0408311654486821,36.0,1
563,33,10,1893,27,0.11486210186741787,0.09138389925279293,39.2,1
564,43,21,9958,16,0.17335957455717935,0.08414446291285792,40.0,1
637,53,31,82026,7,0.027725312085460026,0.04982447172109982,41.6,1
606,33,9,162541,15,0.034178254272281786,0.13062198477826467,33.6,1
643,49,25,49609,19,0.029276226619680133,0.05296110161569719,41.6,1
591,44,21,45030,6,0.037155580295018094,0.0678579767663851,43.2,1
612,44,22,64192,1,0.04094362515573723,0.09886770861132993,37.6,1
624,44,21,20697,28,0.05328343828979153,0.11975301967639987,40.8,1
594,51,27,22876,26,0.05165450959521648,0.07924809849756857,41.6,1
643,47,25,3882,24,0.059416787497986144,0.12062589463611638,40.0,1
650,43,20,74154,18,0.0813089509143407,0.05975138173744132,36.0,1
493,35,11,8280,28,0.07019178507648109,0.05873615922830092,38.400000000000006,1
612,64,45,1627,14,0.07152207924901817,0.06830180372397596,48.8,1
608,53,29,436570,15,0.08784162240463544,0.08833085988637421,40.0,1
549,45,22,73538,25,0.10503887888239687,0.13672259446004498,39.2,1
592,47,24,16427,24,0.034666649470908,0.1155501661563117,40.0,1
567,38,16,169899,12,0.023295632671763086,0.08046769054773666,36.0,1
590,50,26,387739,24,0.09951731510576955,0.11984423892854618,42.400000000000006,1
613,49,23,52983,9,0.04926985728133152,0.1313016177585329,36.0,1
628,44,24,7305,3,0.09774591984834573,0.16617660945357113,42.400000000000006,1
649,23,0,25370,25,0.07574175534099042,0.06792220894444523,41.6,1
634,32,12,10490,8,0.07500667794497373,0.050073285801682445,38.400000000000006,1
595,36,14,2081,9,0.07308470112401824,0.059083766320010694,40.0,1
564,37,13,23562,2,0.07715082452576857,0.23847230836604066,44.0,1
627,54,33,62307,23,0.016074214992625527,0.1764906745827743,37.6,1
591,26,7,14309,5,0.04627903805064327,0.11762078589349619,40.0,1
641,38,12,93405,20,0.11845708715631817,0.05377103951078814,40.0,1
619,56,33,10436,25,0.1313515983722499,0.11399516752595432,44.0,1
665,51,27,91783,6,0.05823519922568156,0.08364626579960915,38.400000000000006,1
628,42,17,106058,15,0.07416876424928506,0.05928081287409155,34.4,1
573,39,15,38522,28,0.06424698672392004,0.2561282005403572,40.0,1
552,45,23,2948,27,0.02718944833329582,0.119098286232226,39.2,1
486,53,28,54832,11,0.08135790212838083,0.08817712630709311,42.400000000000006,1
547,40,17,10857,21,0.06416346716990955,0.2038197809777406,40.8,1
595,66,40,16484,17,0.022637238256932653,0.05843336513547773,44.0,1
546,21,0,76411,20,0.008157487157564248,0.027754448860192432,42.400000000000006,1
583,49,29,2010,28,0.012414062754553451,0.07597615249422979,41.6,1
584,43,22,30460,23,0.04861652160363288,0.06049930695300431,38.400000000000006,1
569,59,36,252967,24,0.060182107240930774,0.15804816738966398,39.2,1
592,45,22,59482,27,0.0642815018675054,0.08123664688516467,44.0,1
595,33,7,88161,25,0.07463279078999603,0.12504784875457914,43.2,1
614,42,22,34506,9,0.028611738148984198,0.07327890608711869,39.2,1
527,44,23,125354,22,0.10115550480082944,0.08427248745703571,36.8,1
658,50,25,273207,1,0.01528,0.03449738945682781,33.6,1
653,55,36,34066,26,0.035439935906498896,0.035445204633792485,44.8,1
612,56,37,259678,11,0.02728143847584691,0.0777878135284655,32.0,1
639,40,19,169034,1,0.07015271338969185,0.09290512247199581,38.400000000000006,1
641,45,21,4547,5,0.08161880117083103,0.06618267783664,39.2,1
657,60,40,28010,25,0.06266388758152357,0.09538009522877525,39.2,1
587,40,17,82210,21,0.03321496275331749,0.056986154996467475,50.400000000000006,1
419,26,5,181273,16,0.026472210307004106,0.052985677860821805,43.2,1
598,48,28,23270,22,0.06743419499249158,0.034783531833932624,47.2,1
605,49,25,8478,23,0.08066378835527602,0.11974198060279516,37.6,1
578,25,6,44601,28,0.03538396516645207,0.03962482969364844,38.400000000000006,1
528,41,17,198279,11,0.068386973302287,0.10516767357692047,36.8,1
655,50,26,6392,18,0.03567565415320092,0.08034349953174985,39.2,1
476,26,2,47755,7,0.032452951903633585,0.02037926418804457,48.8,1
621,37,18,298219,22,0.2371020856201976,0.07216129059076895,37.6,1
475,48,24,31483,18,0.04383548853928388,0.043600320650351375,40.8,1
599,18,0,25230,9,0.10264030589130711,0.10217106321208522,42.400000000000006,1
633,52,26,37321,29,0.016288106835969568,0.04522267427594418,44.8,1
655,42,23,97422,1,0.024763782661677985,0.022048302456683183,37.6,1
612,60,36,103235,27,0.05659318037204776,0.06652052973449063,44.0,1
548,46,24,175122,19,0.07354254920607475,0.07352040109414916,35.2,1
591,52,28,33687,20,0.01380412543137892,0.06742199157567003,40.0,1
634,37,13,35280,20,0.05874276162617158,0.31850623727108385,40.8,1
620,42,24,183291,1,0.032325996557879995,0.03404593858918688,39.2,1
624,30,10,66974,19,0.054837589339572626,0.11588287138605392,38.400000000000006,1
618,28,2,61814,18,0.03601371340688447,0.06965373214987436,37.6,1
621,58,34,145164,22,0.026909144673615732,0.022167712719289866,34.4,1
602,44,18,20399,7,0.05200181100834357,0.07226364326922576,44.8,1
581,22,3,2001,26,0.06462914063112761,0.06204338852623743,42.400000000000006,1
434,45,21,263740,17,0.04999606949139219,0.07841107154552256,40.0,1
648,46,25,281669,21,0.03554698849825312,0.02377925887032248,32.800000000000004,1
655,41,18,42698,8,0.07189571171487513,0.08137150501174856,36.0,1
462,22,1,10813,26,0.08709677419354839,0.08229220014120776,43.2,1
618,50,26,213955,8,0.07662164415541103,0.051570825560073044,36.8,1
618,54,31,10225,27,0.06411447686303662,0.09980113901619363,42.400000000000006,1
608,61,39,164575,18,0.046157361565998936,0.0693199620718998,38.400000000000006,1
601,30,10,714348,27,0.09739334885718808,0.1367151088491453,37.6,1
588,41,20,14346,15,0.023980713923194046,0.0856563998925085,43.2,1
564,56,32,59977,1,0.0476062036412677,0.0853741593051681,43.2,1
589,37,12,289765,18,0.1654225860823501,0.12194409157166987,33.6,1
559,31,6,307044,27,0.0716833879083976,0.06634454329329757,33.6,1
589,37,9,322811,28,0.07224441568671582,0.1920818899083044,40.8,1
642,42,20,70145,28,0.06667752177806724,0.07864549981038318,36.8,1
611,42,22,4317,16,0.023723982108491897,0.03952483551179978,35.2,1
603,46,26,37488,18,0.08328104500598939,0.11351726979453902,43.2,1
633,27,9,7993,15,0.02926063453712415,0.06954827160899772,48.8,1
579,37,16,66165,25,0.09873176053456975,0.12945194852884448,39.2,1
594,42,20,42012,21,0.06582122954056782,0.16675706100116994,39.2,1
537,45,27,2824,27,0.0754696373962429,0.055688046186683736,38.400000000000006,1
600,51,27,24263,24,0.06121234448947204,0.05284064559557286,52.0,1
527,44,21,20571,9,0.044191119555274085,0.05990687459938956,41.6,1
564,36,16,14404,3,0.027473406964392252,0.056334987073367225,49.6,1
625,39,18,8969,7,0.022484725050916497,0.06452683272936272,40.8,1
531,40,18,179640,28,0.019386106623586433,0.053487996701989844,35.2,1
554,36,14,10372,10,0.07513583441138422,0.1234935550198436,48.8,1
529,24,0,50810,19,0.024681568122119243,0.09081682171496266,42.400000000000006,1
657,50,27,3323,27,0.0786836262527753,0.18265970053922875,36.8,1
628,36,14,83346,19,0.06380799063368944,0.1509500329316515,38.400000000000006,1
620,48,27,208719,12,0.04131771963488334,0.04166117925461888,37.6,1
604,32,13,58566,12,0.013210887364461164,0.09519455303134798,36.0,1
572,22,1,8765,12,0.07524320833165139,0.071864012790908,40.8,1
650,35,11,311644,20,0.11051382437065137,0.061983348645798485,31.200000000000003,1
604,56,32,5439,17,0.02192427500666693,0.019731996755347807,40.0,1
533,70,46,87031,25,0.012462711302618496,0.05308293256103988,38.400000000000006,1
603,42,21,43197,29,0.14933488688222157,0.09432358466065295,42.400000000000006,1
510,35,10,53253,26,0.04899910367493278,0.08110451710758328,42.400000000000006,1
631,64,36,48804,3,0.04071909929352363,0.030170339004322817,40.8,1
600,42,18,22486,21,0.057515337423312884,0.04229033315138875,37.6,1
553,24,1,1707,9,0.044681063898367256,0.08944015634267305,41.6,1
556,29,9,619600,27,0.10213786213786215,0.1866734268033958,40.8,1
624,51,29,24084,27,0.05494808619567256,0.05718826950677659,36.8,1
634,32,11,15349,12,0.13689153186040007,0.031508017243706395,43.2,1
557,44,17,8045,5,0.01707569619793275,0.036149825120859125,40.8,1
472,24,6,388767,10,0.0875299366818674,0.16518619722668543,34.4,1
478,46,25,54043,19,0.049435959245936835,0.09953226119036951,36.8,1
556,26,5,68144,14,0.0661474536988704,0.09818443039702195,44.0,1
524,37,18,20059,21,0.05659418243434058,0.055321491132242794,43.2,1
554,42,18,58443,15,0.020519647447668016,0.09935755806587371,37.6,1
611,47,23,56691,4,0.05478335303468797,0.07626625295318726,38.400000000000006,1
624,45,23,296808,22,0.05021269932405982,0.10266785795527325,44.8,1
574,24,4,69243,24,0.04046784780141144,0.08892725430684659,39.2,1
575,52,28,10751,15,0.13602759980285856,0.03603584912752613,40.0,1
635,38,14,8747,24,0.2625535202231155,0.11395879937354207,40.8,1
672,58,34,5911,21,0.02022293695202009,0.0824623032681929,34.4,1
696,68,47,73746,10,0.04674891011965495,0.16621126033046935,34.4,1
632,57,37,5362,5,0.02781058495821727,0.09431791467481772,40.8,1
564,49,26,85529,17,0.030731642700498947,0.05965743505323807,39.2,1
610,40,15,34935,23,0.11038264988159044,0.07980056893418672,38.400000000000006,1
587,39,12,6210,27,0.014460538381399102,0.029017277903239953,41.6,1
611,38,12,45759,21,0.06516640253565768,0.08133814090536605,42.400000000000006,1
584,37,15,350560,9,0.040435665105666034,0.06979959458644165,35.2,1
623,28,4,243413,23,0.05175892622159839,0.05418516098446624,34.4,1
592,57,31,10564,19,0.10789602746444335,0.09272389250616048,41.6,1
558,23,5,129599,10,0.02170887837461731,0.05971962630489268,41.6,1
631,62,37,157354,24,0.01301246738184981,0.04212780708818564,36.0,1
632,43,24,2561,14,0.04348112523881679,0.08946628038602303,40.8,1
550,34,14,49140,17,0.04094955489614243,0.1566185250011041,42.400000000000006,1
564,49,31,13905,17,0.07540566337893731,0.183738837072811,50.400000000000006,1
541,48,24,20958,25,0.07820255370742243,0.08880581639382448,40.0,1
631,50,28,7892,5,0.06804174541868682,0.07121920163128127,40.8,1
520,53,27,11691,19,0.05000258583112307,0.021588088189701128,40.8,1
601,50,27,28529,24,0.038908064010040794,0.1422038343325675,38.400000000000006,1
634,42,21,9442,21,0.030103176208780093,0.08459428562265266,40.8,1
552,42,18,140566,19,0.07349334824208079,0.07700205338924672,36.0,1
509,55,32,212190,5,0.04396,0.02804180407833039,42.400000000000006,1
539,25,4,367837,22,0.10687989866202202,0.19604064052545725,36.8,1
645,60,35,5322,9,0.030645858982464316,0.04613422983510601,44.0,1
565,80,59,2450,27,0.018007008715967294,0.16054504755047033,39.2,1
424,26,6,119417,25,0.051076235362713183,0.09033275502435714,35.2,1
599,47,22,13252,14,0.04311588311504388,0.04220748260707921,42.400000000000006,1
627,56,29,8895,10,0.03935020387029966,0.06317310072333668,38.400000000000006,1
615,48,27,287062,14,0.035475844399004704,0.040004639445816975,38.400000000000006,1
546,35,13,199323,17,0.027301416444455318,0.07437844025589888,40.0,1
627,51,26,26691,15,0.1285662033650329,0.10408785124158612,35.2,1
579,60,39,26867,5,0.010678632082270588,0.0918461796761786,39.2,1
597,41,20,37969,15,0.06008435168162648,0.16400821929120163,48.0,1
559,46,20,198943,3,0.021145683243116945,0.020638398753251425,40.0,1
535,42,18,135480,28,0.062157221206581355,0.13501339016709743,40.0,1
623,49,27,50489,21,0.04284690328917677,0.020333028124914238,44.8,1
592,35,12,3799,5,0.11193429225911633,0.08432001014914664,49.6,1
608,61,39,95746,4,0.1034044005834342,0.06038988214368792,36.8,1
647,48,28,114279,2,0.049175024263992236,0.16125654280100526,40.0,1
627,41,17,5414,10,0.011041500345046886,0.06633143582261157,41.6,1
641,44,19,270893,8,0.10280665744500468,0.06404870196577156,36.0,1
631,35,13,6950,1,0.0924046832782948,0.0472463515174404,41.6,1
616,35,15,216021,26,0.021238659604593844,0.20126499513788268,35.2,1
610,37,14,4990,7,0.03773902221624258,0.077244388894749,37.6,1
549,26,4,4144,25,0.1342079184559483,0.12771344222512523,43.2,1
604,41,21,9825,7,0.045522624656995116,0.031014174344915834,37.6,1
448,33,9,3455,24,0.025376299654235764,0.08511432887746166,37.6,1
606,34,11,2900,9,0.04959184926041858,0.18255711064598112,41.6,1
603,37,14,49027,16,0.09908196178976098,0.08639017981989189,44.0,1
523,49,25,140195,21,0.07683823170553154,0.13810887283458034,36.0,1
611,50,29,269958,18,0.22066004086297056,0.17576004241216314,36.8,1
587,50,28,134794,4,0.020622986036519873,0.06333587002630624,40.0,1
579,52,27,63820,12,0.03676154583622599,0.05430292565097528,40.8,1
633,33,10,52147,8,0.029964114832535887,0.10767199033298927,41.6,1
582,64,39,36483,29,0.13672086157428584,0.07530956607441412,45.6,1
573,20,0,308259,29,0.16574585635359115,0.20069884935607707,43.2,1
548,31,7,5574,22,0.11686350101414043,0.056899299974727716,41.6,1
612,49,27,30535,26,0.008310609011816647,0.06110650232971967,39.2,1
621,36,15,10314,7,0.052553803165050116,0.0871631537477886,38.400000000000006,1
593,57,33,119339,19,0.11586389018787996,0.21737912772391,42.400000000000006,1
588,40,17,8863,14,0.06583524221600068,0.06234798509639224,44.0,1
567,40,17,89421,2,0.04066317162093834,0.11879130582344541,43.2,1
547,58,29,19026,26,0.02466011891267305,0.04070495599446904,42.400000000000006,1
571,30,4,78376,13,0.05719622928562488,0.15866376986975755,44.0,1
481,54,32,263435,9,0.041011385705037894,0.07761109230010496,41.6,1
634,35,13,132126,23,0.026961988016894214,0.04721961525124006,37.6,1
628,35,14,7351,17,0.08896180276109701,0.1590268265547403,42.400000000000006,1
633,54,29,65718,28,0.12271827578623268,0.11574187722245545,36.8,1
584,55,34,8370,27,0.026713291755290382,0.06236299173132158,42.400000000000006,1
514,35,11,823483,17,0.046405844379609,0.11536382732202519,32.800000000000004,1
432,32,9,6140,2,0.018342562906829885,0.07107488614213618,50.400000000000006,1
597,31,11,128388,20,0.03550254010537606,0.09518830188373287,36.8,1
613,45,24,168089,8,0.03146626539232265,0.05469622463010836,40.0,1
562,35,9,25357,28,0.023430569114912682,0.02660890001379071,41.6,1
574,39,19,5557,7,0.04086661257850296,0.10362541014086714,44.0,1
583,32,8,280679,20,0.11272636838416496,0.05159389822452494,36.8,1
633,54,32,28510,25,0.04693251533742331,0.06010185757330722,41.6,1
564,48,24,21168,29,0.03222197359588275,0.11814795469269664,39.2,1
686,68,42,9526,4,0.045284446873817434,0.08115901426104835,38.400000000000006,1
608,68,47,32114,3,0.010144096699281947,0.046126067880740036,44.8,1
690,61,41,36383,23,0.04149345797973219,0.0739008395211883,39.2,1
591,50,28,44091,6,0.058545479100546964,0.047391139729463905,41.6,1
608,28,5,87323,28,0.0688341691553502,0.08648171524746286,35.2,1
568,20,0,359269,6,0.17204380642296876,0.03040156005514611,37.6,1
639,46,22,108157,9,0.027816690014008404,0.09691325758724259,38.400000000000006,1
503,42,19,85349,24,0.07512915129151292,0.12312229973727182,37.6,1
573,51,29,288203,27,0.026872189150353634,0.1706781407801657,36.0,1
618,38,13,29800,12,0.0745078670711917,0.08349103754850333,40.0,1
579,38,16,46043,25,0.020381802833518096,0.051942906029831946,42.400000000000006,1
550,25,3,56252,11,0.0890786821782771,0.04934532422588798,40.0,1
620,68,47,1874,2,0.1041275052288793,0.08636679245365546,40.8,1
551,35,14,7030,8,0.038878798291689165,0.06521660038357353,39.2,1
620,18,0,140912,28,0.025329280648429583,0.10324029184921488,40.8,1
614,43,22,7925,14,0.045546706460560256,0.04636566587484871,36.8,1
568,36,11,2929,7,0.0671796029664623,0.045312116494383124,42.400000000000006,1
586,41,15,9411,29,0.09001172027607761,0.041268464356461455,42.400000000000006,1
545,54,31,117616,9,0.04210198035240917,0.039891360397035044,43.2,1
564,38,19,73286,9,0.013329682794226933,0.04892946424852622,52.0,1
619,68,48,20210,11,0.016120888632429314,0.11659045972863921,41.6,1
581,39,13,3363,22,0.03758136247165199,0.07105429215808642,43.2,1
591,45,26,184691,2,0.11825235884630209,0.2212696377452686,39.2,1
556,32,9,3511,22,0.031032699270156887,0.14933111341408845,39.2,1
606,60,37,51002,15,0.029760893642176215,0.018749913646732296,36.8,1
642,39,17,78786,4,0.02501195015396245,0.05403341537025567,36.0,1
628,56,34,70264,15,0.032060523496501646,0.09850137109711257,40.8,1
549,41,16,41995,29,0.019407917867941774,0.2221514378819144,37.6,1
568,39,20,167782,25,0.15488054933002718,0.11624785975223423,48.8,1
517,40,15,23854,25,0.012210137492304535,0.03926505781143992,40.0,1
592,47,25,1962,17,0.08532976997232032,0.22689896674738103,41.6,1
620,40,18,61600,22,0.10033095279568019,0.19006118647200773,36.0,1
464,57,33,248413,11,0.04583642140069553,0.09114745034873278,40.8,1
595,32,6,2958,2,0.08866436619298124,0.06355406871581462,44.8,1
594,38,15,176079,4,0.01968101740852705,0.03820133136768303,41.6,1
634,43,19,4699,24,0.12348095072756542,0.04311464451852552,37.6,1
491,61,38,16358,28,0.11131325382386631,0.06010433221978388,42.400000000000006,1
586,28,5,349805,17,0.1728113749259445,0.29562594862686914,40.0,1
528,50,25,23958,17,0.11316080395316934,0.0933611756574548,40.8,1
624,45,22,47771,12,0.055785335840027345,0.053263383618333535,37.6,1
631,48,27,56598,20,0.028239977607066216,0.026808584314573877,40.8,1
591,40,16,1009,17,0.024294832200947088,0.044619757555538674,38.400000000000006,1
515,37,13,8755,25,0.11450180283176502,0.2152962312595197,40.8,1
546,40,16,19238,21,0.10787773856296197,0.1031351971494761,40.8,1
576,41,19,195947,15,0.13575389018064746,0.20767166787020253,36.8,1
539,29,6,226360,9,0.09828485077446165,0.07567356349846908,36.8,1
478,26,6,424741,27,0.04081632653061224,0.4639470381246411,37.6,1
550,51,28,6937,26,0.020916583190791496,0.02700125918021129,45.6,1
586,57,38,7264,2,0.021587628628209222,0.0644152832594983,45.6,1
611,43,16,282050,17,0.12040504924400056,0.07667675165801409,40.8,1
534,50,28,7291,23,0.051711401132725925,0.055820247463376015,39.2,1
557,52,28,101060,5,0.030834951814621227,0.015989533890326275,48.0,1
527,46,22,10236,9,0.1542939800346447,0.0829450061610896,42.400000000000006,1
600,62,36,95311,23,0.07229374088401293,0.08115073367479181,42.400000000000006,1
523,40,17,115855,9,0.016459232918465835,0.11721572187823665,41.6,1
611,56,35,257870,8,0.0694620380020845,0.052373311386151845,35.2,1
576,47,27,191178,26,0.04493309143488521,0.1059113569549022,40.0,1
642,37,13,27001,14,0.03495474050176966,0.05458624139064422,42.400000000000006,1
589,30,7,14729,28,0.06701358040360451,0.09119156084785227,43.2,1
602,58,38,36177,11,0.04239317243709329,0.08255588912050503,39.2,1
551,34,9,24222,2,0.03530375746224979,0.14814635300526616,45.6,1
640,52,32,213156,7,0.060066152149944874,0.04858922287675102,43.2,1
603,37,13,134469,20,0.0929171668667467,0.11804474372084171,33.6,1
533,45,23,81856,1,0.08284523437930338,0.14729873360039838,42.400000000000006,1
513,50,30,46859,16,0.07011118378024853,0.05997915188670548,43.2,1
571,62,37,4025,17,0.08569133267874676,0.14598886029137623,45.6,1
635,39,17,66916,19,0.06582127603218223,0.08886174770060387,36.8,1
519,48,22,170538,11,0.039031168092967444,0.1358718476289546,40.0,1
636,55,32,820714,9,0.08363435468105902,0.14623221315108653,47.2,1
515,41,20,118688,16,0.04646894729114667,0.09887453474022323,41.6,1
650,52,32,9440,1,0.034163551891570894,0.07591116231759845,40.8,1
588,48,24,6770,13,0.043192413435868826,0.015478774992176736,43.2,1
497,32,9,37653,21,0.035959740725057816,0.15650578687380343,45.6,1
579,34,11,500784,14,0.022755145156802326,0.1705636105580107,39.2,1
616,24,2,3352,22,0.07592052132890897,0.10418181605730034,38.400000000000006,1
523,32,8,8349,28,0.05347121891871341,0.255802453950376,40.0,1
616,38,15,330983,20,0.02219449148765487,0.04023543667888245,37.6,1
565,51,33,61750,29,0.06814791899148151,0.13226088391697266,44.0,1
588,41,19,22558,25,0.1512588317245497,0.06661574743565231,41.6,1
571,38,14,199392,7,0.06168463154550902,0.05125374134344929,36.8,1
631,45,21,40975,24,0.09387790865053636,0.10827570781891391,41.6,1
613,42,18,161687,2,0.06342656451033347,0.07482862660804566,47.2,1
621,47,25,164382,10,0.04254237034599333,0.10131047127154738,33.6,1
584,49,24,1443,24,0.04264867255187776,0.10655259516673679,44.0,1
593,45,24,25019,24,0.04627485606681743,0.03193086045161633,44.8,1
609,62,36,190008,23,0.02710299136719534,0.03196993228417755,36.0,1
634,52,32,44966,23,0.07925803356647247,0.3910681475758748,36.8,1
600,56,34,3482,24,0.11153124091065338,0.06296745354256178,36.8,1
522,41,21,45590,20,0.04177166117464625,0.06109867781283638,40.8,1
545,41,20,9497,21,0.04261893346119013,0.047285224759875205,41.6,1
538,41,22,245744,3,0.05287380926897142,0.07667279712721595,40.8,1
483,44,18,22273,26,0.09978293538153281,0.0629059187107069,39.2,1
625,38,17,345259,12,0.13623655002965346,0.08226907715759825,32.0,1
528,45,21,57674,29,0.048097955592487134,0.05064336599873872,43.2,1
552,32,8,126227,16,0.022709372538724074,0.13662370353275194,36.0,1
565,18,0,432438,18,0.07832927305525078,0.09038528533106963,34.4,1
515,25,4,66175,21,0.022333912780591037,0.038576254048611903,36.8,1
626,34,14,463279,10,0.13730961218482018,0.12353936369072058,39.2,1
612,54,30,200511,19,0.09570099723455962,0.17354972870314483,36.0,1
569,27,4,26960,1,0.10199787208889939,0.055909350103558984,48.8,1
604,46,22,179987,16,0.10384666855010184,0.09196704740076947,38.400000000000006,1
555,18,0,47782,1,0.013364109774838392,0.05814428229227972,42.400000000000006,1
640,52,30,79011,25,0.1393787241765222,0.14846621859221656,39.2,1
637,47,24,365451,11,0.010456878447502113,0.09982547359570039,31.200000000000003,1
573,42,18,59886,19,0.038971627350798996,0.05725666446037274,43.2,1
544,49,26,76184,28,0.04193892937924102,0.058774059469596594,39.2,1
587,55,32,10416,17,0.057329202674058374,0.10831736417674181,43.2,1
554,52,25,20003,16,0.02810871586412679,0.0465886862113536,37.6,1
502,52,27,107553,28,0.01851729601267494,0.05991823749366534,41.6,1
634,46,25,275130,11,0.03165954518080927,0.04921831259667356,32.0,1
623,48,25,8867,3,0.014539310605471138,0.04134254344740368,45.6,1
574,42,19,286886,27,0.11698624830524888,0.11855518786233957,39.2,1
582,36,10,48518,9,0.0608527707621453,0.07104594432363906,40.0,1
617,36,11,173205,10,0.01353983254878005,0.036479833280653844,33.6,1
635,47,23,134263,29,0.06906541069938321,0.13032433051433273,34.4,1
648,45,22,5248,17,0.06956778612706091,0.06362721872098255,44.0,1
580,35,13,9991,12,0.05803320899217641,0.08086869626430675,44.0,1
621,64,41,83930,16,0.01352,0.05591603006550513,35.2,1
606,36,15,6411,26,0.032264736297828334,0.09305720583682478,39.2,1
561,43,24,36874,19,0.055130713142450646,0.0935051418542934,40.8,1
578,51,31,7175,25,0.027224721298650497,0.06504878869133315,39.2,1
590,59,33,51004,11,0.040234537916145334,0.02432226651318261,44.0,1
610,43,22,32705,16,0.06594272210656614,0.08074676359387126,40.8,1
615,44,19,108800,18,0.0802817923151947,0.04499934003410921,46.400000000000006,1
601,43,23,110407,28,0.046990890537109864,0.09113460480181268,39.2,1
633,38,14,650958,29,0.06429224805076009,0.19817940372716827,35.2,1
641,47,23,234016,9,0.08746811058468267,0.19785780904155356,37.6,1
604,32,9,713834,2,0.12873505190420598,0.125566824641725,40.0,1
549,36,14,10137,23,0.09888086131180054,0.09589814496362103,41.6,1
605,43,23,8466,12,0.07143384252084717,0.055382494749679184,44.0,1
607,33,12,35187,5,0.020388771681187894,0.04860434143674928,39.2,1
553,37,14,2603208,11,0.25665992013566,0.4038402885686925,42.400000000000006,1
527,35,12,17450,23,0.03960148270954221,0.027564654464488997,41.6,1
620,43,22,7030,6,0.04024759359746953,0.07643748119172769,42.400000000000006,1
615,51,26,56533,20,0.013526630553902996,0.04409080230486019,38.400000000000006,1
568,26,3,99351,11,0.035412306404353285,0.06449961900111993,46.400000000000006,1
500,45,22,2349,22,0.07550309396287244,0.11117379192510196,43.2,1
569,21,0,17625,28,0.010036768899051177,0.05348659371367747,37.6,1
569,41,18,43525,20,0.07526505141838327,0.1974762982439958,41.6,1
577,42,20,69366,19,0.03806410006449,0.08142079763206424,41.6,1
575,48,25,263551,1,0.0773178241532672,0.07399490568400384,44.0,1
631,60,38,9997,3,0.013273315548825573,0.09086272801314675,40.8,1
535,65,44,217322,18,0.009457825871627055,0.04396064696225615,40.0,1
611,44,18,195997,3,0.04696433433160904,0.10931555872924228,37.6,1
413,25,0,16664,20,0.032788366001264564,0.09611537080482323,40.0,1
497,42,21,2755,17,0.03196136918521245,0.03288575879573743,44.0,1
671,41,16,50326,6,0.05922701746886113,0.10335909871473384,40.0,1
638,40,21,93372,17,0.035669790368885755,0.05980685918849579,33.6,1
624,63,39,3701,10,0.04630404122427299,0.0332640585409979,38.400000000000006,1
534,49,30,50614,12,0.048474557703894396,0.16172648496094705,39.2,1
570,18,0,5641,27,0.01887008536467189,0.03299141447430265,48.0,1
596,57,38,7709,22,0.05434721074263199,0.05998722324048959,40.0,1
587,45,22,21158,13,0.05955550725425202,0.08324907640674976,40.8,1
515,18,0,125283,22,0.02800757739251373,0.09881960867902306,39.2,1
634,39,16,329748,19,0.164885056090706,0.1414437315095556,38.400000000000006,1
579,40,16,134854,22,0.030567503236313527,0.047960611595250634,40.0,1
567,52,32,3719,13,0.08406660349262217,0.04057735792661419,44.0,1
613,47,23,89584,27,0.035055211011949784,0.042061611623325,42.400000000000006,1
582,32,7,97264,21,0.02919836418803043,0.14837709535827104,42.400000000000006,1
572,24,0,25546,29,0.09216911636350941,0.0822831335124239,50.400000000000006,1
595,30,6,17629,16,0.11669505962521294,0.07831781778820739,40.8,1
657,48,25,5280,27,0.15030729491404649,0.05116811179437971,38.400000000000006,1
650,58,35,10441,6,0.03303125757208626,0.03675393470474604,42.400000000000006,1
618,50,27,136221,29,0.04464955845483144,0.1327056636283991,33.6,1
608,38,17,154519,23,0.06586492335839711,0.06443525981408363,33.6,1
603,29,9,293802,7,0.06010197075937827,0.07966668031693991,37.6,1
554,42,19,31880,28,0.055845339434953754,0.15175467330710476,44.0,1
619,55,32,10772,20,0.05690703735881842,0.05570854880918619,36.0,1
544,33,13,25597,16,0.041973806627066484,0.0799933596137241,45.6,1
604,39,16,33748,21,0.03188804771736637,0.1254922858866547,40.8,1
551,37,14,3834,28,0.11237708756048073,0.15163825347091878,40.0,1
557,26,5,1908,25,0.01543100003632533,0.033183394578685535,42.400000000000006,1
529,72,47,49146,17,0.03810260965934578,0.058451154595642714,43.2,1
635,40,17,2482,2,0.05999159487287245,0.027367819421274135,46.400000000000006,1
626,48,26,24019,23,0.032307631692998696,0.12959174185107358,42.400000000000006,1
546,47,23,109762,7,0.023467413232327393,0.08302976390503856,44.0,1
561,45,23,202753,18,0.02558257345491388,0.0845524924410995,36.0,1
565,40,20,380413,26,0.05614735309187994,0.11879780900640914,37.6,1
554,46,25,106525,18,0.062143717382577277,0.030368540125389414,41.6,1
560,37,15,3499,26,0.00888,0.023560576870902697,43.2,1
496,30,8,108285,12,0.019274357381508032,0.038850225037389316,40.8,1
568,38,17,24244,8,0.03271153559170273,0.1068130647061401,43.2,1
587,47,27,3520,12,0.11361089778292564,0.07826495250770776,44.0,1
665,52,31,521117,27,0.023606908468471396,0.043859677283214916,29.6,1
584,34,11,114674,28,0.0687853454634866,0.06725885115189305,36.8,1
494,18,0,982011,4,0.14582010582010582,0.15262541711535374,43.2,1
647,47,26,61787,18,0.09961992398479697,0.07876900588860627,41.6,1
612,40,17,11531,7,0.04938271604938271,0.11175756947756989,42.400000000000006,1
608,56,33,2035,10,0.010091876545239556,0.026801798744464752,43.2,1
672,44,23,73870,2,0.15120659810609918,0.0421122488768398,40.0,1
529,39,18,24088,10,0.037670398348694865,0.059046453901452474,44.0,1
570,36,15,169416,19,0.04219409282700422,0.05519193070915228,36.0,1
569,34,11,281042,14,0.05346886912325286,0.15753286582763856,41.6,1
451,53,30,68906,3,0.037034406616607375,0.07393159290397917,44.0,1
492,40,20,3759,26,0.08568476638732636,0.1431377322329197,40.0,1
518,47,24,1827,18,0.06264315029472975,0.09314686797929327,40.0,1
595,48,27,259755,9,0.0682281482714149,0.3924008573868828,38.400000000000006,1
584,80,56,269993,14,0.06567550096961862,0.06298165506289317,36.8,1
494,40,15,268430,15,0.053483055016930514,0.15234800660981207,36.8,1
560,44,20,29613,24,0.025190471080588046,0.06759657902919523,44.8,1
644,46,24,76191,21,0.07348126591487814,0.14986230283128976,37.6,1
608,30,9,201634,19,0.04091123660331835,0.04143360504047663,35.2,1
679,42,19,150381,1,0.04142509907029972,0.05502789191611283,40.0,1
447,46,21,109059,17,0.03859711589816628,0.10591086836257994,40.0,1
517,24,0,113103,23,0.036172121032294606,0.10172372845239387,43.2,1
498,23,2,33486,25,0.05829119910321232,0.12064300530888987,44.8,1
556,34,15,56430,6,0.014373795973791558,0.03821251396703202,37.6,1
595,46,25,1591,17,0.07694467846110643,0.10520172713333427,43.2,1
588,61,40,16657,11,0.03643754438376962,0.06775391203222213,39.2,1
589,40,18,10610,3,0.022174416680456728,0.06294847062726537,45.6,1
512,40,14,3845,14,0.030578961674368035,0.15498349884979645,43.2,1
632,46,26,19365,4,0.11684941826399933,0.10989127007369062,44.8,1
591,18,0,73876,19,0.08422925458628508,0.07175059003494738,42.400000000000006,1
567,26,2,121540,18,0.09123152374972424,0.0664379389546737,37.6,1
589,34,13,7368,26,0.018811155217314354,0.0729614382860797,41.6,1
669,51,28,70942,14,0.03810190859744353,0.1736006366478699,32.0,1
571,43,21,416006,18,0.028939243898176734,0.1265661186614925,39.2,1
524,44,19,1156,24,0.057132481994795134,0.0914609180354103,40.8,1
607,38,16,100162,5,0.062232515986103416,0.06681530162861257,40.8,1
597,34,15,82471,13,0.09135551836712298,0.043335019275213355,41.6,1
517,30,5,285834,21,0.045168857998214254,0.1920801501807612,36.0,1
649,43,22,16612,26,0.021707310337208983,0.07031458848343042,42.400000000000006,1
540,45,23,30847,17,0.1207873546078139,0.13749057402822076,39.2,1
623,39,17,3415,29,0.03457337675376946,0.03824046801987266,52.8,1
606,19,1,6069,16,0.10478036423650425,0.04082711786586838,36.8,1
563,44,18,2645,11,0.01677344205008736,0.059246495851523355,44.8,1
593,55,34,192764,29,0.08082423496847609,0.04081444497734694,35.2,1
567,18,0,52687,9,0.03460623787004893,0.07839838605239616,41.6,1
581,18,0,115557,16,0.03375315348405618,0.04451608372914707,36.0,1
561,39,19,65032,26,0.053362613230853694,0.0333209749359561,36.0,1
526,47,22,9663,28,0.047101960231279084,0.16176663852046738,46.400000000000006,1
614,54,35,8009,21,0.02947827706387847,0.019866997147713585,41.6,1
670,61,40,2937,29,0.08002041988386191,0.06462520148685491,38.400000000000006,1
560,48,26,90310,6,0.058265283601853894,0.13602037217484222,47.2,1
425,42,18,98531,21,0.07789538588017675,0.08471825701848132,38.400000000000006,1
588,34,11,705839,7,0.02687721058138831,0.031151695692160395,40.8,1
533,57,33,559136,24,0.022697420270057268,0.23727771887871174,47.2,1
651,53,26,8849,10,0.09031144166279301,0.0818819836679058,34.4,1
580,31,12,24423,27,0.0740009866798224,0.036368229492961195,40.8,1
547,35,10,5563,25,0.033616333826006255,0.04183473697885594,38.400000000000006,1
414,29,6,211733,5,0.04722802195969608,0.0682346517880797,40.8,1
627,58,34,3676,19,0.0566356720202874,0.2765747547861145,37.6,1
658,48,23,125711,7,0.04416850365037313,0.039755364197941304,39.2,1
514,31,8,495968,16,0.08407228355006334,0.05945537697476908,42.400000000000006,1
639,34,12,2425,4,0.08617367849511332,0.09823788584041149,38.400000000000006,1
638,52,29,140772,1,0.026623572269851268,0.16619526085463968,40.0,1
602,32,12,17790,20,0.046682038731946075,0.2298231057228338,40.8,1
629,40,22,26551,18,0.060219458668617415,0.0665495918141804,40.0,1
614,37,13,7286,16,0.04175022991434998,0.10538158070312029,42.400000000000006,1
607,31,11,203738,23,0.05484161909892678,0.04238483740628574,35.2,1
583,49,27,127198,16,0.02963092327395506,0.06817223762584831,39.2,1
604,40,20,30064,19,0.0763123124606399,0.12662726455164414,37.6,1
547,37,12,10347,17,0.019339089767188327,0.06781875006302712,40.0,1
604,47,24,8968,15,0.04499816945316573,0.05376806350783579,44.0,1
505,44,23,8135,11,0.02392746985699598,0.06251854643753144,41.6,1
503,35,14,612330,21,0.07792006208769887,0.1757631747913839,37.6,1
469,40,18,53189,11,0.05185731161842066,0.06306090954012143,39.2,1
593,31,9,146774,21,0.07913087917703886,0.06328319522752666,43.2,1
547,30,4,61774,27,0.050849519484205824,0.13777081348303816,40.0,1
565,60,38,4623,15,0.04002561639449247,0.17554072931489664,40.8,1
651,51,31,32898,21,0.03559106591610677,0.1422789703765889,36.8,1
646,40,19,16535,6,0.06351721842760019,0.23696916608206017,40.0,1
556,40,16,10814,7,0.022622983764851116,0.07347501446779174,44.0,1
541,60,38,69696,13,0.10245435698522036,0.11519889586121441,39.2,1
598,40,14,32008,19,0.04501969611705121,0.06800644857311863,44.0,1
550,34,11,86320,27,0.04734799482535576,0.09034714744803087,42.400000000000006,1
638,55,33,81760,25,0.06738503566550312,0.03801080316736218,43.2,1
586,34,8,12449,5,0.0696008543817454,0.03928173570172097,46.400000000000006,1
560,37,16,10781,15,0.0427664893276072,0.1399296809585265,42.400000000000006,1
627,51,27,94222,24,0.03770529724728198,0.12816757402752854,35.2,1
623,44,19,78908,19,0.06163505068903114,0.0417088619861584,34.4,1
488,50,29,345605,12,0.04741692942032501,0.13636043841017761,39.2,1
497,49,27,10879,26,0.1796962879640045,0.08725133607994304,40.0,1
597,23,1,8960,22,0.047831406132838705,0.1021487917916993,40.0,1
574,50,27,78862,19,0.010364129325675639,0.028469192913855277,39.2,1
635,32,9,219949,26,0.09580803362914526,0.058647267450403495,36.8,1
589,38,16,343955,14,0.10504376823676533,0.25510232293747326,39.2,1
667,62,39,15630,23,0.05883261272390364,0.11525025873378063,37.6,1
517,43,20,51970,14,0.09937065253395164,0.06499622680895176,41.6,1
550,25,3,24488,5,0.11101126480310664,0.032601873032493775,41.6,1
576,31,11,195098,1,0.06176038853953353,0.1762562992415228,48.0,1
552,42,20,16704,27,0.038981627238189535,0.10722174253404206,40.8,1
643,51,30,153986,29,0.030468638619406786,0.023559321416320108,40.8,1
594,25,4,321801,20,0.10246639636604436,0.17741850713416432,34.4,1
576,22,0,39511,25,0.05882143998863354,0.11255535623073563,39.2,1
570,53,35,67759,18,0.038985290982732894,0.06159842216656957,36.8,1
607,42,19,34626,16,0.025910535321437302,0.05593566384328846,40.8,1
567,29,7,49701,9,0.1092593784183772,0.14724107706879996,41.6,1
625,62,40,6146,16,0.05296240129686764,0.09108532055315131,43.2,1
620,31,11,375879,5,0.1943485681775081,0.12931789861346443,44.0,1
577,35,11,22232,29,0.05655503693297684,0.11460338615883565,46.400000000000006,1
562,49,26,145828,11,0.017564477873458835,0.11218928834313015,35.2,1
558,30,9,11266,8,0.04683274726363231,0.08307668324913656,40.8,1
660,63,39,62346,23,0.0466650954513316,0.07056945297518452,39.2,1
583,49,25,354369,29,0.04372298723489798,0.07404598154596664,51.2,1
602,42,21,40077,3,0.04505978602894902,0.07511408544575514,48.0,1
586,50,30,30010,10,0.034518632870368146,0.020779941273863678,41.6,1
646,48,27,62192,17,0.07322042269462681,0.20327230260104434,41.6,1
641,32,12,45196,15,0.01805869074492099,0.00988797084632639,41.6,1
522,30,7,63666,18,0.035566634241245135,0.12337698530024581,47.2,1
600,39,13,56685,2,0.0381201044386423,0.058300340146571684,46.400000000000006,1
607,49,25,1608,15,0.03808455219394911,0.09846769563362162,36.0,1
649,46,22,16668,29,0.022917398945518454,0.1327848804164692,40.8,1
548,22,1,31598,21,0.03114721084782171,0.10288874439955008,45.6,1
611,41,19,26010,14,0.037435698877150286,0.08253048634486243,37.6,1
557,31,12,159416,14,0.1377762954428307,0.2020103306457594,38.400000000000006,1
441,39,20,96556,14,0.041296006332054304,0.10081087640037248,43.2,1
584,28,2,171758,9,0.03988771106548791,0.12906797631216782,38.400000000000006,1
625,35,12,2890,27,0.022169167803547066,0.09826807363182097,39.2,1
588,28,5,42084,28,0.049860637968411274,0.04616332784496263,43.2,1
533,64,43,21474,23,0.017386363636363637,0.1835045095173413,39.2,1
594,30,7,11426,15,0.02619685160233998,0.07395430531102806,45.6,1
612,36,14,11877,29,0.07794708362380905,0.06255103208649196,36.8,1
656,43,22,100325,26,0.08911066942952595,0.060141454474883095,32.0,1
627,28,7,154288,27,0.06080204321229223,0.11009319990756501,36.8,1
530,47,27,282865,9,0.08451569943143984,0.10755135971927288,36.0,1
564,40,18,552633,12,0.10195356891606688,0.18246178367501661,33.6,1
483,41,17,80839,10,0.14127765571208684,0.25896967648860836,40.0,1
518,38,16,44328,18,0.016063005510149157,0.16455555307219208,37.6,1
554,37,16,161672,14,0.061868887035518086,0.05659083311947246,34.4,1
652,45,21,279360,6,0.07121025073432379,0.058740924836922496,44.8,1
542,45,22,60348,5,0.03978016226118817,0.05441565255582224,38.400000000000006,1
611,31,12,3735,22,0.09095831077422847,0.09098813683614154,43.2,1
620,45,22,15573,14,0.026118387811419022,0.15500566757648612,40.0,1
567,42,19,207842,3,0.09715676252679953,0.09296237059613423,40.8,1
591,39,18,3991,21,0.03218112562742515,0.05266658013062795,39.2,1
615,28,3,27145,20,0.033250413859650677,0.15449820281559754,43.2,1
636,79,58,11366,6,0.013372930485657887,0.039496418301059114,44.8,1
530,34,7,68715,16,0.040468280600162346,0.09503120152102844,45.6,1
635,48,27,5752,12,0.03759713545634619,0.1210384519088295,37.6,1
578,58,37,20790,14,0.009376385867843642,0.017342519175372974,44.0,1
631,45,24,148113,10,0.05505017245035773,0.10940168379511694,39.2,1
535,37,14,2423,7,0.10954301075268817,0.06508942966505946,47.2,1
627,33,7,21128,9,0.04945415782310335,0.09413970889003212,36.8,1
578,24,0,53678,29,0.04328933344264983,0.06189322795481291,36.8,1
541,47,27,23954,4,0.06005444187721579,0.050307691925756945,44.8,1
620,56,35,59861,24,0.0882435282480076,0.05639903509990453,41.6,1
621,48,28,5207,23,0.05903870070963495,0.07701848944755335,42.400000000000006,1
552,35,15,95014,26,0.008679287058563046,0.05203663561129696,47.2,1
606,40,14,31466,4,0.04720541249330518,0.04647324938734875,44.0,1
611,18,0,111392,26,0.05871222021264362,0.09846130247636418,34.4,1
550,31,9,74378,18,0.05724014171996503,0.17074347060100573,41.6,1
580,37,13,445776,27,0.08566153846153847,0.34031143428955285,40.8,1
542,39,17,2492,11,0.0674287724234963,0.030675613803334136,43.2,1
620,46,23,61649,7,0.030096569701996565,0.06073883613818674,38.400000000000006,1
598,58,34,86387,11,0.03165954702990247,0.011842790948443014,44.8,1
568,46,24,71913,15,0.051773661627205994,0.07552688536135418,40.0,1
589,32,9,5138,24,0.0905528386825145,0.10692011797362214,44.0,1
530,30,11,165718,27,0.0422339933876071,0.025556807088419144,35.2,1
624,45,21,229596,26,0.0478401508731305,0.057551220650203704,34.4,1
638,36,14,8159,20,0.05775171531699492,0.09015732838168916,40.8,1
616,59,39,218603,9,0.06232245846604115,0.04390571703315173,36.0,1
553,31,8,189209,3,0.018723977366981746,0.18191814789198546,38.400000000000006,1
673,56,28,2660,19,0.0264684139986898,0.13245084361633744,38.400000000000006,1
556,41,21,66617,6,0.02098864734429911,0.03763416870061986,43.2,1
629,29,8,38771,7,0.017596907210247897,0.07126836587591967,38.400000000000006,1
613,57,37,80820,7,0.021748864581334355,0.059016934564708794,43.2,1
662,56,35,561963,22,0.11673741661613099,0.23576691615722087,28.8,1
616,41,16,72904,29,0.03400583682273823,0.10785410447249355,45.6,1
556,31,10,262643,5,0.019011452828135017,0.10710529839943725,44.0,1
562,47,22,3994,5,0.040823900538133236,0.06071795942403429,41.6,1
555,42,18,12543,2,0.01729856352097845,0.04835520054794668,47.2,1
644,48,25,58979,1,0.061525681130826446,0.07868222630895358,45.6,1
636,43,24,28164,27,0.049650216403081364,0.12477800918344277,44.0,1
538,22,0,72805,26,0.05402838199813827,0.18677458485271933,43.2,1
589,55,33,9724,21,0.10685027573236429,0.07702387974898153,41.6,1
565,50,26,111257,29,0.05330398207476709,0.13240679916810374,42.400000000000006,1
601,53,32,193348,22,0.028120224146714213,0.07275450719805865,40.8,1
640,49,26,7831,20,0.07178507462686567,0.09757440274595354,36.0,1
466,30,8,122185,19,0.11109126049601273,0.10346023217105337,37.6,1
542,30,8,9526,9,0.07831845666570689,0.09622730858962285,48.0,1
578,24,4,39939,26,0.041147028731023425,0.10225892853914045,47.2,1
587,43,22,22134,11,0.09362611104071251,0.06433160379221166,46.400000000000006,1
621,45,25,30506,13,0.024053741693152268,0.06630202179483372,36.8,1
634,47,25,7973,11,0.03159090909090909,0.019885581791385464,43.2,1
572,44,19,102131,17,0.0660681460958521,0.13235011483663428,41.6,1
611,56,32,21205,13,0.02957537468216018,0.054729263359724244,39.2,1
578,57,33,37141,14,0.01690289059160117,0.029033161177378086,44.0,1
580,42,20,34841,28,0.03252806827963882,0.08977226160231926,46.400000000000006,1
498,41,18,197469,28,0.02593762806869109,0.08833011036456744,42.400000000000006,1
452,43,21,57323,3,0.027974125297361405,0.15737847939197847,39.2,1
611,37,13,3569,29,0.08390568049391288,0.10512012189731813,42.400000000000006,1
604,46,22,67907,3,0.05808856418667064,0.04643083165134791,41.6,1
576,30,12,1929,7,0.022034956024369546,0.04248787292506879,48.8,1
548,49,25,7182,3,0.10207154040708179,0.09604114409514612,44.0,1
622,53,32,37993,28,0.019585132146993787,0.017433274693893917,35.2,1
581,33,9,6374,28,0.04595883137130849,0.03704057507936034,43.2,1
625,42,19,10987,8,0.027689596822688685,0.17771460289514568,44.0,1
503,44,21,2687,25,0.030853787330041522,0.04620679767698933,38.400000000000006,1
615,56,31,12254,27,0.016568328843061107,0.01962430833173285,36.0,1
544,18,0,6713,9,0.024154347667119526,0.017931769238909125,40.8,1
656,54,36,18019,13,0.05570136433637724,0.04853696193762562,36.0,1
501,47,26,83779,12,0.0616038831148848,0.03375003468781651,39.2,1
565,41,20,101766,27,0.05877368111112707,0.08688723845293744,36.0,1
473,31,11,5308,9,0.03763659642889045,0.03564122897610347,41.6,1
623,42,19,88680,26,0.23974923218187,0.09328135910394292,39.2,1
624,49,28,2967,1,0.07364301011742116,0.08302773666539834,39.2,1
601,55,32,32022,16,0.07547467107854723,0.059890640467405006,42.400000000000006,1
628,61,35,7933,3,0.057285567141224444,0.045080125364528385,44.8,1
564,30,7,2270,12,0.02166381433401511,0.19039307087050406,44.8,1
585,53,30,480119,28,0.06765523632993513,0.28154714851930757,38.400000000000006,1
646,51,26,3886,24,0.09674243700832794,0.10237909211508686,38.400000000000006,1
560,60,34,2373,26,0.03311957139378196,0.1463333857532644,40.8,1
648,54,30,2796,19,0.1562155348983772,0.06894737172358839,44.8,1
626,43,19,9524,9,0.04987560715555029,0.08711775989060154,42.400000000000006,1
603,36,12,10691,21,0.050320615280467856,0.050603894773126754,40.8,1
492,41,18,110623,26,0.18405615924608137,0.16940224502398882,42.400000000000006,1
604,38,14,7300,23,0.0592633041299617,0.1009784956180303,36.8,1
675,42,22,42604,20,0.05321766693080869,0.08000489682366836,37.6,1
595,51,28,588297,4,0.11502226033876073,0.10667471696841134,35.2,1
674,66,45,79996,22,0.02614264409158698,0.04136149771700004,33.6,1
626,46,25,2334,9,0.06419911028406942,0.06876936103374058,37.6,1
601,26,6,1720,27,0.025385227858179944,0.11583918588144687,41.6,1
530,28,9,129505,17,0.09981943608500393,0.040312674326110805,37.6,1
586,24,5,141298,10,0.030797600828873704,0.04831463391555461,48.0,1
584,37,14,72405,22,0.06459948320413436,0.0397686846564732,44.0,1
626,29,6,183917,5,0.05562991740393718,0.020525830289967864,36.8,1
561,23,5,15014,27,0.02073739072884207,0.03561096086621627,45.6,1
621,55,30,4698,14,0.02835490024230551,0.02116583185110614,41.6,1
540,38,13,1590,20,0.05470136903866406,0.0337206076338874,40.8,1
546,35,11,26553,6,0.03161807865388378,0.09808981730860937,40.8,1
500,27,3,30702,14,0.04000642673521851,0.14358076634829095,42.400000000000006,1
648,45,23,56782,4,0.022786559314147126,0.0320921117737134,36.0,1
560,52,32,179652,14,0.07178398773729514,0.02803204473550611,41.6,1
630,52,29,7111,19,0.04869019236180011,0.09426949869077707,37.6,1
433,18,0,33159,10,0.04304863615094547,0.08820699763674807,40.8,1
543,41,18,47055,23,0.08618792726193861,0.07560444823111724,49.6,1
596,72,46,59849,25,0.06810199690040028,0.09137478859994203,40.0,1
600,26,5,6837,19,0.019914274951385143,0.07927497567951929,40.8,1
603,36,12,52026,15,0.11144512553530944,0.04324718062344431,37.6,1
487,31,8,97609,5,0.056279907628578,0.044897084325284956,43.2,1
515,26,3,215560,24,0.18850494574927013,0.17424995303328103,42.400000000000006,1
530,33,11,73403,3,0.0411598988875933,0.07263947290842625,39.2,1
569,45,22,56104,10,0.01295532729889965,0.048829127230085506,36.0,1
606,33,11,146065,24,0.07022162448313851,0.26086611880643384,36.0,1
639,33,12,113207,3,0.05647898139661622,0.053367787169522854,39.2,1
577,51,30,77426,28,0.18824599295214278,0.042161174983681354,41.6,1
629,44,22,79361,15,0.051240992794235385,0.13175772320750076,37.6,1
539,36,13,47569,16,0.037826812534767294,0.08569617439005231,45.6,1
532,55,32,34270,12,0.02417395011724579,0.027842599628411364,42.400000000000006,1
555,41,17,162078,26,0.039403055506400046,0.14117898075188826,38.400000000000006,1
618,34,13,45287,3,0.04084596107454856,0.02815208361441674,37.6,1
603,30,9,379302,15,0.07984413483806933,0.0675770723434835,33.6,1
488,43,20,41113,10,0.058707344495426785,0.1331142968868534,40.0,1
601,43,20,103014,27,0.058995340126195624,0.06552281597085023,32.800000000000004,1
614,40,20,58931,11,0.07383470660481976,0.20178244404555265,35.2,1
627,45,23,149523,24,0.05541450491224197,0.06917763484518633,34.4,1
661,44,24,127905,19,0.11200393938715669,0.1728875659046501,32.800000000000004,1
606,61,38,5018,8,0.05375353751862953,0.04904047126559201,43.2,1
493,39,13,29534,27,0.0458093091222148,0.2889581459304501,42.400000000000006,1
510,35,11,488197,12,0.053454168426711725,0.11538821505067441,45.6,1
581,47,25,160839,4,0.05802849807794183,0.09743960763809976,41.6,1
509,22,2,131004,23,0.11145996860282574,0.15371531852373158,41.6,1
604,39,17,26626,13,0.07766990291262135,0.06121974546840733,38.400000000000006,1
568,28,3,5555,23,0.05410880031077875,0.04440623003363553,37.6,1
604,46,24,10320,27,0.06278055869530115,0.06895919825290729,38.400000000000006,1
488,41,19,19185,25,0.071889071829561,0.39756857647863186,44.0,1
634,32,12,87699,8,0.030077315680428523,0.06603564399786202,36.8,1
527,40,18,64552,28,0.05503511354900913,0.09007530024672189,39.2,1
607,44,22,24655,21,0.036096887823655444,0.029629751547212195,44.8,1
494,42,21,4145,20,0.04527533355962297,0.04206250035897691,39.2,1
675,49,25,8559,29,0.09263357571925387,0.0714351512612898,39.2,1
652,57,37,9435,13,0.02949459777766399,0.0723619606788798,34.4,1
622,44,18,8104,29,0.06281384743687562,0.1272463276981565,36.8,1
640,42,22,2049,25,0.03830470321235493,0.10837507193477677,39.2,1
586,48,28,162503,28,0.035982139615929144,0.27955297064546264,42.400000000000006,1
652,58,35,60997,26,0.03875254882883256,0.024889811075424165,32.0,1
626,52,25,143776,12,0.016845474051714732,0.14894099416720136,37.6,1
539,40,21,33729,12,0.06880547381516304,0.06469549670963541,41.6,1
508,49,25,34015,13,0.08598351001177856,0.0506049897208012,40.0,1
611,41,20,63280,18,0.091683038637852,0.1121936424283638,36.8,1
601,33,9,99032,5,0.029442728498716667,0.08684951094852852,39.2,1
594,40,20,177899,9,0.09053273090259537,0.14558084102090774,44.8,1
603,45,23,1544,23,0.11002039532622991,0.1963330139973656,39.2,1
570,34,13,87354,14,0.07698664917228276,0.024506455749685397,36.8,1
582,37,14,78932,25,0.04973869165615426,0.120637358087215,38.400000000000006,1
625,39,15,109303,7,0.030436791553200483,0.4037826857271219,37.6,1
628,54,34,10115,15,0.026147174940133324,0.039628729362538924,37.6,1
593,42,20,186789,17,0.08859636571755616,0.06538847327067653,38.400000000000006,1
636,41,17,131199,12,0.07846486900431499,0.159109154330825,35.2,1
566,30,10,844909,29,0.3493028950590466,0.2775487147912313,38.400000000000006,1
596,36,13,52012,11,0.0860973677523505,0.09345579243361013,41.6,1
581,45,22,50247,22,0.03422267252054486,0.05581228470377335,51.2,1
615,50,29,8237,3,0.032979347884092,0.08970860204224657,41.6,1
607,51,28,112118,24,0.17389628658971343,0.0452665614942922,35.2,1
579,40,18,12035,13,0.012845512934149702,0.0804349653444371,44.0,1
604,18,0,41853,28,0.157501806213374,0.13435702709852515,45.6,1
576,38,15,73417,1,0.04820138589499585,0.1751256720339156,46.400000000000006,1
633,31,9,9591,13,0.023907275520178746,0.06374348343279629,36.8,1
666,54,29,5599,13,0.06596908237523146,0.15666824312336453,38.400000000000006,1
605,33,10,32362,15,0.03911111111111111,0.23849026159438086,38.400000000000006,1
593,29,7,75794,16,0.10127566894835097,0.10831392279731886,40.8,1
594,36,13,14906,24,0.0601432338861878,0.19464802341276966,43.2,1
601,39,13,39068,27,0.06359154929577465,0.04237928240284918,36.8,1
490,57,35,195864,26,0.052749373467172365,0.1676740300759753,41.6,1
608,32,7,54565,15,0.0565350816013391,0.0416830698403402,36.0,1
576,25,4,285779,12,0.0538089326881666,0.16800672772547923,44.0,1
526,38,16,19506,23,0.03258036490008688,0.010829103773784177,40.0,1
615,47,26,6123,18,0.06289021555849246,0.13077195319813714,36.8,1
660,55,31,9144,13,0.035437040831025814,0.03528541293402255,38.400000000000006,1
637,62,37,28542,15,0.02203734105011269,0.08257798677904668,45.6,1
578,37,15,5011,19,0.06284722984694438,0.09589820934669817,41.6,1
536,29,6,41205,26,0.07893735734212529,0.046155870765958895,47.2,1
623,48,27,67980,23,0.030839334391146913,0.024627573627563695,38.400000000000006,1
609,47,25,140187,21,0.04402310630764931,0.18130343901162133,38.400000000000006,1
581,57,38,302407,10,0.0698286302952682,0.12752759930914034,41.6,1
674,47,27,667196,8,0.055237218456849896,0.047879085132230534,28.8,1
646,30,8,39862,19,0.21059920106524635,0.08210270810765226,44.8,1
591,43,22,258251,13,0.029830806564806748,0.06279726485171222,36.0,1
535,52,30,370792,25,0.05208933428008736,0.11308862950428128,36.8,1
594,52,26,12969,11,0.120634588198335,0.10916338042208559,47.2,1
549,33,10,7333,27,0.024378290357769592,0.09746016860271338,43.2,1
597,37,11,9546,27,0.03590135024873003,0.06490935729648308,40.8,1
611,63,41,1595777,20,0.12436895300177875,0.09304485776623464,34.4,1
530,50,26,152110,21,0.07032686790417106,0.05779794129532785,35.2,1
573,23,1,9568,4,0.15431427351957155,0.09569827767258675,43.2,1
620,31,10,321504,15,0.05970495319247602,0.12239544860761585,36.8,1
607,52,31,15621,14,0.018038265641190293,0.051804789044362864,36.0,1
479,51,27,33185,11,0.11832131632464411,0.09084767566049791,42.400000000000006,1
644,61,39,4604,13,0.06537821873028618,0.06339632634090876,40.8,1
626,44,23,95537,18,0.041646649548579474,0.08995567575003016,34.4,1
628,40,18,5023,20,0.028978853517221112,0.04444059556512623,39.2,1
596,47,24,8829,13,0.04032094545665209,0.040019508438760086,44.0,1
593,38,12,1361,19,0.03828283052844535,0.04604416695186569,44.8,1
624,32,11,3072,4,0.028078488406188058,0.10884200009537272,43.2,1
479,28,4,7675,9,0.039102932719954,0.07478076268811859,45.6,1
557,23,1,69023,29,0.10060081039541707,0.15274905445623066,37.6,1
599,32,8,49356,3,0.058358421278988985,0.0675330495355418,45.6,1
503,39,14,877913,11,0.062459437709301416,0.07348140248907853,32.800000000000004,1
611,30,7,42111,11,0.0913474786442546,0.1334039655683522,40.8,1
538,21,1,8068,24,0.026288328507356445,0.10268672723112812,38.400000000000006,1
623,18,0,2997,19,0.20302533260433753,0.07401269718547374,36.8,1
578,36,13,5611,6,0.04137854936001177,0.04473659139518041,40.8,1
534,40,16,33494,5,0.017551284604660426,0.05849720582161917,43.2,1
610,36,13,356444,25,0.0402872757446565,0.08091685118113068,31.200000000000003,1
507,51,27,389795,19,0.10128230815467842,0.21738496515090786,39.2,1
594,51,31,40632,28,0.03331702046215494,0.08248093757562255,44.8,1
617,18,0,6072,11,0.08638147481624422,0.0985139026839053,37.6,1
586,48,25,9392,24,0.1467093001385018,0.1238285683511267,38.400000000000006,1
607,27,4,96820,3,0.04948209104057926,0.033261491854888726,41.6,1
658,41,21,34076,23,0.07551969125515305,0.22138835588201294,36.8,1
557,51,28,269660,23,0.028388169616343984,0.11909711127068189,36.8,1
631,36,15,2090,14,0.1631573378478468,0.11007871435749463,38.400000000000006,1
523,55,35,248970,27,0.0823504946377113,0.14782501950172217,36.8,1
589,47,28,10869,24,0.06178457095631193,0.12429137726077896,42.400000000000006,1
652,40,19,15754,2,0.019988458108179005,0.03099334849197796,37.6,1
584,55,31,122666,1,0.03846702526706219,0.08515317021982126,43.2,1
553,46,22,23136,10,0.0764225646062243,0.05749355570942716,43.2,1
560,49,28,9109,13,0.022481307395078868,0.13751951981024757,40.8,1
528,47,25,59811,29,0.0441954928176403,0.059510540273679406,38.400000000000006,1
605,48,26,27684,5,0.14717113923390723,0.04610834574864259,44.0,1
510,30,6,10207,27,0.04369871043376319,0.06663249259183736,40.0,1
666,59,36,72339,14,0.023280891952783503,0.02931528396538693,33.6,1
598,51,29,157671,28,0.06964974577370911,0.061743179368888935,40.8,1
639,42,18,104791,17,0.0270560092386373,0.03894410580131181,38.400000000000006,1
565,29,8,28836,28,0.030428637599914484,0.04442261450709526,53.6,1
636,41,17,28599,10,0.03217807097685125,0.06627845561881467,39.2,1
578,52,29,66007,23,0.016171000254612523,0.039543196369862574,36.0,1
648,41,19,39656,17,0.08307055577453686,0.16452232495289937,40.0,1
665,63,41,35633,23,0.065362768963877,0.06423507565729383,40.0,1
594,61,36,6366,9,0.10373162127221333,0.06278659099655146,40.8,1
647,58,33,61213,11,0.020857071126474964,0.030181917307141662,34.4,1
567,51,32,585569,29,0.02838597354427266,0.32387140484003957,40.0,1
505,23,1,7373,28,0.05554868460573509,0.2162539574535969,42.400000000000006,1
622,28,4,8385,8,0.024848330729828894,0.0305150558267122,40.8,1
582,42,20,4209,11,0.035788630904723784,0.25662706078416814,44.8,1
606,61,39,4163,2,0.04035228182546037,0.12958416235177242,41.6,1
549,44,21,451785,2,0.2507193303688203,0.06358700390770548,44.8,1
618,40,16,9877,21,0.06646500981033356,0.1464597886978639,44.0,1
537,36,10,191133,4,0.0234365208672766,0.06551216933103371,37.6,1
530,50,29,3992,22,0.08416622830089426,0.08062616579453433,46.400000000000006,1
579,35,13,33978,18,0.12073894044905618,0.09161501880588177,44.0,1
647,53,27,556881,28,0.09741566701553821,0.08622613244430509,36.8,1
541,35,10,357376,29,0.12877325716050336,0.18250229003297858,39.2,1
605,29,7,3420,2,0.05236131709115224,0.025391288422853146,40.0,1
660,58,32,26464,9,0.04494494808494621,0.09986141067519942,40.8,1
644,50,28,51316,23,0.051525121284782247,0.2485537920974288,36.8,1
564,53,32,104071,12,0.039090875051484626,0.10491639832268829,36.8,1
664,48,29,9606,6,0.039694771266398525,0.034258549096551204,41.6,1
411,25,5,3761,20,0.03687586918487282,0.05979089556470478,40.0,1
589,41,17,376859,27,0.09742068841556574,0.11487144262597976,36.0,1
629,32,10,380684,29,0.0416860025722279,0.11634580488514293,39.2,1
554,55,31,39767,28,0.055439248887595716,0.020963941751105178,37.6,1
609,48,26,158187,9,0.061527916908314446,0.12015453168191625,35.2,1
633,46,22,194152,26,0.05524657881983707,0.04388502121802428,40.0,1
605,35,13,4516,12,0.022507292899949956,0.04540094704524284,36.0,1
645,33,15,154270,21,0.09207634470792365,0.143640224653072,35.2,1
493,26,5,25237,20,0.01034741443981685,0.08612068832515948,44.8,1
609,33,10,6291,13,0.014342021614748887,0.05471226347086559,40.0,1
549,24,4,29093,12,0.04962680245941664,0.09803464033017369,38.400000000000006,1
569,35,12,366055,4,0.03055717014033048,0.03911044708562356,43.2,1
592,51,30,69050,8,0.11693212058624936,0.12327086919610082,48.0,1
591,28,3,63358,25,0.16160055411993499,0.05622799873044921,44.0,1
546,34,11,75242,24,0.016799520013713893,0.062410634629708035,39.2,1
604,48,23,26728,13,0.06888590771534646,0.11316868846732726,39.2,1
545,39,16,33253,4,0.08196312016264223,0.108522215359761,46.400000000000006,1
540,44,21,51447,29,0.05351140286344858,0.06027324780625177,36.8,1
603,28,7,71758,14,0.08569650020749758,0.10492211402139766,36.8,1
596,75,49,89059,16,0.02988311170491826,0.06049032627258033,36.8,1
444,39,19,192664,28,0.027741549071083522,0.04266947430507056,38.400000000000006,1
548,33,9,120887,2,0.08813672922252011,0.11827560168561022,41.6,1
636,56,30,78203,15,0.030243917664133334,0.1316496992607231,44.8,1
669,57,39,3840,27,0.05691900476442562,0.2307716306901921,40.8,1
619,33,13,6345,12,0.09078491121151623,0.12368059271074586,40.0,1
594,22,0,9119,7,0.02104785291265141,0.04868251719557698,55.2,1
631,67,45,1395,12,0.02876,0.03478878351265954,37.6,1
626,41,17,3961,17,0.0166,0.02512566781770986,45.6,1
517,41,19,3398,24,0.06306902830657175,0.1903932108703052,45.6,1
632,44,23,139702,29,0.13849349849965376,0.23652620050618603,40.8,1
654,59,35,29582,28,0.09299403078856425,0.23424861457160806,39.2,1
561,36,12,8538,19,0.07981883474355451,0.062348369956066345,38.400000000000006,1
650,55,32,6385,4,0.022555327247616802,0.033870278990356995,35.2,1
621,47,23,3386,2,0.08298080052066384,0.07613768583635296,44.0,1
649,42,22,171686,24,0.029198701046379307,0.1105532977821434,36.0,1
643,49,25,274990,16,0.07039588221936265,0.10068605496295305,35.2,1
556,37,13,102133,20,0.03341804691379663,0.06203809065821407,35.2,1
652,69,45,47763,19,0.10118399325440046,0.07724873646586973,36.0,1
606,40,18,465001,13,0.058600029226947244,0.09647200356801132,33.6,1
568,40,19,87656,17,0.012399616775598034,0.16368995241392653,36.8,1
507,32,7,75166,14,0.044720973752819054,0.10038627323255263,42.400000000000006,1
592,40,14,32628,24,0.07699215426788922,0.05587598683335204,42.400000000000006,1
581,34,9,314168,15,0.0715100444609977,0.1686818931707095,36.8,1
556,51,29,379967,1,0.03599160195954277,0.06885113422882286,47.2,1
590,39,16,104814,12,0.04386364432610448,0.0613034485330282,41.6,1
555,18,0,373360,15,0.11142166848263774,0.11688102075180527,38.400000000000006,1
578,34,11,78399,19,0.06850668831398016,0.07146009821445336,37.6,1
663,65,42,333097,12,0.09635469700055276,0.06375780927373453,33.6,1
600,29,6,55901,20,0.049953436394114356,0.03837707502581411,35.2,1
579,57,33,83647,26,0.034988886523734324,0.09160289300074949,42.400000000000006,1
579,52,29,13366,10,0.05988576703398142,0.07765863551523257,40.8,1
566,46,27,577452,4,0.10745644599303136,0.23506010138883673,43.2,1
544,53,29,469604,26,0.042138637222462874,0.0799496353051257,41.6,1
611,41,20,75208,27,0.022278915860466292,0.11966499620722604,36.8,1
567,35,16,22226,20,0.02156656129258869,0.050109863190830044,39.2,1
621,54,28,2604,8,0.0425081027175268,0.14329549202005767,37.6,1
523,44,24,1539,17,0.07776151430317328,0.1128081642325005,43.2,1
649,47,29,24251,14,0.014999245004446084,0.03247931863638132,40.0,1
630,31,13,39970,26,0.08807366338568254,0.10646742458794002,40.0,1
608,46,23,1959,24,0.0817808678891346,0.03992460355297803,42.400000000000006,1
479,43,19,87663,26,0.05173746220697696,0.16214963147312275,45.6,1
568,33,10,110249,26,0.0717408074055027,0.13137761934513043,39.2,1
480,49,27,47701,15,0.07045924328210659,0.1455112528602317,39.2,1
598,52,31,10695,24,0.03834791500965799,0.07478618877633235,44.0,1
638,38,17,7525,23,0.04038896936996331,0.03139583888314598,37.6,1
531,32,8,400304,24,0.0661529070654662,0.21496753257674225,37.6,1
633,47,27,2190,13,0.024395532906863276,0.15249948393349091,42.400000000000006,1
652,40,18,11129,10,0.07233178274258009,0.07353077416529244,36.8,1
486,46,25,7546,20,0.05338532435306628,0.09390880831524849,40.8,1
541,33,11,116408,29,0.0319084840256746,0.07258656386005868,37.6,1
526,45,20,60681,27,0.030196897901521618,0.07162006943025652,42.400000000000006,1
613,46,24,6267,14,0.012500742460032804,0.06970674847385581,42.400000000000006,1
532,40,18,143783,24,0.024744448360944662,0.15379968152265325,40.8,1
569,59,38,81573,16,0.06355506671130028,0.12122455918318087,41.6,1
604,47,28,16514,17,0.05069773396492127,0.051783112345755694,40.8,1
585,53,29,107975,16,0.03657017587564147,0.1458542224950938,36.8,1
607,45,23,917795,27,0.1581302834410741,0.169878923590375,47.2,1
577,35,10,56347,12,0.09950746158935528,0.044088937861963384,37.6,1
507,25,6,296741,14,0.017368729394736538,0.0894350454861652,39.2,1
606,36,12,169476,21,0.13569174178606297,0.0750716918358027,47.2,1
545,22,1,261028,14,0.06210331022361098,0.07323087844746508,40.0,1
625,43,22,47054,28,0.05608852276982272,0.13498610859077212,36.8,1
633,38,13,38355,27,0.0754128906580842,0.0741327425298673,36.8,1
616,36,16,116729,15,0.037011651816312545,0.16400145408670255,39.2,1
589,47,26,23755,22,0.06518632516214136,0.05547975696947251,41.6,1
567,34,12,61302,6,0.0959840026662223,0.05151531575263415,45.6,1
507,32,9,71306,4,0.027210884353741496,0.0432615607615821,40.0,1
588,49,28,60185,28,0.0405612838204512,0.16710322657229829,47.2,1
501,53,30,115777,19,0.05413294414223166,0.04131487431182797,40.8,1
522,38,16,127726,16,0.06734028897738868,0.06945720847453213,41.6,1
593,40,19,6114,12,0.049287862863769794,0.1074784416354313,42.400000000000006,1
547,55,33,135873,7,0.07339245131678625,0.12060410035118689,40.8,1
534,60,39,73263,25,0.03143242029636282,0.06624829792406323,42.400000000000006,1
549,54,33,110272,17,0.03957751410865086,0.09797759266525465,34.4,1
602,42,19,1332,26,0.08784971883215238,0.13134207828923558,39.2,1
597,44,19,2960,19,0.04816522311831298,0.11213938503845304,42.400000000000006,1
611,48,23,162205,12,0.04093816631130064,0.0377070623547333,33.6,1
541,42,20,266828,27,0.039448765439451146,0.06807285970010635,35.2,1
632,49,30,102983,12,0.02280954890661045,0.04110462902463778,37.6,1
609,39,15,22204,25,0.024853956452469465,0.0770200761006372,37.6,1
573,52,34,737805,17,0.21100397050482134,0.4433987566885769,38.400000000000006,1
531,47,28,41463,17,0.030010591973637753,0.04504227588861118,38.400000000000006,1
591,65,43,10299,27,0.04180874722016308,0.07006352502106344,42.400000000000006,1
631,47,27,10479,24,0.06895217832793385,0.17554540184589063,39.2,1
651,58,36,30530,6,0.11455540062211733,0.09383272524880447,40.8,1
639,29,4,38861,26,0.012036365188441674,0.062460685536602584,39.2,1
574,33,11,36926,23,0.025152017689331122,0.04035380357816664,41.6,1
585,43,23,161881,16,0.04227230297372983,0.06734618064441028,40.0,1
556,45,21,161424,29,0.043241245495703594,0.2762729118918332,37.6,1
594,48,29,34482,22,0.025533821113931612,0.19129473957143822,40.8,1
668,48,28,61796,15,0.0194884287454324,0.1021261726782669,37.6,1
527,30,6,68299,28,0.03042406730687516,0.09085611871708052,43.2,1
552,40,18,314827,6,0.19482049804917648,0.1116573889718834,37.6,1
571,41,17,165385,11,0.08245388639074974,0.16192592899684444,37.6,1
630,42,24,176920,29,0.09192915366810908,0.12235578777365191,37.6,1
549,22,0,441782,15,0.029207660173796515,0.15234522147892665,36.8,1
566,35,13,77647,18,0.025210084033613446,0.03877311830655814,37.6,1
484,59,39,4886,5,0.03753078379093481,0.11103648925767837,40.0,1
654,47,27,61994,6,0.015447518282628286,0.03574180589589592,32.800000000000004,1
599,60,35,23000,12,0.031299669886294165,0.061891813341357085,45.6,1
582,53,28,9421,26,0.03185944037475153,0.046362367336810185,49.6,1
576,53,29,636515,19,0.1148313230106255,0.0779946224700384,46.400000000000006,1
612,49,26,95853,16,0.04905552046850778,0.06444337899187567,40.8,1
535,57,34,345652,22,0.07122851196135366,0.15886340577215127,39.2,1
627,37,17,141543,17,0.08650629281503903,0.07354344811348199,36.8,1
581,34,14,6602,15,0.04805524914872188,0.05788500364578968,47.2,1
543,40,15,26556,23,0.05999038615606474,0.1367516104573148,43.2,1
645,43,22,93747,24,0.07854198307658929,0.09422112539136103,36.8,1
628,34,16,220354,17,0.021540821488601314,0.050574389213158655,33.6,1
638,53,29,1064,6,0.012568301140060795,0.03565746370351546,36.8,1
547,34,10,18645,24,0.025288673510017384,0.11608749572067462,43.2,1
584,34,16,7194,26,0.05126863719591943,0.02322922267985174,45.6,1
618,38,16,169268,10,0.11567504588971082,0.0821885267009711,37.6,1
590,44,24,106967,27,0.026451826853676138,0.1326033110446095,40.0,1
621,21,0,86400,20,0.08849533703858213,0.06718544561472144,37.6,1
547,37,14,351697,5,0.15350175887432044,0.1820156757699334,39.2,1
659,43,21,73167,2,0.05896234366045242,0.13905479751886846,38.400000000000006,1
621,50,29,136265,6,0.020788590006763412,0.0815637313804602,33.6,1
502,36,17,54590,1,0.030661867736351895,0.07069470611358038,50.400000000000006,1
597,49,27,1916,10,0.06557847791168261,0.053045872880863675,44.8,1
614,37,11,464756,11,0.03347658900701199,0.09146218745616498,39.2,1
531,36,11,24825,2,0.07009267059814658,0.07944187416571545,44.8,1
504,40,15,1082401,14,0.29796668144676003,0.355984472163369,40.8,1
651,45,24,36371,9,0.0941165646993882,0.17048495011783346,42.400000000000006,1
492,47,23,1116683,15,0.11534764498558155,0.2322490487899108,38.400000000000006,1
605,41,20,256801,25,0.04441724026423985,0.0236643178444168,34.4,1
609,59,35,28961,2,0.03015745672114985,0.06496428755474808,47.2,1
599,56,33,10861,26,0.09756573967819908,0.07995476583974584,45.6,1
593,58,35,10313,10,0.01408373819531634,0.080728206636188,44.8,1
644,56,32,1935,26,0.04353040985285083,0.08889741947477717,39.2,1
543,35,11,109331,11,0.017601936533636852,0.02245183898202748,40.0,1
474,25,1,2314,23,0.026270150399454125,0.06960952822103693,43.2,1
662,61,39,162694,29,0.03545776381932894,0.03610792350623933,36.8,1
507,29,8,107631,16,0.010624429670186416,0.08363191224100408,35.2,1
583,37,13,74945,13,0.02239864612627859,0.036124184449830815,38.400000000000006,1
599,31,8,12716,14,0.06211660679745786,0.06435335393774967,40.0,1
577,54,29,45977,27,0.054813175589411865,0.09092257127803352,45.6,1
588,57,33,208028,6,0.04608605619898389,0.1172532209460802,40.8,1
538,65,44,161238,23,0.040493225757345104,0.1447988220089035,43.2,1
664,46,25,57437,8,0.045524624525785165,0.057872185843640275,34.4,1
551,44,22,153896,13,0.05758069675689674,0.08676475861689568,36.8,1
535,39,18,28753,27,0.08007158087115444,0.13360576418031564,40.8,1
650,44,23,23107,4,0.02764334345008613,0.048160133892767604,36.8,1
531,45,22,7903,11,0.01910721642597067,0.06940504693547378,39.2,1
658,54,29,209162,27,0.038006334389064846,0.15368813133712014,35.2,1
584,30,8,13800,27,0.02990215837883396,0.07037909222138415,41.6,1
578,34,12,89025,20,0.08973119319280604,0.21957626609484998,38.400000000000006,1
636,65,41,60565,29,0.05805243445692884,0.09299813169994349,34.4,1
624,33,8,37585,26,0.03737137009406013,0.07572986886608486,45.6,1
587,35,13,28340,11,0.13403041825095055,0.15847452054787084,42.400000000000006,1
627,37,11,28611,15,0.03227023966786186,0.0725146261013375,46.400000000000006,1
584,49,25,8146,20,0.049974502804691484,0.07020869775646417,44.8,1
540,42,20,136836,12,0.0463495910330203,0.03688298036432684,35.2,1
521,49,29,806304,3,0.07884778973922736,0.290080533880786,40.8,1
596,54,31,427864,26,0.09269575293016623,0.0796063680821125,40.0,1
554,27,1,8483,1,0.023612906412863597,0.02093088753236051,44.8,1
635,28,6,69650,28,0.031173891865562593,0.16753330083034781,36.8,1
465,45,21,72314,16,0.0542377784205959,0.09897797193782742,38.400000000000006,1
654,49,25,3194,25,0.06250707734118446,0.20791585274738936,41.6,1
566,32,11,29154,24,0.0455033268941833,0.05706915635513159,41.6,1
625,40,18,95498,26,0.018891793877034664,0.03299841249544398,38.400000000000006,1
440,25,4,10067,29,0.06838047598174458,0.14048269721365889,42.400000000000006,1
654,52,28,3110,11,0.02114130475013139,0.08403819653160315,35.2,1
649,60,35,230701,14,0.009343802763798502,0.05350973432760217,39.2,1
610,33,11,98268,6,0.018538226509663906,0.04855526999204885,48.0,1
487,29,5,52096,6,0.035974090682610864,0.040254659477692106,39.2,1
611,33,7,278507,23,0.1428646517739816,0.16295928632464798,37.6,1
483,46,24,81526,19,0.016451841280186993,0.31570234479871423,39.2,1
569,42,18,25344,23,0.02653274461559203,0.09071527324327637,46.400000000000006,1
608,39,17,171227,20,0.18194990685158352,0.16387521292599014,36.8,1
478,53,31,29275,16,0.038308929676221896,0.04898493801485963,47.2,1
552,30,8,4397,15,0.06245256424156999,0.05769007235659873,39.2,1
565,53,33,135326,18,0.10296249057916403,0.13221589216167598,38.400000000000006,1
614,38,17,179218,10,0.051086108650528185,0.21915240785334975,39.2,1
646,45,24,81478,16,0.11900210284840375,0.04858753005449782,36.0,1
531,45,26,109269,12,0.016450765803526356,0.08174048172056113,39.2,1
593,33,12,47131,5,0.04101351253911714,0.04989161648489083,41.6,1
671,52,30,25615,29,0.0400644537544312,0.05120966329245361,42.400000000000006,1
576,34,11,61726,27,0.07145669291338583,0.06624405913795903,44.8,1
491,55,33,27329,29,0.013917118172499634,0.0807369273063213,38.400000000000006,1
589,18,0,22577,18,0.06848236775818639,0.08249315310702846,40.0,1
555,62,39,115304,26,0.05973244840817173,0.08597196522279378,38.400000000000006,1
540,54,35,37336,12,0.03175288908089427,0.0837220752333473,44.0,1
613,53,35,52391,17,0.029180588398609902,0.08475652734420407,40.0,1
578,42,18,67600,13,0.006902417937920071,0.009622208279607311,40.8,1
528,47,24,1118533,15,0.05997273966378919,0.12520885363343778,36.8,1
437,49,29,292079,13,0.06763835117285356,0.13635465561719387,41.6,1
593,40,19,10626,28,0.05798869314316545,0.10807476215999715,42.400000000000006,1
587,35,11,70441,16,0.0757941887192786,0.055788365501487316,41.6,1
598,37,16,46379,23,0.019574245201840697,0.03182435347419462,42.400000000000006,1
606,28,4,111865,1,0.041372883988196926,0.10196356486995069,44.0,1
573,33,8,5257,27,0.07669156807377488,0.07474010098119169,39.2,1
651,46,26,30133,24,0.056511722455617294,0.037008449273150786,33.6,1
626,60,37,1555,15,0.030379256965944273,0.04334085823542367,37.6,1
498,25,4,130494,14,0.024948024948024946,0.04553610959384305,37.6,1
616,29,8,362669,3,0.029447852760736196,0.05584073182093714,34.4,1
546,43,22,127840,27,0.025071974993830713,0.05757881319803025,36.8,1
515,41,19,397037,19,0.07307362011085955,0.224790799128383,40.8,1
614,51,28,128415,19,0.017488015340364337,0.03814916350538205,35.2,1
635,57,32,170968,18,0.038981727315320944,0.09073828396747229,39.2,1
599,64,41,3759,26,0.04427227448810182,0.07817193269497115,42.400000000000006,1
589,34,10,2280,26,0.10435586841192565,0.11035301538840726,40.0,1
635,41,20,213107,15,0.05846180495409666,0.2035359930590663,36.8,1
612,33,13,9919,26,0.03517085530370472,0.16261866320250695,38.400000000000006,1
590,27,5,87273,17,0.07371606666967795,0.051463243347991613,40.0,1
542,39,13,18344,11,0.04977892592776591,0.051790755612880546,40.8,1
626,57,32,3245,25,0.10557468418567695,0.05952477691020407,37.6,1
587,41,21,51875,11,0.04520132431950199,0.08219462313446878,40.8,1
541,55,32,11174,16,0.026122348297977306,0.06839353178731805,45.6,1
602,31,8,9873,3,0.0807310731325575,0.08809961094561497,44.8,1
605,18,0,5178,29,0.01044137991474125,0.021077632951683658,36.8,1
647,54,31,32239,7,0.06138577735614988,0.04102461609908128,36.0,1
584,35,15,166513,19,0.04944142002242425,0.053203276216067255,40.8,1
635,59,40,8136,12,0.03888313166844248,0.058095816514906244,37.6,1
589,34,14,102289,17,0.03737380969427937,0.05971401407161315,44.8,1
535,41,20,84898,24,0.02542681230246777,0.032763423400762916,40.8,1
519,42,18,18059,25,0.07322666123114555,0.07501200299385108,48.8,1
622,40,21,46922,10,0.08633367139959432,0.23353352480217004,41.6,1
561,57,35,175780,17,0.13195155078422982,0.20163898622811513,39.2,1
614,63,43,63971,18,0.10488087161272298,0.030923992149879977,42.400000000000006,1
500,54,32,9540,17,0.028640985249892597,0.044271725780998354,41.6,1
561,68,42,174128,22,0.07991496352128327,0.034188521098675984,38.400000000000006,1
522,57,34,9105,5,0.03348178354885443,0.07656617694379343,47.2,1
587,37,12,28794,29,0.04773121194613573,0.167494963801519,38.400000000000006,1
608,40,15,9275,21,0.06949976248766762,0.09638695146361263,37.6,1
657,60,37,50236,10,0.015567445907293464,0.03549982285398372,36.8,1
554,51,29,16565,2,0.021092193296505697,0.04991601537459353,41.6,1
613,51,27,54669,4,0.08041860408648885,0.04583897601036739,41.6,1
569,46,23,2704,6,0.04857538035961272,0.06300980802221025,40.0,1
628,59,38,33918,29,0.02332696631112764,0.1379947370505858,40.0,1
578,31,9,75942,9,0.08416100365917407,0.051273817788884214,44.8,1
590,42,19,1514,21,0.04864109333747477,0.10054835175628653,44.0,1
595,37,15,212767,28,0.07100445578686315,0.12321342074375104,40.8,1
674,46,24,68950,22,0.025976432536239817,0.05702653466562138,42.400000000000006,1
626,38,14,508881,24,0.04959000108369757,0.03228597884035379,32.0,1
595,43,17,5486,22,0.026816521360849072,0.03997368762652086,41.6,1
619,50,28,29720,28,0.11139140717382737,0.1507483807804063,39.2,1
585,27,1,6742,26,0.021414073071718536,0.06125341771877122,43.2,1
553,44,22,7996,5,0.030552120462646395,0.03375130631112738,45.6,1
635,60,36,173811,26,0.06031456780534437,0.05447189121733729,35.2,1
547,40,18,6772,17,0.050790254187285125,0.04916608473507989,48.8,1
558,53,30,9094,7,0.04965082953215194,0.05229603828124254,43.2,1
600,30,6,126740,6,0.043021122700351175,0.07164733464353389,35.2,1
593,28,6,50969,20,0.07993689192742572,0.20857665861013994,40.0,1
488,49,25,33397,15,0.03592305841389365,0.059933333772620646,40.8,1
566,33,12,191667,18,0.06571270250008149,0.18621458100064037,39.2,1
513,36,13,12102,15,0.1201081619200086,0.05154240166898176,44.0,1
508,64,43,42515,4,0.1022446821013045,0.09446242690766839,40.0,1
593,25,2,184930,22,0.09940891993551854,0.09760386275114856,39.2,1
616,42,18,18170,15,0.04180877984376719,0.11501688169359559,43.2,1
562,39,19,280156,19,0.07577155019510465,0.03775911690204145,41.6,1
556,50,28,64680,18,0.07038033819123547,0.09809496131451358,40.0,1
629,50,29,2439,27,0.0588338690237043,0.04471677766375348,36.8,1
546,42,18,205721,25,0.0694148278177684,0.20106657676705408,44.8,1
579,57,36,32128,8,0.09235807860262009,0.0472486685931419,40.8,1
674,69,45,179465,26,0.09772395072040092,0.05378544225824537,38.400000000000006,1
557,39,17,77613,17,0.02612,0.03550087958606914,40.0,1
594,26,4,2514,17,0.028900041006814942,0.02571524473734608,39.2,1
540,35,13,5729,25,0.06811081521523113,0.03793354995625965,42.400000000000006,1
573,46,26,157178,23,0.10183363008777684,0.048960574806182,37.6,1
643,40,17,7691,12,0.06660476110079352,0.08740728238484068,38.400000000000006,1
517,32,8,37696,5,0.04870676284822365,0.0377891939122961,52.8,1
633,63,43,8719,24,0.1742413242340642,0.11092450379128556,39.2,1
581,36,14,44917,24,0.06483366331111794,0.029965494299764226,45.6,1
609,43,22,93800,28,0.18513876454789616,0.059515952702466735,42.400000000000006,1
563,29,6,35079,22,0.07564811936586882,0.05239161342406004,44.8,1
658,51,29,169822,14,0.018003328917422467,0.04431591860197914,35.2,1
564,31,11,32444,18,0.02334855227417211,0.25363076790375894,42.400000000000006,1
578,25,1,15977,25,0.07751341874163731,0.10549350816644686,45.6,1
647,59,33,7316,21,0.04887493211814984,0.044571083460482545,38.400000000000006,1
576,41,21,90491,26,0.2028121005538986,0.07538639536933371,40.8,1
575,50,32,74269,25,0.04515264152093108,0.1722458331872716,46.400000000000006,1
530,45,25,378132,18,0.0849770591446233,0.15643114322034585,36.8,1
627,59,36,365760,16,0.08792176900713594,0.020859942303333812,36.0,1
589,25,2,12892,27,0.013149900182275843,0.0739963443984199,39.2,1
632,40,15,45046,15,0.10533159947984395,0.029396115043146567,41.6,1
564,40,15,143544,19,0.04663701837931442,0.12052286469750156,40.8,1
544,59,36,88663,23,0.05869969944391039,0.04247894767441866,38.400000000000006,1
588,49,28,7381,18,0.08107894111747473,0.1104873227662626,44.8,1
535,54,31,185924,3,0.02670451943770319,0.06423241929758419,42.400000000000006,1
509,47,26,90381,27,0.051218575269964574,0.12819907667383745,37.6,1
604,41,20,80829,20,0.05188544449276263,0.033047076717379206,34.4,1
474,30,9,11479,1,0.03595609207986401,0.07457592260910578,44.8,1
636,21,0,420724,15,0.03731424596223315,0.1069187544224442,35.2,1
567,44,23,7780,12,0.044151230652118754,0.08368195742977352,46.400000000000006,1
599,34,15,188540,5,0.07474947071277346,0.12750229098304197,37.6,1
544,40,18,4996,7,0.04922406402973954,0.0634183919729682,39.2,1
574,44,21,175062,6,0.036626230615372624,0.1569506892319582,44.0,1
624,52,33,218794,16,0.0875771397907164,0.06737041118644893,40.0,1
536,29,6,170705,27,0.08317516554894766,0.11794671924848645,36.0,1
555,39,16,8126,6,0.024280243937030207,0.0573658714228413,43.2,1
621,47,29,10373,11,0.04361790713351045,0.12568942629095364,40.0,1
668,51,27,35212,22,0.039642164848065674,0.2542510854915452,37.6,1
540,40,17,41412,10,0.022606244900986425,0.03326422991877417,37.6,1
634,46,21,70144,18,0.09869757900644438,0.08429890773219624,35.2,1
616,49,26,27900,21,0.05178634594977007,0.07593904825135213,40.8,1
595,33,9,64541,14,0.07670384342926805,0.07383530120599766,39.2,1
635,27,7,48026,23,0.05904844876821064,0.07803612248466618,42.400000000000006,1
574,31,8,213747,15,0.17823539854429257,0.09744419116923407,39.2,1
634,53,29,39256,7,0.07571481163332924,0.0837606228566033,41.6,1
566,47,28,154698,3,0.0626480281392044,0.07268885161143315,41.6,1
636,40,15,23328,26,0.1413835435167323,0.20630813459542705,41.6,1
648,45,23,364422,10,0.3235582185861612,0.22523293771349706,40.8,1
623,51,26,121207,16,0.13598011642357252,0.08743574777154446,36.8,1
592,42,21,62136,29,0.07920579554601556,0.19305873205859375,39.2,1
599,44,21,70143,5,0.040730683781782274,0.050300072671130555,48.0,1
552,42,19,10345,21,0.11580810915842653,0.1521250750971949,39.2,1
535,40,15,73344,12,0.05153382777951879,0.09147111064712854,40.8,1
646,52,30,299186,3,0.050853229407090694,0.20062883315503882,38.400000000000006,1
589,37,12,13285,17,0.024670502175402807,0.016725015680949015,45.6,1
650,42,15,5216,18,0.02894551891089882,0.07376342658008354,36.8,1
548,53,29,10242,13,0.032447952400445096,0.03600118252244564,41.6,1
586,44,22,37334,1,0.07101945690172676,0.051512932286350205,48.0,1
587,41,15,82130,7,0.015819072383140835,0.04910748044054648,40.0,1
630,35,15,73590,3,0.02044308773877249,0.14020019380060927,37.6,1
612,53,28,40406,15,0.040907895889930775,0.04062076599065617,39.2,1
515,34,9,22468,28,0.08018271390550973,0.14971509795325383,41.6,1
563,58,34,5485,17,0.07750671873375996,0.07652452232391613,41.6,1
554,40,15,31474,17,0.032930658896087366,0.04753540105063723,51.2,1
465,45,23,365372,19,0.12464625675328016,0.1558931169174302,40.8,1
574,46,22,209160,20,0.031083802870764603,0.021034471465036758,40.8,1
647,40,18,34217,12,0.09875241121858476,0.05080504416653557,38.400000000000006,1
521,47,22,19675,20,0.04530392742680211,0.117555364057815,40.8,1
598,50,27,68305,17,0.05691755847389796,0.027696138877661095,40.0,1
581,25,4,88604,19,0.04875729414307326,0.07728354038101745,40.8,1
596,31,8,104719,21,0.0669898228767029,0.07545801473786119,39.2,1
618,55,35,202664,28,0.10819690492635667,0.06768177563021056,39.2,1
622,51,28,46103,29,0.03500377275153211,0.062040508572681084,41.6,1
610,40,16,103283,17,0.040974194718075785,0.09119898349997753,36.0,1
652,62,39,100626,6,0.0591704808191384,0.11469898065342923,39.2,1
641,55,29,130601,13,0.13294460641399417,0.07375111430082378,36.8,1
489,29,5,67109,19,0.1622517519118374,0.09007637568713905,40.0,1
652,59,36,37388,19,0.06424065737026097,0.04987756017529243,40.0,1
657,39,18,203150,13,0.08870482290337339,0.1730882742373476,35.2,1
596,28,5,30214,18,0.10152912075556556,0.07075510196160986,48.0,1
553,63,37,9255,25,0.04886666054877489,0.0795768693133351,40.8,1
630,56,34,112729,23,0.04154310856102506,0.10340627836582304,34.4,1
598,47,24,8293,3,0.05401876224184735,0.07154488663695671,45.6,1
602,27,5,627231,19,0.09344202457719918,0.11730332438280336,32.0,1
565,37,14,3047,27,0.0693692504071482,0.10305942371431924,40.0,1
483,54,33,242167,17,0.04560533841754051,0.08693678924776828,36.0,1
578,45,25,26525,20,0.03126879134095009,0.20808756548167862,44.0,1
588,36,16,14386,14,0.02323018950623672,0.04208784210042372,40.8,1
617,55,33,10191,29,0.040151624628997656,0.0834615318501254,37.6,1
515,28,8,4983,21,0.05603399304687678,0.04168574971941954,40.0,1
622,42,22,312532,17,0.01768105378247514,0.016755129091257023,36.8,1
625,49,24,102881,19,0.07398404058553083,0.12840059639980603,38.400000000000006,1
549,43,21,93901,23,0.056122992941979234,0.28788562338828794,36.0,1
620,51,28,415556,17,0.07597372997248063,0.09570362196090779,33.6,1
611,29,8,99394,24,0.15595494148955563,0.221877402042132,39.2,1
618,43,23,10339,20,0.04529593343175413,0.05926262399655124,40.8,1
533,56,34,17747,19,0.08508809626128062,0.22282536365403596,40.0,1
642,51,30,10623,7,0.011370814908401769,0.06034824956443765,40.0,1
640,51,31,22253,13,0.021567965549645553,0.14317291271670418,36.8,1
564,43,21,237763,28,0.059119919381928114,0.043653052401697416,35.2,1
566,29,8,9951,5,0.013320866906890503,0.01411115630305186,42.400000000000006,1
571,45,17,40833,15,0.04853471004789973,0.06923334475573262,44.0,1
628,35,12,389339,12,0.06790069304324942,0.08928144236159619,31.200000000000003,1
584,38,14,163460,28,0.06629040942903297,0.07542773965463503,42.400000000000006,1
574,44,19,5889,17,0.029463601998273997,0.035483469213231665,45.6,1
597,35,11,1222,23,0.007690547035934997,0.009916667019878296,40.0,1
561,49,23,186923,9,0.05222454200605758,0.08293431154033529,41.6,1
638,55,32,3720,22,0.02853987938503355,0.05590269905373594,42.400000000000006,1
649,49,27,4061,8,0.029971277525704533,0.03592033651492698,38.400000000000006,1
652,54,31,48677,24,0.06877171610902698,0.06215984556679053,38.400000000000006,1
579,50,26,72847,26,0.09189573766250567,0.046708471746981166,41.6,1
643,35,12,84606,12,0.0377781731267549,0.02039030397404766,47.2,1
644,44,20,14021,11,0.08972989470471539,0.09977187591801064,42.400000000000006,1
606,36,14,73756,28,0.05820679681851049,0.09527100961153402,38.400000000000006,1
553,50,30,18886,5,0.027523331559799257,0.060310312166515445,42.400000000000006,1
588,75,51,6219,25,0.09050510773152984,0.08519909154260626,41.6,1
647,33,11,8078,16,0.07938295237022858,0.041996333693319544,41.6,1
594,36,12,14951,14,0.05859582542694497,0.06751254610187109,42.400000000000006,1
529,42,21,34243,17,0.04931527258731361,0.11225565990706485,44.8,1
646,49,24,98461,9,0.016685924678325924,0.07176583151507279,37.6,1
595,54,31,85364,24,0.009016599735192095,0.033113693401576785,44.0,1
559,22,0,1599,3,0.03578028334984868,0.216233281123737,44.8,1
617,39,16,2178,17,0.0382062429596805,0.2113199589798278,37.6,1
492,40,18,114321,28,0.05460595976402965,0.05708177744390947,48.0,1
585,56,29,8051,18,0.049422093615901885,0.042737565126358346,39.2,1
628,57,35,41392,16,0.06214638527166592,0.1294004927785579,37.6,1
580,51,30,8670,28,0.0281266157293043,0.05161409356178658,40.8,1
564,41,18,61560,24,0.0709849157054126,0.09975243666910914,40.0,1
602,39,15,168819,25,0.03945171166156415,0.1023184773777457,36.0,1
577,48,25,204282,14,0.03626109138775059,0.0300319388783929,36.8,1
660,51,29,1579,10,0.06800734705411388,0.09001372424618966,35.2,1
581,54,30,96831,18,0.09131231888343486,0.08793827184292624,40.8,1
621,50,29,43019,19,0.034352539895236935,0.028544996966015642,39.2,1
617,23,0,1187,26,0.09749802853251129,0.1395459117701656,40.8,1
593,47,27,102120,14,0.04862141970651936,0.0556802330773009,36.0,1
646,55,35,116377,12,0.03740041310120979,0.05738416210295887,36.0,1
607,58,38,6475,16,0.04376116565322144,0.06186773725607581,37.6,1
653,50,26,97066,12,0.12645988375251235,0.06279378249128297,33.6,1
557,57,39,16736,23,0.0887695179132335,0.22221056377731374,47.2,1
578,38,15,24285,16,0.05420091576101948,0.06543546385341924,43.2,1
611,38,13,21822,18,0.09950134693643606,0.04605842421739269,36.8,1
604,44,21,18027,7,0.02766399447762069,0.12497484412163463,42.400000000000006,1
577,34,9,104047,29,0.01620120744847965,0.08710535506504159,40.8,1
636,42,20,1127578,23,0.029641634210732674,0.10668089421303818,31.200000000000003,1
652,54,31,23959,17,0.07628601423072437,0.046098139927005344,37.6,1
629,41,20,48648,26,0.04503666131489871,0.13862283117964783,37.6,1
623,51,27,105547,2,0.03496613129057893,0.0909707705807178,42.400000000000006,1
568,45,22,168150,2,0.18516120678492815,0.07535528719696684,43.2,1
543,18,0,97296,26,0.029583201064454903,0.1080940150594959,39.2,1
505,27,3,4478,17,0.02516765880491297,0.049286937977904566,43.2,1
554,18,0,226957,6,0.03437137744364287,0.05999333985222036,47.2,1
567,36,15,53439,22,0.04111685084679265,0.08009113153662646,44.0,1
436,41,13,8474,21,0.1035614939121711,0.2299071172924456,39.2,1
557,46,21,191942,5,0.04135931712030923,0.034577488670379616,41.6,1
623,44,19,70678,3,0.029671897289586305,0.15938326244252654,39.2,1
595,27,6,9934,23,0.0833051134439553,0.1287405382639015,44.8,1
593,41,18,141478,11,0.040859088528025146,0.09617073907139582,42.400000000000006,1
664,43,20,272974,1,0.08272680676576115,0.07892560513562691,37.6,1
613,36,13,160280,10,0.06770745523822369,0.05628583930512141,36.0,1
604,32,9,6840,12,0.026090769568077175,0.05088686324838005,45.6,1
586,34,14,121810,17,0.06296750137196382,0.06511412555222887,38.400000000000006,1
654,68,44,12589,29,0.13481259705919385,0.06558150080735742,41.6,1
615,45,25,184611,10,0.028262940616068592,0.03196758040359484,37.6,1
619,40,17,9806,14,0.06389613231459362,0.10712950315737331,44.8,1
648,49,28,67432,11,0.03504801694374329,0.0820922829198403,34.4,1
590,50,26,26737,29,0.035649257307139436,0.03127732568352274,42.400000000000006,1
586,52,28,88895,13,0.012233537347860047,0.020224780164998873,38.400000000000006,1
632,33,8,55133,24,0.03807640004944987,0.09861245305816294,42.400000000000006,1
601,50,30,41401,19,0.08042935226176638,0.04975814551276155,44.0,1
597,43,17,13823,21,0.04736499674690956,0.09303157476105635,46.400000000000006,1
542,22,0,494431,21,0.031135471734829567,0.07748770263657634,34.4,1
562,32,6,58214,28,0.10246166500205628,0.0706139616255166,39.2,1
625,47,25,42056,6,0.04339876049774268,0.04296422285369433,40.8,1
605,47,26,1348,10,0.046578669602424266,0.06656431433657684,37.6,1
523,32,12,71656,28,0.012445962438586063,0.025154228190382797,37.6,1
643,39,16,215594,11,0.17870945075535777,0.0669161007279776,35.2,1
602,36,14,1451,5,0.01991012789491877,0.04754297734301971,38.400000000000006,1
524,41,22,85086,23,0.1318972097362395,0.09277752226929255,40.8,1
605,36,15,83866,8,0.02120302374946533,0.053203407981506835,36.8,1
608,54,29,6569,16,0.022596251339841826,0.11701026962796175,44.8,1
578,24,1,261925,9,0.053080232689301766,0.09505787619806302,36.8,1
589,41,20,39726,26,0.06415639471303784,0.10019478026383918,48.8,1
508,48,26,77049,22,0.0735955684388897,0.045827074161366915,37.6,1
603,44,20,77003,26,0.08433973470599881,0.1905978800390633,35.2,1
642,45,21,25538,19,0.06283632751055551,0.0739161187405097,46.400000000000006,1
533,45,22,78880,14,0.050524687711459355,0.060275288058550966,43.2,1
472,34,10,243771,12,0.04968069801380709,0.08199622507234924,38.400000000000006,1
609,24,3,7795,27,0.11151664394705597,0.05832400547250846,42.400000000000006,1
556,35,12,10861,27,0.051922829765661815,0.18249950242143104,44.8,1
587,42,17,36107,26,0.048147238336388204,0.06750372810890806,40.0,1
584,43,16,62841,19,0.044657394054984416,0.12885249212700978,42.400000000000006,1
629,49,26,10101,22,0.09333218618256904,0.16142990213778086,38.400000000000006,1
648,59,35,16437,16,0.06120412462579,0.055750391801872315,52.8,1
631,32,8,28846,21,0.016686889067633708,0.06414793973940477,39.2,1
607,23,5,556141,14,0.030263060705504965,0.10527325960004483,32.800000000000004,1
536,39,17,40808,12,0.06385094815011272,0.1375865867540213,40.8,1
544,22,0,3913,28,0.042973389827503684,0.09119973570861828,44.0,1
502,36,12,8307,5,0.1401611361463881,0.05117205191328254,44.0,1
474,18,0,334644,22,0.22849269286583312,0.23216956944091743,41.6,1
512,41,21,196380,25,0.020993315286448263,0.08465050952837681,44.0,1
434,30,8,37256,13,0.0445929544330731,0.04539046438465608,43.2,1
611,58,35,226248,12,0.08469635130573541,0.12536077649755653,36.8,1
691,58,34,126594,20,0.06520341235478201,0.11941873316851341,38.400000000000006,1
443,58,33,8676,7,0.038414961616629634,0.024626942129087552,43.2,1
654,47,29,358063,28,0.08554519368723099,0.09198792453366739,42.400000000000006,1
663,46,23,10368,5,0.08771987076983323,0.03873643505373586,40.0,1
685,53,33,102697,24,0.09658272655082842,0.06387359389991522,32.0,1
589,52,32,26233,6,0.030050666821967272,0.11442462067883591,42.400000000000006,1
536,47,22,379263,8,0.020401719573506907,0.048897045791793575,37.6,1
567,38,15,9982,28,0.023359008707300736,0.04376812214255604,38.400000000000006,1
611,45,23,93005,9,0.03001829737207308,0.09814165420410303,38.400000000000006,1
525,47,27,226715,27,0.08830278935970781,0.08072403126950893,40.0,1
585,35,13,68033,25,0.06355460385438973,0.0858027140622046,41.6,1
410,35,11,1868,1,0.03969359331476323,0.027187878723183092,48.0,1
624,55,32,40156,23,0.03370523523445424,0.027459598179526975,40.0,1
533,41,18,8736,29,0.06576297926224234,0.12217222049497253,40.0,1
636,63,41,110872,12,0.0997164344717051,0.10765968710416296,41.6,1
613,57,36,25203,10,0.030746459447640193,0.042239552313264817,35.2,1
613,40,16,89583,20,0.022081776383570912,0.055220640548149534,38.400000000000006,1
564,50,25,7384,28,0.034598311428322745,0.03672396475418254,42.400000000000006,1
689,66,40,72623,29,0.01413370156770368,0.20872646680614107,34.4,1
567,29,6,63182,23,0.02865132592364386,0.21388509642607462,36.8,1
645,56,34,239455,19,0.01943198804185351,0.11980545254516266,32.800000000000004,1
598,53,29,91412,26,0.1197786269600738,0.036903308475060556,43.2,1
634,46,22,104179,22,0.07176955625474667,0.0688376837880565,38.400000000000006,1
556,31,9,26168,14,0.13069808929158255,0.07994492817841024,42.400000000000006,1
478,35,11,265563,8,0.127929091131157,0.08018691548453806,41.6,1
608,74,49,18663,2,0.01943337924872492,0.05857854304177365,41.6,1
590,45,26,76586,21,0.03613440235020503,0.06206062509320371,38.400000000000006,1
475,34,11,214754,15,0.022636459229519165,0.09828624019161784,37.6,1
567,48,27,51853,18,0.16792542135698557,0.04283151122405184,40.0,1
570,21,0,189514,4,0.06186222799438098,0.055130913497313486,43.2,1
495,48,26,168511,20,0.08447364204454415,0.04550456483405139,40.8,1
598,65,42,180162,12,0.09107999367500044,0.09624925449429263,37.6,1
646,41,18,22242,20,0.0363147276395427,0.11426129225222606,43.2,1
544,36,10,219556,29,0.052350803854613506,0.11297952815043873,38.400000000000006,1
623,45,22,1151602,10,0.07776687093177291,0.07186927103130297,35.2,1
619,37,17,28913,12,0.05372012877842912,0.0581065197414865,39.2,1
589,34,12,46075,14,0.021280482642772172,0.020817714736343907,38.400000000000006,1
513,51,29,100941,20,0.023475976797635988,0.0756614385379753,42.400000000000006,1
632,51,28,20376,27,0.04235213753059715,0.07094348629762919,40.8,1
648,52,31,8651,26,0.017851942225195795,0.08476772218660815,35.2,1
570,49,26,76065,29,0.05637982195845697,0.08784012889036688,38.400000000000006,1
624,32,10,256001,16,0.04151596162918698,0.08368189494697235,33.6,1
434,36,15,4122,16,0.019359001935900195,0.04170696539926043,39.2,1
659,57,34,295425,21,0.03716979661809398,0.05209921384709294,30.4,1
422,34,10,2730,29,0.04648981506025325,0.13197295618810495,42.400000000000006,1
650,58,37,1418559,28,0.07401537703724327,0.1787312607028442,39.2,1
664,53,27,96207,8,0.04974548546727923,0.08476158299047613,33.6,1
605,56,33,503095,2,0.032326117295770986,0.04961925347499294,40.8,1
477,31,8,49728,16,0.052621147557229214,0.060094492140254134,40.8,1
685,63,41,30087,24,0.02669343243903101,0.09047153959276089,38.400000000000006,1
575,41,22,16728,9,0.05604540599409387,0.07954534191245657,50.0,0
623,32,13,4361,12,0.09685834183962799,0.17491491988887056,46.0,0
625,45,21,26870,23,0.08784292262434153,0.41666496003452025,56.0,0
621,53,32,25205,14,0.10331327484956136,0.06159326780190877,64.0,0
579,41,18,3545,13,0.18276273756897166,0.4016804050225382,54.0,0
577,24,4,5066,4,0.262992125984252,0.34694851404286714,62.0,0
630,47,28,121079,13,0.12880511785668283,0.2844996646307385,63.0,0
508,40,19,68849,23,0.09767088179795534,0.10691791333169838,55.0,0
569,37,16,43657,4,0.05735584301688226,0.3508635628107878,55.0,0
570,47,22,100059,1,0.2443021766965429,0.41711539759285754,60.0,0
554,18,0,52056,16,0.1272824919441461,0.6201280880236288,58.0,0
570,43,19,184876,12,0.07536210839655862,0.6260591194015055,53.0,0
506,29,6,108335,10,0.05368647100930565,0.13521989779095292,45.0,0
608,43,21,39136,24,0.1971383147853736,0.253211796522875,54.0,0
513,27,4,132542,21,0.11532301121195943,0.34649805487750096,53.0,0
604,36,11,9346,8,0.18511544941036567,0.18423350392304977,55.0,0
546,21,0,198385,23,0.26791098348887293,0.4792798816636598,55.0,0
560,70,47,1547,9,0.4434479322371699,0.8722112345020416,53.0,0
488,28,5,73838,5,0.1173671049447447,0.2330099774743881,51.0,0
642,67,43,265834,8,0.0460781476121563,0.1250954518688602,41.0,0
530,32,9,37952,25,0.13519986506999496,0.268477179685374,56.0,0
566,18,0,29764,21,0.24002412302743997,0.25881290349477404,54.0,0
559,36,14,294663,20,0.08379171773021347,0.38661026413435634,46.0,0
565,49,26,449191,9,0.2925294888597641,0.40624595041174194,47.0,0
565,40,17,33278,4,0.20401089378559048,0.12709161540533295,54.0,0
597,28,3,15855,1,0.05458884092554361,0.15018651364309432,56.0,0
566,40,19,18345,13,0.4656,1.0821434594037944,52.0,0
477,33,9,75584,19,0.1578242855625199,0.271454194805435,48.0,0
550,56,34,11037,21,0.0404134789464463,0.20325092004703968,61.0,0
452,46,24,116180,4,0.12101438528844728,0.18391284866571034,65.0,0
473,54,36,1814,24,0.09659410568226079,0.1580066866993595,54.0,0
428,33,11,13006,11,0.18072395267592403,0.28755027647941883,57.0,0
604,50,30,9512,20,0.0424414384691521,0.26122285789174554,52.0,0
528,31,9,75394,16,0.1933194922603874,0.36640175903790945,55.0,0
590,42,22,106614,2,0.17310195227765726,0.709436193379179,57.0,0
575,35,11,22427,7,0.08447517284726587,0.061409608780640425,55.0,0
617,48,26,10203,3,0.15684425585415684,0.08210862451097886,56.0,0
566,32,7,157719,28,0.12396949711459193,0.24596569037490343,48.0,0
639,39,15,830288,6,0.13288925895087428,0.2730728837854737,53.0,0
654,61,39,23540,4,0.09786254521538967,0.23024874571921916,53.0,0
539,41,19,177131,12,0.23597368024511528,0.14697666042476704,48.0,0
449,18,0,5414,4,0.05664664007674055,0.6121622228408179,59.0,0
585,61,39,3309,7,0.02646956923432267,0.07431086819493113,53.0,0
495,28,7,49415,10,0.370987807912416,0.2503627407746479,54.0,0
593,23,3,29881,14,0.15173503843666933,0.34007533506915905,53.0,0
628,58,36,5757,11,0.16903619712167467,1.3799118896981089,50.0,0
594,30,6,1503,1,0.1342708651788444,0.6690505242496729,55.0,0
600,52,29,155849,26,0.12045958476113686,0.11616245403259551,44.0,0
483,48,23,20537,9,0.19397116644823068,0.17779436743821195,53.0,0
646,68,45,5265,10,0.12521655050159142,0.2096603320979424,53.0,0
594,40,16,14794,1,0.04866125986001556,0.16091066262960513,55.0,0
674,50,26,83824,29,0.25246473890277843,0.5629507955997912,46.0,0
591,33,11,7474,10,0.2646220940456512,0.1196731777454255,55.0,0
552,27,6,1982,8,0.10041132918086731,0.105879739171264,57.0,0
600,39,15,102770,1,0.16576880247991094,0.23795163824638121,47.0,0
557,50,30,66590,5,0.1970032573289902,0.3007567309651808,60.0,0
601,40,16,4726,28,0.12531155994843146,0.4678466197809709,62.0,0
485,20,0,30860,26,0.28373537138762833,0.5330519003734471,65.0,0
509,45,21,111693,16,0.03282870975178668,0.10790301003804963,63.0,0
590,42,22,1167,20,0.037478934951129084,0.30065011292194027,50.0,0
625,44,22,27997,2,0.05962966837535308,0.13588151571859663,59.0,0
572,36,12,6726,4,0.09123450581309352,0.16927905781692337,58.0,0
594,34,12,106031,1,0.08821621621621623,0.0935749711052591,57.0,0
586,36,15,41319,18,0.08877826177141672,0.48217769257840204,53.0,0
484,26,1,41231,15,0.19514674120188033,0.20405130000747324,52.0,0
644,60,36,168504,11,0.1427760109041345,0.3857886394694642,55.0,0
580,18,0,66664,25,0.022075732025141806,0.19058566707125507,57.0,0
481,50,25,73144,11,0.11732830722110968,0.18895957753722387,48.0,0
602,22,0,9312,11,0.16880082250677636,0.23035708488922566,52.0,0
585,40,17,16351,23,0.0555569805319722,0.4316535553111522,60.0,0
540,29,4,2338,3,0.09187061192648899,0.1928679466002372,56.0,0
636,52,29,33650,14,0.09404000824912354,0.37362594850168457,57.0,0
584,18,0,22263,11,0.21049243643385904,0.7332432669572504,52.0,0
510,38,12,154741,16,0.3618014381228712,0.39140774381231735,49.0,0
633,44,24,43763,20,0.1825126458139775,0.40252208699188424,48.0,0
457,25,4,33667,1,0.5696,1.0155626535367113,58.0,0
586,26,6,5565,5,0.05484281657036529,0.10288927069356985,57.0,0
573,46,23,63803,9,0.13709449929478137,0.6320920304942662,49.0,0
462,35,13,1004,9,0.03290031064670997,0.21855429047996325,54.0,0
588,41,21,8725,21,0.05172181565123692,0.0854902335835892,55.0,0
633,54,31,4111,3,0.44438481148530795,0.6599705638365084,53.0,0
561,34,11,3808,22,0.6352,0.5051402074805373,64.0,0
614,66,41,13385,22,0.18672501823486506,0.6687012051222525,50.0,0
511,44,23,89705,24,0.13128430296377608,0.6268238249067701,54.0,0
519,18,0,9558,7,0.12176476637756677,0.11173755313693934,50.0,0
607,45,22,33981,15,0.05967068536848525,0.33156305347516973,54.0,0
554,42,19,1495,1,0.08624600333397098,0.27382267892566126,55.0,0
502,34,11,155100,29,0.24964364140694228,0.5889527778156501,48.0,0
511,40,17,89527,22,0.6074408740952469,0.31293316335369376,49.0,0
602,65,42,5917,6,0.24456942366234974,1.0763128266473858,58.0,0
574,46,25,12775,14,0.0476516500068465,0.07268429023308474,50.0,0
578,18,0,3288,1,0.44220977596741345,0.7130233334933591,67.0,0
539,57,35,37019,23,0.20166369177920723,0.14328350974588883,59.0,0
578,55,35,101857,12,0.13553036368999957,0.31657043646540006,49.0,0
460,47,24,128245,12,0.0195066074842709,0.11537034715580023,45.0,0
603,51,27,14790,3,0.07348131654025468,0.11458975806348566,58.0,0
522,55,30,121718,12,0.1373035360396854,0.09853442881387738,52.0,0
561,42,18,20202,5,0.1717945960891538,0.08122247438844095,58.0,0
642,54,30,218644,12,0.13425279693326944,0.27761205047001525,53.0,0
647,52,29,78147,11,0.1381666058989465,0.09326200830885675,51.0,0
491,39,13,75729,22,0.12654413980114493,0.3511011496143306,53.0,0
602,63,41,8973,22,0.1417467064321443,0.37193153872493495,49.0,0
596,32,10,290893,15,0.1874349184311003,0.24436917633036748,55.0,0
603,33,10,2364,16,0.12745528443770976,0.620143207510736,48.0,0
594,18,0,6751,17,0.06049564971573954,0.3292518618363087,50.0,0
569,52,28,38771,28,0.10394980750035648,0.4576665593636094,58.0,0
537,24,0,8937,22,0.16976582176732224,0.43756188186247885,63.0,0
567,25,3,189303,5,0.2754448398576513,0.3762883738288514,51.0,0
591,34,11,62051,5,0.06460753754604705,0.09205699432385026,51.0,0
532,31,8,206501,9,0.11391951027045123,0.6457983953431107,51.0,0
516,43,19,5393,9,0.2272873194221509,0.9168765416074822,52.0,0
606,32,10,82860,5,0.1929125235446143,0.05850001715401419,51.0,0
528,53,30,51352,28,0.09908041479162592,0.5129428410745548,55.0,0
622,43,19,5172,23,0.07433873105514897,0.36765247910777615,64.0,0
479,52,30,370306,4,0.13273013073649503,0.19156187241704592,48.0,0
621,47,21,155561,17,0.4390557939914163,0.3256145498314794,51.0,0
457,27,5,68079,18,0.05277601090413448,0.25621330648968477,53.0,0
600,46,27,4942,1,0.1901823930898855,0.20202002033766722,59.0,0
440,42,19,6166,29,0.08964851826326671,0.3450521335892112,62.0,0
609,44,23,5551,18,0.5443029876527414,0.5522358956533083,54.0,0
565,46,25,55663,13,0.13761256060955898,0.06633634234039444,52.0,0
558,46,28,5439,20,0.13603804249683982,0.2516465052680776,65.0,0
620,44,22,86813,11,0.12418521967324135,0.27227018135988995,45.0,0
525,51,29,6552,7,0.0905039424065821,0.14078366135577766,59.0,0
537,32,11,83691,2,0.06328881425310279,0.09016053211351595,61.0,0
566,33,10,101414,17,0.09311437626044368,0.22389461852634876,55.0,0
528,44,21,2596,11,0.37183506149023393,0.7012732478923411,54.0,0
507,42,20,37250,1,0.20784255255702996,0.7293763060045148,57.0,0
602,28,8,301237,24,0.19503815533018404,0.18329194876964713,43.0,0
593,40,17,77362,9,0.12418222909480196,0.6499637017605845,51.0,0
597,40,21,92042,1,0.20505474265834442,0.3672736769915826,52.0,0
531,32,9,10277,11,0.07697000676043332,0.10830273888386548,55.0,0
537,30,9,5275,8,0.05625497538107734,0.15985755308105642,55.0,0
506,51,27,8792,6,0.06975717439293598,0.41560588841815593,63.0,0
532,18,0,57827,15,0.10754744501888076,0.08615226844503444,54.0,0
596,30,9,22712,20,0.12447694137338677,0.20907106062602854,53.0,0
454,29,6,1220,23,0.061479061479061486,0.25756946740835207,55.0,0
546,31,8,62785,22,0.1220616510574955,0.2585947112663328,50.0,0
560,50,31,5186,23,0.09486546294217633,0.275305072198425,56.0,0
622,53,30,10466,10,0.22437841115827775,0.19588888715409522,55.0,0
551,18,0,278826,27,0.19943342776203965,0.8079934717836824,54.0,0
555,24,3,8003,7,0.07561869844179653,0.12566471041073735,57.0,0
501,18,0,2416,7,0.1510586748130201,0.6832601650405824,56.0,0
540,24,0,30132,28,0.0707589065429784,0.1557032937519873,64.0,0
536,36,12,3323,27,0.035971303791357455,0.08182547805524326,51.0,0
572,34,14,150470,1,0.1448,0.43272253271598793,53.0,0
445,29,7,7436,15,0.15280135823429541,0.1183581212058451,55.0,0
558,42,16,13669,23,0.10664247017693684,0.5291564964182612,51.0,0
543,49,27,94724,27,0.22617233790418148,0.19891400992457237,58.0,0
545,42,20,2312,23,0.07434371119009893,0.3055415806682499,53.0,0
636,55,36,39772,14,0.1694631574542868,0.12078043459134326,49.0,0
583,43,21,94119,19,0.4712,0.1491810751952941,55.0,0
468,18,0,61163,2,0.07169516781380827,0.15035497260304176,57.0,0
555,24,1,90970,25,0.13673320013451762,0.15447228438109756,59.0,0
552,21,0,10550,11,0.06319972651910093,0.17376106630853888,54.0,0
537,18,0,26247,11,0.11544991511035653,0.21384347553838207,59.0,0
519,29,5,2514,15,0.7184,0.512812291860507,62.0,0
631,37,15,80667,7,0.12174211248285323,0.46586995762366634,48.0,0
421,18,0,103530,2,0.13566369956468066,0.6668028792875844,51.0,0
585,41,18,41320,7,0.11961108053568152,0.3218908195503693,66.0,0
508,26,5,17645,1,0.20236427811081853,0.24239425757709473,64.0,0
630,45,20,23034,8,0.04439434115050571,0.12577674074218448,48.0,0
564,44,19,3280,11,0.22696365767878077,0.585530057137592,57.0,0
578,42,19,1038,7,0.08293066636700754,0.24719411072578681,59.0,0
571,43,23,8401,13,0.0933852140077821,0.38003561176674383,53.0,0
636,43,21,7070,11,0.09539127058954024,0.38622547289385184,54.0,0
608,33,11,4093,14,0.23640582155663362,0.42475054385792005,53.0,0
635,37,19,7247,7,0.129786778863296,0.1836470566737772,52.0,0
528,22,1,4496,1,0.26014111995195915,0.3767040166182037,70.0,0
497,38,17,25466,10,0.31702274293590627,0.27153394741001596,53.0,0
529,57,35,93615,1,0.23645658477033418,0.15076622060700268,65.0,0
563,42,20,4835,2,0.2136,0.42117912701972526,57.0,0
439,37,13,121989,1,0.16371077762619374,0.19460331156253322,58.0,0
604,37,12,10551,18,0.1404131697869593,0.24492360662714446,60.0,0
467,22,0,4028,3,0.1584,0.6850044998564077,55.0,0
512,29,7,24380,18,0.14152847587762696,0.41571667413022456,54.0,0
543,52,29,9426,14,0.1825010579771477,0.35081924349085514,53.0,0
650,50,25,21942,24,0.12263814616755793,0.924168033750464,53.0,0
588,32,6,26239,25,0.2644332774986041,0.3054385236689816,59.0,0
585,63,39,57563,1,0.1080607841911075,0.04354617134787138,60.0,0
553,40,17,438052,14,0.05788294990055284,0.3032934513370683,50.0,0
544,40,20,45393,16,1.1104331909701037,0.33293015618458055,63.0,0
579,30,7,119286,8,0.10639722442023251,0.07096884263967004,57.0,0
660,64,42,1387,3,0.05508425334108077,0.09927268709938768,50.0,0
582,37,18,2813,1,0.0696546485128265,0.1569190776354375,64.0,0
586,56,34,13283,3,0.10857356795207787,0.472024470053706,54.0,0
587,36,14,7052,6,0.032940782029252755,0.1131432536543278,66.0,0
515,37,14,91725,22,0.2265017217191685,0.08974945405804403,51.0,0
622,24,1,333721,15,0.05634931232474295,0.15910564147645437,41.0,0
559,18,0,76834,24,0.03775311749227777,0.2798789497923149,47.0,0
589,42,17,1582,17,0.07451367215924709,0.20599917145616853,51.0,0
511,30,8,74716,26,0.10211833455076699,0.2631923875133578,60.0,0
594,26,3,7092,2,0.0791007613592205,0.052271157836424234,59.0,0
604,40,20,7148,14,0.06996946715256575,0.09455738683953321,52.0,0
599,40,18,407710,13,0.0702576112412178,0.35651587176985294,45.0,0
483,38,11,5435,6,0.0771083170976681,0.08548987761118056,54.0,0
611,41,20,30609,25,0.05780317588752908,0.16579899700065232,53.0,0
531,38,17,18750,10,0.10755872113961025,0.1461898776879323,61.0,0
535,57,39,50159,27,0.055435786880197103,0.299838584112367,48.0,0
595,44,24,171577,12,0.2903905591458275,0.19297418734335317,53.0,0
551,31,9,120701,18,0.07559184044754737,0.2008631899275572,52.0,0
592,27,5,2672,21,0.5263525305410122,0.5591628604992491,64.0,0
578,25,3,8495,24,0.1736643071851062,0.09738505949593249,59.0,0
580,39,16,8802,10,0.04690181124880839,0.2555039075272878,50.0,0
640,54,32,112615,11,0.4864,0.3171047661808827,47.0,0
585,26,0,9741,4,0.49161536828698793,0.5001848420523594,57.0,0
594,44,21,25723,4,0.23573433115060805,1.2399536118493255,62.0,0
487,32,9,20833,17,0.14424072607662788,0.1917757311517078,56.0,0
587,53,31,267299,4,0.08497402468482182,0.2192100295107075,48.0,0
604,45,23,1353,7,0.19172999820477532,0.3329847629761229,52.0,0
627,24,1,140794,15,0.060574521232306416,0.21453228580366196,49.0,0
639,49,28,171596,6,0.2396040965014778,0.21137879673467808,55.0,0
603,37,16,194627,12,0.11428110245752796,0.644882649644359,46.0,0
498,33,10,47412,28,0.3954478467332569,0.234815069965631,54.0,0
414,19,0,618206,3,0.08510241216815193,0.7243656103910923,48.0,0
570,25,1,108187,10,0.056142111961568104,0.21628480133047953,56.0,0
553,48,27,2351,19,0.11660205133238455,0.3192662733225038,50.0,0
572,41,19,190644,23,0.22,0.31930412895463745,52.0,0
631,41,16,152970,14,0.2257808063600227,0.43477584539379516,49.0,0
644,48,22,9365,2,0.16053006793592217,0.34011109942707074,55.0,0
549,28,7,9615,17,0.1520752387523149,0.5135378769817904,67.0,0
551,39,20,42665,26,0.060651922500321254,0.0685450237949605,67.0,0
629,43,20,40245,11,0.17901188981611402,0.14543202107800252,47.0,0
560,26,1,6195,21,0.07850625928283471,0.17547374743601507,58.0,0
605,39,16,9229,29,0.13317345715233309,0.1076267383116062,52.0,0
513,41,20,508504,17,0.11698826069356363,0.4710902292289121,51.0,0
499,42,23,97373,28,0.051552431165787935,0.2574798538468638,49.0,0
582,36,16,23131,10,0.1576215800602294,0.30185597803303926,60.0,0
507,27,4,7589,13,0.03506695272619664,0.06738997152878703,55.0,0
441,19,0,88272,1,0.08679184462889838,0.2697403911657718,60.0,0
557,51,30,8928,19,0.35998968510930923,0.4682009334258032,53.0,0
577,22,0,3112,23,0.040946045824094605,0.0934073156428299,48.0,0
566,29,5,72716,19,0.262807209175314,0.2861642824812862,53.0,0
604,48,26,264963,23,0.3488,0.32149473633324993,48.0,0
556,63,41,198392,20,0.19386359194840727,1.0317203694156607,59.0,0
627,28,3,141569,17,0.08759325146333066,0.2136029261777781,51.0,0
583,43,20,64154,1,0.157565652355148,0.23061215007794267,52.0,0
645,51,31,10254,14,0.027872270382969383,0.35017299848127803,53.0,0
573,31,5,2411,16,0.1565002516816913,0.35298053494300385,53.0,0
645,72,48,9519,11,0.08977170127692506,0.15033721093368516,49.0,0
619,45,23,16865,11,0.12522297538351765,0.30149501934429557,48.0,0
521,40,17,6310,15,0.12692739287643906,0.13503606132507848,58.0,0
626,47,22,21983,22,0.165122083559414,0.2763801576925686,49.0,0
650,40,15,2275,29,0.0339245232697693,0.07097529763076049,63.0,0
666,71,43,34681,15,0.11448146746599216,0.06273704146205328,47.0,0
609,66,42,9088,29,0.471815446339017,0.37868606157959644,69.0,0
604,34,12,2227,5,0.1802498512790006,0.35685778769253307,52.0,0
571,44,23,36607,23,0.15648984581946615,0.5244325582307613,60.0,0
577,64,44,79312,18,0.0690846286701209,0.2711190048626261,52.0,0
566,36,12,7738,6,0.16078664433518827,0.20402386397215935,55.0,0
609,37,17,7051,12,0.03860527085432035,0.312168670790354,56.0,0
549,28,6,103176,12,0.2510330578512397,0.4675673770260754,51.0,0
588,41,19,2473,17,0.06409778639040024,0.2905482568849467,51.0,0
626,58,40,57650,1,0.07892621764989552,0.20028163213882544,56.0,0
546,41,17,42602,23,0.04385066567358719,0.11627426672842399,56.0,0
573,34,12,13221,11,0.08691988202010474,0.10254539468956925,58.0,0
462,36,13,61355,3,0.28882175226586104,0.29661774459530665,52.0,0
515,32,6,4991,18,0.03385117249124308,0.09062691391362893,52.0,0
457,29,3,26529,11,0.4341844159280328,0.406792503882586,57.0,0
529,42,23,32849,6,0.2878968487148062,0.163767641725903,52.0,0
571,35,9,5164,23,0.4576,0.14310072021477194,54.0,0
580,18,0,70952,19,0.13989605625191073,0.29539278070161695,51.0,0
571,36,12,22520,11,0.22069337650074194,0.26862410357606736,60.0,0
587,46,21,7949,20,0.10810112686061155,0.20928108001063875,52.0,0
630,46,21,321380,27,0.33731945954340736,0.8562297924106536,48.0,0
502,32,11,623738,4,0.05938172156383113,0.18485265002570345,52.0,0
576,39,12,1086,25,0.08665392344263098,0.04778061699206964,56.0,0
464,25,5,74204,5,0.09739139526373569,0.35346680508283657,57.0,0
497,29,7,29789,28,0.12204085120929835,0.1711557281799915,52.0,0
595,25,1,80690,25,0.31136180499597105,0.26834505283165544,50.0,0
611,38,14,207193,2,0.11402860788395677,0.524647981525754,53.0,0
628,54,35,1106,1,0.1504009816381086,0.21223572011952593,56.0,0
490,36,14,5321,26,0.07676461021359644,0.26592270488791664,49.0,0
564,40,14,77794,6,0.270298459563543,0.19716508309076855,55.0,0
618,53,30,91299,1,0.09384609544056793,0.12242237902064643,49.0,0
591,41,18,28464,15,0.07577179719098248,0.04149911431858496,55.0,0
608,65,43,53367,17,0.5256541816316059,0.7458436841682123,46.0,0
553,35,10,4493,11,0.08600643455547415,0.19734719908011725,56.0,0
620,53,29,8629,2,0.1548161558149697,0.08614894787271019,51.0,0
623,43,22,30287,20,0.05084555941314817,0.25579642753345666,52.0,0
564,55,33,25198,2,0.10235681008495479,0.20727641185745518,58.0,0
608,48,25,46906,27,0.0802592411168469,0.1555384797996618,47.0,0
425,30,6,16653,18,0.07634458423922728,0.14661156218296328,55.0,0
613,27,5,1825,11,0.3776638104035932,0.36293040211206706,52.0,0
607,34,15,10953,11,0.07350908137483911,0.12299181524676764,47.0,0
599,32,13,1767,7,0.14130549404196985,0.10491132460199462,63.0,0
611,48,25,7548,1,0.14146809295462928,0.06463503877992802,69.0,0
468,29,8,36285,4,0.6330418669291795,0.32830591525253056,61.0,0
615,30,10,24379,24,0.29142283899013544,0.3355476218418766,49.0,0
603,44,20,23460,24,0.1420010619737541,0.06793854742365019,49.0,0
568,22,0,75608,1,0.07222488201901374,0.25927895640896825,60.0,0
477,25,2,3688,1,0.13605815388835552,0.17911731556409857,57.0,0
514,44,23,113209,28,0.20566660872588216,0.2925986314500205,50.0,0
652,52,32,219555,20,0.04079116938421023,0.7254090506591365,61.0,0
506,49,24,10577,7,0.21453957996768983,0.3787080910123265,59.0,0
600,28,8,5406,5,0.11790736921057568,0.30938674412652784,53.0,0
609,27,9,5972,18,0.10702407056098943,0.22552239945308564,51.0,0
549,48,21,56728,2,0.0466838175315304,0.2814952657604249,59.0,0
629,41,17,53818,11,0.09361233480176212,0.22183111040568915,46.0,0
595,24,0,66497,19,0.10242663656884876,0.3018072284860163,50.0,0
560,49,26,135966,1,0.09581122544116899,0.10551959333973336,51.0,0
573,37,15,213021,18,0.17219462099975022,0.09989343692623262,48.0,0
511,29,4,68928,1,0.13178500331785004,0.4325765322872229,62.0,0
530,31,7,51410,26,0.1653631284916201,0.18920947577734862,53.0,0
552,28,5,15545,1,0.02234780375032109,0.09804544240275413,63.0,0
612,37,13,98577,16,0.1816749803097926,0.20335360494801416,52.0,0
501,28,10,8245,25,0.17077598828696924,0.12074156052122102,55.0,0
566,21,0,114769,20,0.08007626310772163,0.16474152765292732,61.0,0
564,38,15,17580,28,0.21972898149497305,0.3390948249726755,60.0,0
637,32,10,32399,27,0.40372407955988154,0.5350935591354435,49.0,0
606,25,5,7599,6,0.2176,0.33264448079181375,52.0,0
606,36,14,2032,1,0.132220367278798,0.3055027664893654,50.0,0
598,50,26,118590,11,0.31966966665998514,0.0981006285154301,59.0,0
594,43,21,4103,12,0.1274954072259645,0.5079166339799371,58.0,0
610,48,23,95261,3,0.10727459016393444,0.6906104674962409,50.0,0
464,48,22,11169,18,0.044358491027932136,0.105785513084338,69.0,0
494,35,13,4851,11,0.0498960498960499,0.18951225165083788,54.0,0
614,35,17,59552,18,0.2030159521435693,0.27336753655916585,47.0,0
631,43,21,62034,22,0.15257687774563378,0.923615643145501,59.0,0
606,37,15,26595,8,0.05445019646978108,0.11552339431400527,53.0,0
489,52,31,108043,24,0.12683823529411764,0.9129371132384985,57.0,0
597,53,30,74884,4,0.12152467300214187,0.14607986199612083,55.0,0
619,48,25,73575,8,0.09286392339758141,0.0687404839296639,46.0,0
628,52,30,57765,4,0.20328001619761085,0.2796179885420368,54.0,0
587,18,0,9995,25,0.1171048030770209,0.07644572925742628,55.0,0
558,32,7,75054,15,0.252,1.2418687088246125,53.0,0
572,36,14,9016,15,0.2104183553621942,0.19716293188624806,53.0,0
557,33,7,222388,21,0.04517784221152824,0.0921330592230649,49.0,0
568,44,22,90156,8,0.5848,0.16135172137945344,59.0,0
627,47,26,9537,19,0.08007655116841257,0.19603796046937666,48.0,0
562,38,18,150181,8,0.1962304504745355,0.6289057591254625,57.0,0
545,29,7,6014,12,0.3055456807678635,0.15496759304749158,70.0,0
570,39,17,8742,22,0.14835585011470814,0.5078917238161267,63.0,0
538,18,0,117374,22,0.3116435546073685,0.2341654193376908,50.0,0
514,34,15,200669,1,0.026567125756210584,0.23886339921304026,55.0,0
580,19,0,1494,26,0.5043337282534139,0.8748343823099266,55.0,0
574,44,19,46332,7,0.12953162520691022,0.366096465224751,53.0,0
618,47,25,37176,18,0.08126335655407844,0.610488508477211,57.0,0
509,34,12,36640,5,0.08971164115343538,0.2994883183820653,53.0,0
584,30,8,22798,29,0.36635366992773216,0.5067140042658613,51.0,0
439,42,18,30396,26,0.09595484477892757,0.24683090713901443,56.0,0
553,39,19,50916,17,0.06666927501075942,0.1617302364787509,49.0,0
523,54,27,88480,28,0.06128500823723229,0.06076029636647599,56.0,0
442,33,7,19011,5,0.13537615230891548,0.3405726460619784,62.0,0
527,37,11,57544,16,0.10382794226710024,0.19178332270717138,49.0,0
492,24,1,9718,1,0.037515686576693595,0.592707844939522,59.0,0
613,41,18,68462,6,0.06238761629270581,0.09713962183528335,47.0,0
537,24,1,53291,25,0.03857514326828406,0.07436950815980305,55.0,0
521,50,27,8381,15,0.06888925487612639,0.36121157056112374,51.0,0
505,32,9,56636,28,0.34437295227568787,0.6297675996104161,51.0,0
615,45,21,8481,13,0.07351998290232956,0.1441646079003733,49.0,0
568,42,17,40547,14,0.1729874297940626,0.09006440347794849,59.0,0
590,51,30,114761,1,0.09850226701334422,0.25959946600083883,54.0,0
564,18,0,77147,14,0.12337563063751722,0.9989639706608722,54.0,0
439,28,7,7315,19,0.3928,0.49829609530848584,51.0,0
569,45,20,9724,14,0.4072,1.6202832001590626,63.0,0
627,43,22,1037,28,0.17573748478872056,0.10161484622700441,49.0,0
641,44,21,30892,24,0.058884459650334287,0.12659414529422286,53.0,0
609,32,9,132454,23,0.16989267039721126,0.2855868826331656,57.0,0
573,21,0,41112,10,0.42,0.6069259584114262,51.0,0
421,41,21,9375,23,0.09869936826458565,0.07267478144158177,48.0,0
534,69,47,18217,17,0.061887886926949826,0.2547625038833567,67.0,0
580,44,23,187635,10,0.17114523352527192,0.4005266898296792,48.0,0
574,23,1,161559,20,0.17800419538507642,0.5430145928334881,49.0,0
562,55,34,27646,15,0.0726866088901314,0.11677614486796582,59.0,0
509,18,0,31990,11,0.1380799730048929,0.35496541336248466,61.0,0
477,21,0,134118,19,0.45226526592252136,0.13048469080388747,54.0,0
600,51,27,26139,1,0.0932370820668693,0.1651000613633031,51.0,0
558,43,21,293204,20,0.14148806412266945,2.024713233361374,47.0,0
503,18,0,23246,21,0.15767131594906003,0.5657911532410647,60.0,0
603,41,18,92863,16,0.17265565986835005,0.12036071907461662,51.0,0
665,49,26,74721,11,0.12768047143558683,0.13640920454559818,45.0,0
543,30,9,57910,23,0.06364756438380863,0.13302704393777054,55.0,0
562,23,2,2384,23,0.08303958675135233,0.2821527821789788,52.0,0
560,38,15,4215,23,0.094162792413844,0.14899289741194305,58.0,0
591,30,8,17610,18,0.2244469273743017,0.15129645511512677,53.0,0
539,37,13,301790,29,0.12463636363636364,0.22718571090540024,46.0,0
514,41,19,107878,6,0.08691243572101108,0.14838278722662823,53.0,0
577,24,1,8365,10,0.13339306714453716,0.1490256424665918,62.0,0
522,29,8,96918,10,0.2025410074222774,0.3224514946562042,53.0,0
603,53,30,7995,18,0.19427056784585583,0.1361252430677197,58.0,0
608,28,8,85001,3,0.10673748544819558,0.06295110824723896,67.0,0
568,49,25,3054,28,0.24237020780467733,0.47033768214899463,52.0,0
640,46,23,20515,17,0.32595111583421893,0.5857462731493835,49.0,0
575,33,8,7644,27,0.09248730194829809,0.2594340078108717,53.0,0
609,32,11,2782,27,0.2096842105263158,0.4510567297825174,49.0,0
629,39,16,5575,24,0.12612180256274896,0.5742142847455702,53.0,0
566,50,28,6441,21,0.09872202312529582,0.21118738924739786,58.0,0
542,22,0,30171,2,0.35305313243457576,0.40410670844800994,61.0,0
607,52,31,423041,20,0.2576,0.9084566804389724,42.0,0
518,18,0,42618,10,0.0794791502399243,0.37002612393232676,51.0,0
599,44,21,131606,3,0.20813154634530914,0.37737895642916613,52.0,0
597,44,22,190353,5,0.09027081243731194,0.19804137145911768,50.0,0
570,18,0,25750,7,0.08683551349846924,0.15529824490159425,54.0,0
571,61,40,14957,7,0.07072438919845692,0.09599923860975224,59.0,0
614,42,21,6006,9,0.08483003551496703,0.6094512935088201,62.0,0
568,43,19,39487,18,0.26851294400963277,0.2350424917109192,58.0,0
497,31,5,501214,4,0.19201137845205643,0.34078052540638865,49.0,0
584,55,27,24131,1,0.046361209385106246,0.5263519404036844,60.0,0
581,39,20,9775,16,0.07872606906423331,0.17649144497929303,55.0,0
587,43,20,65306,13,0.0673594172875806,0.14371164150458923,56.0,0
525,29,6,145539,17,0.1713023888653447,0.1532657457601395,52.0,0
616,39,18,3609,11,0.124986849026828,0.13266983270023558,54.0,0
505,32,9,17130,8,0.12270552550111011,0.280307514305248,57.0,0
494,28,3,14689,26,0.1377544898204072,0.6111230500867312,58.0,0
542,47,20,157765,5,0.2348499150462526,0.7875826560511195,51.0,0
528,40,15,8695,20,0.18850129602448396,0.24735987853879446,59.0,0
574,46,21,7412,14,0.10435914118412491,0.14474510287473083,50.0,0
549,52,30,21089,18,0.04586574474214924,0.07736632955596474,54.0,0
459,41,23,13186,25,0.06054857004460411,0.19381684824566808,57.0,0
550,42,19,4510,20,0.14382102272727273,1.4353889973133866,53.0,0
540,53,31,6138,25,0.13689514212377601,0.5148410073887514,53.0,0
565,53,32,7947,6,0.11843986113947315,0.3788890558552342,56.0,0
615,64,46,38248,8,0.025884383088869718,0.09523692168202855,62.0,0
548,48,28,28927,15,0.04468156052017339,0.23385251085272965,49.0,0
628,32,9,175002,1,0.04408307808159236,0.05687018270552646,52.0,0
449,31,4,6458,11,0.3682476943346509,1.256796306653911,55.0,0
620,61,37,63008,1,0.04620289971323721,0.26260033429451807,48.0,0
510,27,6,10092,23,0.1568,0.7570166438405662,56.0,0
578,24,0,57171,13,0.09477855352184814,0.1874378792425418,62.0,0
521,30,9,6861,14,0.042764785295622054,0.1726297801612439,55.0,0
527,42,19,10424,28,0.04415312851857809,0.27451005915730137,50.0,0
592,41,20,12658,24,0.052551685227226926,0.2806376405050441,59.0,0
543,30,6,236044,17,0.464,1.2522776107228042,56.0,0
554,34,11,3407,10,0.22283088064620957,1.0305492724689982,55.0,0
542,32,11,27947,16,0.09387965734337908,0.36094338903901996,55.0,0
589,47,23,4707,8,0.10970982546164132,0.2999935820089355,59.0,0
506,18,0,27720,19,0.10093513433278907,0.12305377733694958,57.0,0
610,30,7,6820,10,0.3784,0.38697504741697875,52.0,0
605,39,19,8075,13,0.09097846153846154,0.18517489291395234,48.0,0
511,44,23,64729,14,0.20040281973816718,0.48120340516033916,55.0,0
644,36,12,112016,2,0.047440587461874906,0.06090902969164568,69.0,0
580,26,5,17817,10,1.0248,0.20719778831167124,55.0,0
556,45,21,90946,6,0.06881704041000629,0.18547454986031092,56.0,0
540,41,18,132864,13,0.06202466218710773,0.1785107504243028,47.0,0
603,41,21,65509,26,0.0886796584190935,0.17715355247581632,59.0,0
635,43,22,49379,27,0.21203850021548631,0.3905897885482135,49.0,0
530,26,2,94575,11,0.10389999251440976,0.07399351945827091,48.0,0
577,56,31,87538,5,0.0716197569450217,0.5724619180613958,56.0,0
616,56,31,6950,20,0.07471359787481321,0.3144495317164449,48.0,0
588,39,11,121504,7,0.12020680741059887,0.1629880919048368,58.0,0
569,45,21,7491,6,0.2658776577444437,0.32461933613319355,53.0,0
583,45,24,14760,28,0.16533764005248813,0.7603278338595448,55.0,0
590,36,16,14676,6,0.11226934282939463,0.19669337156643174,53.0,0
519,59,38,766410,24,0.13849332047927285,0.3586085892929296,48.0,0
564,50,26,2671,6,0.1002592112571746,0.08491209026996382,59.0,0
586,27,7,10493,10,0.3199829000454218,0.3354591115260902,52.0,0
588,40,22,2139,9,0.32073907378893757,0.3134284458392891,53.0,0
592,51,30,38439,21,0.17324201081839496,0.10959149634339756,52.0,0
584,59,35,132946,29,0.1376701696790194,0.12540584236593497,50.0,0
631,55,31,26326,22,0.19163419959755104,0.5989334865774446,50.0,0
612,48,21,107951,5,0.10128125289838749,0.1646032937397593,57.0,0
469,30,9,117968,2,0.14056798349992067,0.1527984893100841,51.0,0
581,50,22,10670,5,0.03600371994154378,0.08655861747994807,51.0,0
522,35,12,3550,22,0.11707750827446525,0.07086009209885882,55.0,0
627,46,25,66103,12,0.14364741090051691,0.4001459348924132,49.0,0
595,27,4,923186,20,0.3160104714755968,0.4628044198171284,47.0,0
557,28,4,59185,29,0.02536997885835095,0.08864478674136891,61.0,0
556,18,0,54303,26,0.5123099399383151,0.8632937048961257,55.0,0
535,49,27,9520,18,0.055520855021167326,0.10221921833594504,58.0,0
501,43,23,1249,12,0.8424,1.370536853407911,60.0,0
638,58,33,85580,14,0.20949464012251148,0.8285318253380527,67.0,0
583,58,36,5680,22,0.18191766712800542,0.3446790066063435,60.0,0
541,40,17,5371,15,0.10917236500825277,0.3082653338061333,59.0,0
541,27,8,86612,19,0.10141062305195848,0.14534087866214163,52.0,0
546,50,23,195111,18,0.2020268061457993,0.21645864432408254,64.0,0
509,39,14,43277,24,0.20946933587543692,0.17464271703548262,60.0,0
617,37,16,114761,25,0.17603249830737983,0.2533096681593783,50.0,0
546,46,25,75694,7,0.30706274628675356,0.24259514393686882,53.0,0
604,34,10,26802,21,0.21251106828480648,0.43734147431039977,58.0,0
622,33,10,76741,15,0.07587911043527847,0.10129815076268046,46.0,0
487,32,8,75465,16,0.08285385500575375,0.5995789835433226,48.0,0
469,32,11,91518,23,0.05680606934604051,0.3954640980519625,57.0,0
487,57,37,1345,28,0.09262607223910452,0.11452283344183717,63.0,0
555,33,12,81172,4,0.06018751890311524,0.42724001124823024,60.0,0
558,26,5,87003,5,0.07779748233857604,0.25062409121213947,56.0,0
596,33,9,18217,15,0.08061044805321854,0.1398074270101969,49.0,0
616,35,15,5949,22,0.14892809058583906,0.1255717137362336,48.0,0
541,34,14,92033,6,0.037981878364371925,0.3585078875460297,49.0,0
584,34,11,3080,3,0.2633606969341598,0.9010080346850579,55.0,0
484,47,26,13376,13,0.14240705734089476,0.3005858833034392,65.0,0
603,56,33,9788,8,0.08295105424855856,0.2449014300608815,53.0,0
611,54,31,127338,10,0.06764847899565428,0.09313197352242332,59.0,0
638,52,30,70564,20,0.2142967741935484,0.18664204683716018,54.0,0
602,42,22,216151,1,0.13508805883491387,0.17413683473104108,49.0,0
626,39,17,17689,6,0.45863161600751085,0.23730382745750003,62.0,0
545,41,21,1326,1,0.24748283752860414,0.44323003395451943,56.0,0
577,32,8,24317,21,0.08433596128841121,0.07862182256667172,61.0,0
423,27,4,97512,22,0.03769684938655642,0.18460666893902353,49.0,0
523,36,13,99253,23,0.0755369372963628,0.3678120124761809,52.0,0
591,33,14,7169,21,0.12072698164353159,0.23958294951846504,54.0,0
566,18,0,60442,23,0.07749321200557717,0.1583933785096284,56.0,0
593,42,18,5963,10,0.3256,0.6622422428099988,58.0,0
516,23,0,393647,19,0.16535433070866143,0.31622140724368886,45.0,0
618,34,13,77524,5,0.07812226780550137,0.15533769237762338,50.0,0
621,39,17,75430,7,0.0658277795154344,0.13382699374781645,52.0,0
581,31,9,10015,7,0.08566987161034026,0.37319941287569663,50.0,0
590,42,20,9550,19,0.04476457742608544,0.20083739461259492,48.0,0
636,59,34,1923,3,0.46332321970373014,0.6129279020924977,52.0,0
635,68,45,2989,3,0.031144881755314605,0.12713049827550044,57.0,0
568,55,34,59721,22,0.06724572709442422,0.22540394322715263,72.0,0
618,51,28,19405,8,0.09949009999337792,0.054631417782206024,47.0,0
538,41,19,9643,4,0.06748210023866348,0.13708053461229386,52.0,0
658,41,20,115095,25,0.17316593556194224,0.31486302181494663,42.0,0
536,25,4,13407,22,0.05645700232564357,0.3244717419138019,65.0,0
536,63,41,62313,7,0.10098993428167374,0.18928019488978726,57.0,0
501,40,19,9438,23,0.7522082752208276,0.23627345467369662,56.0,0
581,43,24,8296,19,0.12514838053247412,0.19577276619204145,60.0,0
601,42,17,154234,16,0.06475664120545374,0.2566382697094883,50.0,0
596,44,22,101282,27,0.11887231156752567,0.22388589542278764,48.0,0
603,44,23,4761,29,0.17405383525602106,0.16475065208881273,54.0,0
565,40,20,33514,24,0.10532333456636515,0.38313649055461324,54.0,0
664,54,30,1107,23,0.20289733007664448,0.18919321028334896,46.0,0
537,50,26,220370,26,0.1489298694306098,0.1584528109696748,47.0,0
554,46,24,1700,28,0.20068399452804378,0.514925495055109,53.0,0
492,21,0,94731,9,0.06118604475924949,0.4579321494075431,49.0,0
546,18,0,18109,12,0.06412378122943792,0.21547482206971003,56.0,0
532,18,0,33252,17,0.10178741983899577,0.4251248063149938,57.0,0
510,39,13,142194,20,0.08245274109774167,0.09961532033261204,51.0,0
528,18,0,103809,5,0.13970274360665919,0.32077843591607524,53.0,0
587,49,25,55118,27,0.0874672114023074,0.27343289396905535,55.0,0
642,63,39,70669,7,0.11221098776780034,0.22794475510081788,50.0,0
572,66,39,128246,4,0.31523477440159403,0.22261227381929694,52.0,0
501,36,14,3378,18,0.08349534431597258,0.34406457791205597,51.0,0
607,48,27,23522,25,0.19213184291500793,0.13565722777358075,51.0,0
616,40,16,68885,4,0.1635357024558747,0.24577280451711225,57.0,0
503,29,4,33253,11,0.1347030819343523,0.2374019705726974,59.0,0
555,26,0,2381,8,0.20403782949896038,0.24717924113870246,60.0,0
638,41,19,6106,24,0.27684027583113757,0.18188116778840446,49.0,0
575,47,22,84517,19,0.11531595071741862,0.2369461581517017,53.0,0
594,45,27,13468,27,0.20579564248220322,0.15985196705463553,67.0,0
537,37,14,46296,28,0.10073415426014216,0.1431707290110597,58.0,0
533,38,16,245109,13,0.18181439780224354,0.21926086604079653,49.0,0
569,52,32,100208,7,0.16944586371870501,0.37821267914293866,54.0,0
523,48,25,91236,24,0.0778175313059034,0.24951927704016486,57.0,0
521,49,27,4624,22,0.04612939393566034,0.10450919280839577,48.0,0
555,29,6,87934,10,0.07662678668124279,0.061383255831743797,51.0,0
543,40,20,9270,4,0.06420222148991024,0.20190846608570823,67.0,0
444,48,23,254461,19,0.13013351360486733,0.6310949413768994,62.0,0
591,63,41,102695,28,0.06479810738201211,0.1620057267827445,54.0,0
562,56,32,230209,9,0.10990944372574386,0.8476109591827665,47.0,0
625,29,6,28748,22,0.25102021143279457,0.06467756937874905,55.0,0
587,42,20,6165,5,0.5490609092504827,0.3664396865266833,60.0,0
550,42,18,2933,14,0.14059710680209295,0.1225216528822427,54.0,0
604,40,13,30476,27,0.11779283890223798,0.12068275350802568,49.0,0
501,36,13,169821,3,0.09600201051330917,0.42703607318143283,56.0,0
673,50,27,95659,1,0.0806503487972318,0.11231604185842893,49.0,0
580,18,0,100038,22,0.05292397660818714,0.14893989950654174,63.0,0
456,20,0,1376,26,0.0524575355282048,0.11921395986578617,59.0,0
602,33,10,116733,17,0.1780648540130057,0.22234950099865433,44.0,0
543,40,16,24917,22,0.1506719666855953,0.3403994090112004,54.0,0
544,48,24,5826,18,0.13572838049514818,0.14394056037657835,53.0,0
618,41,19,6169,15,0.07407123413717746,0.14440446492608128,60.0,0
483,33,12,10791,13,0.21762321314273522,0.17560903879433098,58.0,0
474,38,18,233527,17,0.1136398919489552,0.2386794930154981,47.0,0
632,40,20,40264,15,0.06344229121470112,0.15320658572692478,50.0,0
616,57,34,127783,1,0.12199912197601608,0.17307659009330778,50.0,0
538,22,0,91277,27,0.021632149850294748,0.13994391684480678,57.0,0
473,34,12,10854,20,0.14816765993875738,0.11896249474634267,54.0,0
580,36,13,7698,19,0.18645286148742052,0.4103098319633967,52.0,0
569,29,4,1862,25,0.32341276037600325,0.8535402636922993,54.0,0
479,39,18,7508,27,0.029993037330619678,0.1806530073570873,55.0,0
581,31,4,185703,3,0.3638798093962904,0.9983696057923384,50.0,0
458,34,11,80906,12,0.050863945893361746,1.0188671539591625,52.0,0
560,37,10,27060,4,0.1060972925379705,0.3112900837983521,56.0,0
519,30,10,5560,19,0.03736815670517328,0.32943002514843533,50.0,0
652,57,36,23792,23,0.09322391254987186,0.08283620649155171,51.0,0
613,37,16,1141826,5,0.15841943085009969,0.48491956564805455,46.0,0
628,40,19,6089,15,0.14842002638068474,0.13266957838971336,49.0,0
631,22,2,1409,7,0.08240817103343273,0.3149577572912636,51.0,0
520,18,0,5826,5,0.20797853407441888,0.3921693911905194,61.0,0
565,35,13,95569,10,0.10637368125351145,0.6758806750684919,49.0,0
639,43,20,9191,6,0.0976425855513308,0.4385589238489181,52.0,0
621,40,17,40547,9,0.08979435781194528,0.3997796183385836,54.0,0
519,56,36,9203,8,0.15194234689482902,0.08312595617575727,72.0,0
585,33,7,25586,1,0.1503042074895027,0.1531076274861388,63.0,0
568,35,14,2274,27,0.06508153149917391,0.2219249066942893,51.0,0
558,39,13,7273,3,0.07323293660432353,0.7471483264356493,54.0,0
484,30,9,4335,25,0.061836789657958524,0.1269834047009012,55.0,0
555,46,22,20041,1,0.03643642970090503,0.06077798914936753,56.0,0
570,41,16,141551,21,0.06280156701405169,0.10992621449148328,59.0,0
544,31,7,4940,26,0.06164935742400531,0.22871484669528194,54.0,0
603,33,11,22800,27,0.05056082498027974,0.8469162589241461,51.0,0
580,25,4,15560,15,0.10143647603770525,0.16109175311381957,54.0,0
551,51,29,250243,17,0.17954244031830238,0.6516669940626855,46.0,0
485,18,0,416175,7,0.09671680414038493,0.17507441743550173,49.0,0
554,18,0,111345,8,0.13251440028004965,0.24321557013607878,48.0,0
504,30,6,50680,5,0.2117436203806435,0.41496592281435424,52.0,0
624,59,41,15253,10,0.11543780478928597,0.12069075499211297,59.0,0
581,26,3,30491,19,0.1624751632131706,0.4559838803227841,57.0,0
561,18,0,19618,7,0.06851315129987579,0.160057213870421,52.0,0
599,31,12,134071,18,0.08940284360189574,0.09696552314212692,45.0,0
430,18,0,138856,17,0.07522298870776396,0.21570437692599967,45.0,0
612,26,3,3231,5,0.10077357307129417,0.20015663086029353,57.0,0
541,30,5,4342,8,0.19066675442638056,0.2714448261274462,56.0,0
483,18,0,53836,4,0.22849774339136042,0.44993022116229253,59.0,0
611,38,14,8310,16,0.1918677765135637,1.3456635973627327,52.0,0
634,42,18,78546,19,0.10251610656451332,0.09077216711214256,49.0,0
649,35,11,80180,20,0.11850102898712571,0.10545187023296386,52.0,0
661,59,34,61903,21,0.0518085746198127,0.1629253484305278,54.0,0
604,40,21,5046,23,0.053875376190241256,0.0931072908897018,47.0,0
653,61,42,23696,8,0.052815709287890755,0.13950601893585593,64.0,0
579,40,19,1284,5,0.05430459943501276,0.10307945339561038,61.0,0
471,62,44,68647,27,0.14670966370176125,0.2199804485059493,58.0,0
613,28,9,4128,22,0.17942568765249306,0.059870889466164534,50.0,0
638,63,41,108556,14,0.09479877358229981,0.09263836257778292,58.0,0
628,37,15,10329,20,0.1343329567628633,0.13939519082126764,53.0,0
617,40,15,6939,4,0.2051840312318174,0.2698481754764959,56.0,0
574,59,35,53300,7,0.116827608041792,1.0764800019685148,61.0,0
614,34,13,25842,26,0.06956275246261782,0.09290703593253012,47.0,0
465,23,2,179583,28,0.05207806778532592,0.38052397644403374,45.0,0
593,38,14,6733,7,0.11889575192234969,0.7587176193126952,56.0,0
491,25,1,3657,7,0.12345735337728403,0.12313723694807527,65.0,0
545,31,8,7248,10,0.18784643810305893,0.13400816134889998,62.0,0
540,41,18,20705,25,0.02652076265112056,0.19097138026389246,52.0,0
501,41,21,1014,15,0.045534595762450294,0.33750715933661357,50.0,0
509,24,0,61621,3,0.023591363875724067,0.17453501240171715,50.0,0
627,46,25,3659,7,0.027952197690905407,0.09391349848507398,55.0,0
537,35,15,36514,23,0.13222862430079488,0.34122351628916614,52.0,0
532,23,0,50147,8,0.13954762702060947,0.22157447706627784,61.0,0
477,52,28,149984,14,0.16389197188309285,0.2999677443846193,54.0,0
584,42,21,169872,16,0.04632142983043678,0.08435919726820955,53.0,0
595,31,8,1483,12,0.2087037903603182,0.5924073681464139,66.0,0
587,18,0,15225,10,0.17778472724429764,0.15796469304313787,59.0,0
596,54,33,29491,2,0.1306415283223492,0.19182880532800772,56.0,0
568,48,23,36324,19,0.17735498839907193,0.2935010387966115,56.0,0
550,38,16,5584,6,0.3944,0.5856250549745968,59.0,0
619,39,16,78149,2,0.030547511616943905,0.07887625392365241,49.0,0
648,40,19,7770,7,0.528,0.5473915402530531,61.0,0
596,48,27,151705,21,1.1823951721985226,0.2895476785982593,53.0,0
573,41,17,8939,19,0.2865516118528167,0.5514426288571792,57.0,0
628,62,38,40480,13,0.13414731922984413,0.06100600674080823,53.0,0
579,40,18,46684,18,0.20292001066129653,0.18526900963697351,54.0,0
484,34,9,127203,1,0.17375406779041283,0.5631520122295725,57.0,0
541,33,11,55336,16,0.14481926326073216,0.37657381197383394,61.0,0
617,31,11,6903,6,0.08981401175676978,0.3418625816392862,67.0,0
637,39,20,49402,11,0.14294083186877563,0.4627153549415519,52.0,0
404,27,8,63486,13,0.15723981900452488,0.3105436642611631,58.0,0
618,35,13,9779,24,0.14691466364161726,0.21846423106997342,47.0,0
618,49,24,35298,9,0.12311844986434936,0.11267202761700548,52.0,0
568,35,14,168447,22,0.08475641410967513,0.14059673085625266,49.0,0
541,25,2,87796,27,0.27903211298012054,0.4706787875111746,57.0,0
634,40,17,54605,11,0.13745777027027029,0.08314718513522303,61.0,0
684,55,34,354862,7,0.1737403164934119,0.28100194332894624,46.0,0
537,26,4,28214,28,0.033455482453824466,0.1444976867721348,58.0,0
544,18,0,13042,18,0.1462553584937379,0.36017377615834684,54.0,0
519,45,22,5002,1,0.09835435743100468,0.39876060612648057,59.0,0
498,49,27,25406,14,0.21758003255561584,0.38205800060215267,55.0,0
629,32,8,10816,8,0.34890539483971855,0.13751508860515857,52.0,0
555,43,22,21926,15,0.076058836573287,0.11368902291691388,51.0,0
646,31,9,13552,25,0.05134337281865401,0.23128732511273545,48.0,0
533,34,10,76228,10,0.12819597396534205,0.13044269520328589,56.0,0
571,35,9,114419,23,0.09966226980182247,0.19470208029573519,60.0,0
460,24,2,30579,3,0.1717646188556423,0.19729620158309288,56.0,0
611,41,17,5182,19,0.12338225861223256,0.67289965047234,58.0,0
552,43,18,125480,17,0.1451022604951561,0.361907259262831,48.0,0
582,41,21,1660,8,0.1529632666014334,0.9022565258643694,54.0,0
602,18,0,2926,25,0.1412289395441031,0.2096143770746667,53.0,0
507,42,22,14301,28,0.11396381757122738,0.186373229513061,51.0,0
629,32,9,1974,3,0.14210329496821375,0.361738362019884,56.0,0
581,50,31,18632,24,0.04465682750454603,0.10556431299224697,68.0,0
561,21,0,8494,20,0.09856427378964941,0.2327868493056823,50.0,0
542,47,28,164723,25,0.02683122107442051,0.18807860939522145,47.0,0
466,42,22,284061,21,0.05788087455970552,0.09972024477519063,49.0,0
557,37,18,91116,8,0.16470397141232845,0.1283008682338219,54.0,0
609,37,11,31053,28,0.02913622099548755,0.5663168973742789,55.0,0
555,39,14,141420,19,0.08375217360234392,0.2083879839868307,46.0,0
527,21,1,584841,8,0.24460652591170828,0.7794949866628625,47.0,0
607,38,15,3283,7,0.046665948508025426,0.12759164279746565,53.0,0
558,27,9,7456,16,0.09368418813418708,0.16508335154001288,64.0,0
489,35,14,7874,4,0.046681254558716266,0.44150909763602536,57.0,0
574,54,31,52521,11,0.1576258136767691,0.4848565808096129,48.0,0
603,52,31,9199,23,0.05936970518468316,0.43657158963284576,46.0,0
554,40,17,2827,14,0.13582357110101304,0.3662485108626268,58.0,0
498,30,8,163061,13,0.2384,0.13939454283101538,55.0,0
567,33,12,46535,3,0.06643423137876386,0.1341004589589224,60.0,0
594,37,18,58296,22,0.376,0.40791528963743656,51.0,0
611,49,30,14823,12,0.16145437072037802,0.2650804184992887,55.0,0
645,49,27,30042,24,0.25493273542600897,0.38055571576430475,52.0,0
593,28,5,272641,22,0.1291782992529993,0.6169869849501145,49.0,0
559,18,0,1316,1,0.022536766250052503,0.11044063138358928,54.0,0
593,36,13,36754,12,0.10339547134369194,0.3830820165021295,54.0,0
552,22,0,87826,28,0.23927125506072874,1.7085236356909557,52.0,0
593,40,15,7753,15,0.09064134991857524,0.2774110714709855,49.0,0
604,18,0,63331,14,0.04618070249682607,0.20575038848251434,49.0,0
545,34,13,36948,10,0.2518244035240292,0.3330564006196185,54.0,0
583,41,20,118168,12,0.31046389431016364,0.8203790823319582,52.0,0
610,39,14,21495,18,0.09830330592968341,0.3070352030152468,50.0,0
445,22,0,17292,11,0.09388048112281525,0.10619551459639366,50.0,0
561,32,11,96883,10,0.1653756593641591,0.1633958930759918,56.0,0
547,29,8,1012,16,0.20311787765521014,0.45418800432011136,52.0,0
612,35,13,204936,22,0.042382577378050595,0.11641855741908118,61.0,0
625,44,25,6010,26,0.32137230876947315,0.46850771843510963,55.0,0
597,29,9,24564,28,0.02468852006804285,0.18259779962037925,59.0,0
503,27,4,13770,27,0.13258156792836118,0.1391130245143822,50.0,0
569,43,21,1373,3,0.14704102626164833,0.23403952706311956,62.0,0
594,46,22,107474,14,0.1855845629965948,0.07062091846657947,50.0,0
595,33,11,21878,13,0.07187208778781819,0.09959240117183675,54.0,0
468,25,2,79060,1,0.11280948145696734,0.12950616296269804,54.0,0
592,43,20,235142,18,0.06986974898645734,0.29851354706848227,46.0,0
593,55,30,20697,1,0.0543701916741843,0.21922163926789173,55.0,0
501,37,19,121909,15,0.21442295375944664,0.17334128610200916,54.0,0
478,18,0,24511,23,0.461660497091486,0.7252292968173014,60.0,0
617,51,28,4839,19,0.147646461225872,0.1923673611268668,48.0,0
491,37,12,26269,16,0.09650434431198222,0.21484917774687112,49.0,0
543,32,8,28147,24,0.3688,0.7306385976820813,55.0,0
602,32,9,5568,17,0.07014997581035316,0.24389874775680523,48.0,0
635,61,38,141847,6,0.09650930963403509,0.16579966904410096,50.0,0
518,36,14,8176,9,0.14704148587663438,0.06056529232382418,58.0,0
568,33,12,161849,3,0.10059834255911433,0.20754887924191281,63.0,0
561,36,12,49428,29,0.12282878411910671,0.3752271520016954,59.0,0
543,41,19,2319,2,0.042138866719872305,0.08170745057428479,60.0,0
579,36,13,36338,11,0.14272247738622915,0.26035968548569366,62.0,0
616,32,12,288021,7,0.06832695868884235,0.2493187383412727,42.0,0
593,28,8,122716,26,0.3360722138641361,0.22324060513182747,47.0,0
490,32,11,8582,28,0.11648588697368689,0.2393583635577157,50.0,0
451,58,37,10234,8,0.17365878464276632,0.2907495420629837,56.0,0
627,67,46,200661,6,0.32860298344881844,0.317281596357938,46.0,0
522,35,15,237220,5,0.39043628296771016,0.20652344463033126,60.0,0
570,61,38,40383,10,0.08346949255403577,0.1497681802443808,56.0,0
559,29,6,7844,1,0.21541451439676776,0.5204766473400241,57.0,0
565,27,7,47426,29,0.09552071219473071,0.08133513228470753,54.0,0
522,23,0,11735,13,0.1798584869772514,1.1241664517766117,50.0,0
498,34,12,9420,21,0.08438778195039108,0.1592620893687397,55.0,0
466,38,16,8177,4,0.11799314930485594,0.6282455367205808,61.0,0
592,37,15,50087,11,0.33386004514672685,0.8155572805126139,59.0,0
476,46,23,6383,25,0.06094919800793747,0.31296212084492336,51.0,0
577,46,24,8352,12,0.0540426848128673,0.0693288277385191,64.0,0
639,50,30,2404,22,0.21205218471733278,0.1363331891113451,50.0,0
566,19,0,153098,24,0.18613089028980906,0.2123945026793315,56.0,0
625,40,21,8899,13,0.08106539938662172,0.12739340120076917,52.0,0
635,42,23,205326,14,0.2522109400589584,0.24915718147473392,50.0,0
528,29,7,1160,17,0.12949818421921427,0.08632908334682318,56.0,0
622,38,16,2778,17,0.05059216864056213,0.09832154413162725,58.0,0
566,49,27,52667,1,0.04447575581217263,0.2826221107585938,53.0,0
480,28,5,9803,25,0.6805639010862029,0.23641199187086873,51.0,0
569,18,0,2235,14,0.33401430030643514,0.2604442995465287,55.0,0
539,28,4,1699,18,0.24934931945214833,0.3012581884352194,53.0,0
569,37,12,51017,1,0.10076247466460767,0.5377114962984724,62.0,0
556,53,29,52393,23,0.44784841508765716,0.1304382558686866,52.0,0
582,22,0,9050,6,0.21810717187700468,0.3723435408058876,57.0,0
534,32,6,79324,15,0.23017292784734644,0.32289083079786796,52.0,0
579,55,32,5423,2,0.14150026983270375,0.33258384971651067,64.0,0
631,36,16,2955,24,0.06065878259234007,0.6170529207269164,50.0,0
563,40,19,10290,23,0.10655782913242513,0.12396157512178883,70.0,0
614,36,14,68420,7,0.19259012016021362,0.1697084497314356,46.0,0
587,32,8,77251,1,0.02268926629635543,0.06588699369372637,62.0,0
603,25,3,1420,4,0.05789973543178888,0.12243859239505779,50.0,0
546,34,9,26274,23,0.21559264337383577,0.46627296022678216,53.0,0
414,38,18,30266,24,0.15279138099902057,1.4241744830224727,56.0,0
612,50,29,75205,1,0.2968,0.38062481736298726,55.0,0
600,32,13,31467,6,0.2571575518601063,0.10135039047401247,53.0,0
398,36,15,150867,9,0.09210593198800388,0.2336705070532783,57.0,0
542,20,0,20166,9,0.2776,0.5368754008318092,54.0,0
568,43,21,31083,24,0.06667164960011959,0.09727239396853042,56.0,0
568,54,31,43348,26,0.12143575981214358,0.27966132213904693,54.0,0
541,31,7,70765,14,0.09713526845000948,0.1006833578051282,53.0,0
589,50,30,128400,8,0.1430643438899603,0.13232777758386413,53.0,0
569,23,5,91419,2,0.0861859501179161,0.8561167571252959,63.0,0
511,27,2,87747,26,0.18916937257777314,0.914764310475995,51.0,0
597,29,10,110319,22,0.18898558254318745,0.47147412546550976,46.0,0
607,43,20,70102,29,0.20340126493323965,0.6993888438717466,49.0,0
530,33,11,75942,8,0.07973535132679284,0.380060710617957,54.0,0
602,31,10,64303,25,0.11002009761699684,0.24671722637887397,62.0,0
588,25,4,3491,18,0.1499162998325997,0.22941596781573512,52.0,0
563,37,15,6233,23,0.1505678436227709,0.13247411836276127,50.0,0
581,35,17,47733,15,0.0588385575316891,0.09504664957654518,49.0,0
628,53,29,76407,10,0.03545066789262636,0.1429013468650634,47.0,0
581,34,12,45135,3,0.0971882147181488,0.0761643480131909,55.0,0
525,26,3,44010,11,0.3513019882064395,0.4304240247224664,53.0,0
567,18,0,106440,27,0.09161118508655126,0.40262631362204376,52.0,0
605,33,7,39654,25,0.10514786418400876,0.34886470800946834,58.0,0
600,35,11,49317,6,0.28653572617498413,0.17844536427764449,55.0,0
573,48,25,51032,16,0.041607409409856494,0.13039804353111922,47.0,0
571,40,18,17274,22,0.23558525117545162,0.42270234200615703,51.0,0
469,41,15,20374,8,0.12268303985171457,0.4167044950877355,55.0,0
575,64,43,18105,1,0.05442821232103173,0.24227284475317534,57.0,0
599,41,18,5301,9,0.10799901819074373,0.45572587759422456,63.0,0
592,20,0,35835,8,0.4468332115062132,0.32088975767694755,59.0,0
574,25,3,32248,26,0.127786206091726,0.0438934542053247,51.0,0
516,27,8,66818,17,0.19637012793811368,0.13443816682450416,57.0,0
455,24,1,131163,21,0.13480318734647417,0.6986052238759826,46.0,0
475,38,18,6848,6,0.11947863866763216,0.4730755930130725,55.0,0
636,18,0,29143,6,0.19041188386225524,0.24402776707609336,50.0,0
575,43,22,10146,3,0.19435047361299052,0.4058174863243958,66.0,0
566,31,7,42704,11,0.12115751536993853,0.20200534684985025,52.0,0
574,57,37,7800,2,0.2830301222785565,0.1224535290296938,59.0,0
580,39,13,7230,6,0.06480192380711303,0.4820269675158029,66.0,0
621,42,22,65356,9,0.11170437831194212,0.31169244156425235,47.0,0
594,31,10,9286,16,0.23289564616447822,0.19582288742793208,55.0,0
601,48,25,83394,23,0.05864132212324682,0.07556791823204155,56.0,0
563,25,3,1550,14,0.040829019335247956,0.08567254456500345,49.0,0
562,21,0,49166,20,0.23928812663357907,0.32732450264598045,50.0,0
480,20,0,46981,21,0.029831638804948123,0.0917177433909853,68.0,0
560,38,14,1937,7,0.07083307977849448,0.07734817897470189,59.0,0
633,37,12,6502,17,0.3078125,0.15470148706140202,53.0,0
576,50,27,1099,15,0.038602691314394456,0.3138931201787671,58.0,0
592,29,7,2942,8,0.12990753109765618,0.37764270294306584,51.0,0
660,57,37,3636,18,0.17676308613591404,0.218368712382148,45.0,0
621,23,2,4647,17,0.05843539852857474,0.1522730539538585,53.0,0
453,48,26,137387,9,0.205221780064059,0.15470832670668358,51.0,0
604,47,29,128970,25,0.33458207946938523,0.7275259798155936,48.0,0
544,36,13,340181,27,0.05488126649076517,0.37357142255939546,48.0,0
638,35,14,20937,16,0.12885947518862825,0.19468238679724859,47.0,0
561,35,12,60742,26,0.21866325005338458,0.4720908442911896,60.0,0
609,41,19,9864,10,0.1084415490826283,0.2814042062979624,49.0,0
528,39,17,8302,29,0.06618287373004354,0.5211390102568122,51.0,0
521,23,0,6589,22,0.19676715463000233,0.21179417610869153,69.0,0
479,35,13,27748,23,0.063813260570814,0.21714748976169504,53.0,0
528,43,22,51980,24,0.23279331338355175,0.7504630666171408,54.0,0
595,39,17,2977,17,0.23325656379548595,0.1314789830826809,54.0,0
529,27,6,50136,19,0.28964059196617337,0.5048705037439366,49.0,0
607,25,3,6035,19,0.31824865218101617,0.8851992370724634,53.0,0
599,64,44,23818,23,0.047050769398328945,0.1695669127239129,56.0,0
539,41,18,6180,27,0.051192017731313405,0.09248819178846032,68.0,0
533,52,31,142748,2,0.11285404650821058,0.4149325057584299,52.0,0
532,36,12,6202,29,0.26752190237797246,0.26720111512087813,58.0,0
530,42,24,14209,14,0.13983330335192182,0.19299691309150568,56.0,0
582,45,25,54995,13,0.14555363551774558,0.6000359322411027,60.0,0
608,41,19,6930,2,0.07610474631751228,0.554496283005392,56.0,0
453,21,0,36917,3,0.4227371374706798,0.268783326544162,55.0,0
540,38,14,32295,5,0.39085584734555073,0.2415955341526593,54.0,0
472,36,14,73826,9,0.13200675802515485,0.16206054344468332,55.0,0
623,56,32,9957,21,0.05511637680869373,0.15723654175049462,53.0,0
528,23,0,6537,1,0.1039126531321498,0.30664234816108427,57.0,0
501,30,7,120737,9,0.03206632730819642,0.08267163828495148,48.0,0
667,62,37,3068,3,0.06305269287542489,0.20655505675854605,62.0,0
496,29,7,5120,7,0.11176846818036458,0.10586502854390477,52.0,0
563,24,1,9806,1,0.04180830601357319,0.20522606665979398,53.0,0
580,35,10,29337,1,0.2514746972989755,1.1821663444816224,55.0,0
621,31,9,117878,24,0.17918491074435838,0.22925834653032914,49.0,0
579,39,17,51647,11,0.04041239549791734,0.14735956902642558,49.0,0
613,38,15,17696,3,0.10572915541926707,1.0829533454580618,58.0,0
572,37,16,10406,29,0.15886063850124257,0.7260351974826885,52.0,0
570,31,9,17569,5,0.25122240683598385,0.320286009189796,57.0,0
622,31,9,36005,5,0.04110120201628538,0.10434409958468786,50.0,0
574,45,22,79827,27,0.12787318361955086,0.33565181052940957,55.0,0
493,43,20,16925,12,0.08452609935663594,0.2953388452408775,61.0,0
604,62,38,25191,13,0.3512357414448669,0.6268515860388085,49.0,0
511,48,21,33263,22,0.09247041047595064,1.8479141427976769,68.0,0
606,60,38,76874,19,0.083867577509196,0.4158725275693729,49.0,0
554,27,6,142113,28,0.09884090000705335,0.10366633780184746,52.0,0
498,49,31,8156,10,0.08824940047961631,0.12369685533281233,51.0,0
545,59,36,82795,8,0.16343723673125526,0.09116657526169261,52.0,0
581,29,2,29835,25,0.24970867321458298,0.5645054403504147,54.0,0
549,43,18,3041,3,0.21485630336975484,0.22099749247298764,61.0,0
551,58,39,3697,26,0.0793040834424222,0.10171692542916037,54.0,0
626,34,12,10174,29,0.1782710085783293,0.13861604477672973,48.0,0
480,32,10,7004,7,0.058039961941008564,0.13548963579308962,55.0,0
576,23,0,143780,12,0.22569519292951068,0.1801095079947477,51.0,0
610,22,0,51591,28,0.14415924567836563,0.35731858762322083,48.0,0
586,62,39,3631,14,0.13276958944165645,0.1519748439060733,51.0,0
566,24,4,89327,28,0.18970604305540378,0.359412418299903,56.0,0
480,46,24,6523,16,0.2243130413109851,0.4034529473141544,59.0,0
596,45,23,8183,19,0.16020175991666438,0.21264031365609276,69.0,0
598,33,11,65929,5,0.05660945498343872,0.1154734156262393,51.0,0
657,51,30,7196,2,0.11935157477772276,0.2654471145616177,53.0,0
598,45,22,33962,9,0.08234429156601197,0.4276401600977316,60.0,0
549,18,0,20952,10,0.36327661258409183,0.6259702773609825,67.0,0
624,43,20,6926,19,0.1658512389240863,0.14430969762329318,48.0,0
575,42,22,23706,4,0.09850354719961636,0.09757219443620939,61.0,0
558,39,17,243242,21,0.31836083794428205,0.16124218697846635,50.0,0
597,30,9,111363,21,0.07613310950923274,0.29646948178348487,52.0,0
602,21,0,6043,4,0.24550191038555055,0.8058738351181566,54.0,0
562,21,3,51117,3,0.07635442620925396,0.20208407436808967,55.0,0
523,58,34,219637,11,0.05971809057799772,0.16455509849972885,57.0,0
608,18,0,4409,9,0.04536720251206824,0.06378204035414164,53.0,0
535,28,6,67775,25,0.24706466016206383,0.3578921523519313,50.0,0
466,29,10,35056,10,0.11874481155570316,0.20369940082954874,55.0,0
624,58,37,14096,19,0.17395987612764238,0.6557990656528361,51.0,0
602,26,1,119920,21,0.8432,0.574353887160177,46.0,0
610,37,14,2694,21,0.08224385186891667,0.5916781998757666,48.0,0
517,46,24,23616,22,0.11670170337334723,0.3047830172950436,55.0,0
589,42,21,111005,6,0.04813288219009535,0.11215687374453996,50.0,0
562,39,17,8740,18,0.08173123369722733,0.20313878196543117,57.0,0
627,53,30,61395,5,0.1346734574300266,0.2978162675113118,50.0,0
612,40,19,13144,24,0.05295626679697044,0.17725350987719188,51.0,0
536,50,23,28504,2,0.06285274499743458,0.2744497370567401,54.0,0
585,28,5,17908,10,0.09392438700326128,0.09656155727127966,52.0,0
618,43,19,153496,8,0.252,0.40696496200971743,55.0,0
597,55,32,1350,16,0.2963631673974723,0.23487229867784268,54.0,0
559,30,9,5207,14,0.37310054962819267,0.31800720655389475,58.0,0
554,26,4,70153,2,0.2216176624463744,0.3558289359978106,64.0,0
562,37,13,3549,8,0.15145821419818642,0.33855014248115667,54.0,0
480,31,6,9191,8,0.16159549987215546,0.2764297291821019,52.0,0
558,47,22,66648,19,0.07564322469982848,0.19861168860909525,67.0,0
598,34,14,55606,2,0.22840515366501177,0.16561788893125937,57.0,0
625,39,20,10073,7,0.3226540511407869,0.15614575834187985,49.0,0
653,72,52,17573,18,0.17957049486461252,0.06909140021335912,49.0,0
610,40,20,4818,8,0.2916650199581078,0.25642172551286485,55.0,0
607,50,31,18801,22,0.06790112999135989,0.2407162043108384,49.0,0
606,39,18,11710,2,0.2350614133035572,0.16066670905754935,51.0,0
414,23,1,62412,18,0.027783585383418123,0.07621688280063743,57.0,0
611,42,21,73003,1,0.06340517732922796,0.174089039163885,50.0,0
514,18,0,7699,3,0.056301223423209416,0.672716306569016,55.0,0
474,33,12,149192,23,0.13967343336275376,0.20686942345721873,52.0,0
485,32,14,5927,8,0.10680333320292633,0.2954752519358228,57.0,0
586,32,12,161644,3,0.04106743994670638,0.09772637962357271,52.0,0
616,29,7,4575,9,0.15899295341041253,0.2676899790816991,63.0,0
542,36,18,102080,4,0.37617319484419975,0.6368014325841413,51.0,0
550,46,22,75141,28,0.12008545406843822,0.3457675393434635,50.0,0
560,30,10,29533,23,0.17748469147432877,0.33072960766617976,58.0,0
538,41,19,296247,11,0.18505494505494505,0.4077926414695594,46.0,0
532,49,24,6322,6,0.04025918494885373,0.07669542169178713,56.0,0
507,56,34,43960,3,0.013480435630919862,0.15720594201091578,54.0,0
513,41,19,9040,2,0.15710270731794088,0.38521720731433967,64.0,0
605,26,3,15352,20,0.08369393677136894,0.35019210546457114,60.0,0
592,18,0,68434,7,0.7104466987008364,0.6248423588678793,51.0,0
442,23,0,3066,15,0.09787619685566808,0.14941475375994795,53.0,0
604,53,31,8459,25,0.04567146519424177,0.2073086008229098,63.0,0
638,43,18,13203,4,0.18518998832836212,1.68897622621503,54.0,0
556,46,24,19373,7,0.09631683168316832,0.15112016776781878,62.0,0
453,18,0,20509,3,0.07427869858809086,0.15165232481321803,62.0,0
612,43,23,5913,17,0.09967838219301697,0.10825995564019394,48.0,0
608,37,16,73815,14,0.12348351085037307,0.05700451397963931,55.0,0
571,41,17,34075,4,0.12097317529631942,0.17185206276580242,55.0,0
549,32,8,69125,4,0.043299095885355805,0.2409805197111112,55.0,0
588,50,30,10690,12,0.2204366916574569,1.2582386112530357,54.0,0
522,65,41,163049,21,0.07772537035806817,0.22456484357076806,58.0,0
488,35,17,56204,2,0.08808050964823193,0.36936456276341123,52.0,0
585,40,14,37949,24,0.09157946485005969,0.6022371790497785,53.0,0
571,37,15,9699,5,0.11756030759507005,0.37107127490216263,55.0,0
482,23,1,10427,6,0.01849016605817925,0.24629004456176717,55.0,0
618,40,17,33436,1,0.09126662810873337,0.2018133119430306,61.0,0
580,53,30,3760,19,0.05391549782552346,0.1003803515048804,53.0,0
633,45,25,13928,7,0.0989789615202936,0.1068087519542796,55.0,0
574,34,10,30500,3,0.24262012497306615,0.31642429849589887,60.0,0
573,35,13,13251,11,0.09557088400798694,0.20355091333375458,55.0,0
488,39,17,156172,29,0.06790343074968234,0.24007618442313025,46.0,0
586,18,0,96725,26,0.1138114997036159,0.3908741367849057,52.0,0
601,50,28,8428,11,0.12934016140708368,0.3202628293419135,50.0,0
648,45,19,7559,17,0.1288,0.3692171930394459,52.0,0
649,57,35,139992,11,0.059473036530065235,0.21106399975018164,48.0,0
652,58,34,19421,14,0.15039952938869552,0.14432739337429104,46.0,0
492,31,9,3476,27,0.1820472440944882,0.398243609961476,60.0,0
526,56,33,9410,5,0.06285355122564425,0.13257495441339973,57.0,0
522,45,23,191529,15,0.1167577625305268,0.5040675410450425,52.0,0
624,54,33,9793,8,0.10430282320936868,0.5942773173706364,55.0,0
640,43,23,31008,10,0.0825623882453549,0.3575583451757392,51.0,0
629,54,32,3801,1,0.18513267166295322,0.11315330233901816,54.0,0
518,35,13,32925,21,0.09627378858148089,0.27067398955917243,59.0,0
549,34,13,108532,19,0.1366028440264248,0.17154652218073269,48.0,0
623,39,19,4845,10,0.1970604564181983,0.6421222661832653,54.0,0
543,27,3,117233,3,0.07815442561205273,0.31697723258415367,56.0,0
536,38,16,150553,7,0.46554171266361777,0.3830322505937426,47.0,0
580,42,19,46615,21,0.1468101864006301,0.23130668903141016,60.0,0
513,59,36,31735,8,0.04392175687027481,0.22701302773984805,50.0,0
575,42,19,6230,23,0.13917811107889397,0.1654710851222636,56.0,0
585,36,12,24789,1,0.2496,0.48946611398290707,63.0,0
513,42,20,75458,9,0.09694667640613586,0.09856854238793543,53.0,0
540,36,13,17140,18,0.06677658697444352,0.3057794539531118,60.0,0
611,30,9,8688,18,0.2505889912186764,0.5166803824106218,52.0,0
578,40,16,65936,19,0.254431008779195,0.24270097898483364,55.0,0
527,18,0,99489,22,0.25864717657464736,0.2532927455824669,52.0,0
442,39,18,45977,24,0.03761990173906262,0.4363684443971435,53.0,0
636,61,39,19106,22,0.15967070310630355,0.978544214717413,56.0,0
630,25,2,102389,8,0.08723235527359238,0.15019294218288012,50.0,0
545,22,2,1778,4,0.17794565103346974,0.26840187601369725,57.0,0
543,45,21,4235,8,0.14905280688363057,0.4658565839398625,60.0,0
576,25,1,1077,3,0.4224,0.45803424327105713,57.0,0
507,63,42,1707,28,0.23084281007545965,0.6022142600524032,53.0,0
657,55,32,7116,18,0.06561749799946653,0.2171080609955964,44.0,0
548,38,17,2156,5,0.05216137173991426,0.2355162079736984,54.0,0
580,25,4,10134,5,0.056561017614889575,0.23554781647492087,52.0,0
571,54,28,5576,25,0.2519393307861526,0.14465428688072457,56.0,0
630,41,19,5172,6,0.04085857485290913,0.08514459926471417,54.0,0
615,40,18,106929,6,0.08947442186405045,0.08945205949659624,53.0,0
587,43,20,6164,6,0.5312298776561494,0.45552254563579575,66.0,0
593,42,17,7253,20,0.11948120005240404,0.47438986239690045,52.0,0
535,48,25,80838,14,0.040764825778899345,0.16896812297125313,54.0,0
615,42,21,73475,23,0.11027154149336935,0.10970263790565353,57.0,0
607,55,31,6442,11,0.05671234501987305,0.11769890459077013,52.0,0
602,26,3,35101,7,0.27389965887345036,0.21422430220115946,50.0,0
522,28,4,8042,4,0.7303334412431208,0.8735002477417946,56.0,0
592,46,22,35830,26,0.13313369292659608,0.12452316458734382,51.0,0
631,41,23,65124,6,0.15481505851388824,0.7328909498678347,50.0,0
570,33,5,15720,22,0.1399442787050963,0.2792216614020304,52.0,0
585,28,3,3466,26,0.08709062868547582,0.2782657131732611,58.0,0
582,35,10,9028,7,0.09519164120863606,0.4611942065609413,57.0,0
656,54,29,26513,27,0.10553425284725004,0.14235939177670712,47.0,0
504,19,0,57224,11,0.6171003717472119,0.26395241372422995,61.0,0
569,21,0,67303,25,0.23708399366085578,0.12906307267706393,48.0,0
523,31,5,11431,9,0.28308810680459934,0.33944539987905353,56.0,0
490,21,0,96881,21,0.07346233254909493,0.356632817819293,48.0,0
614,47,25,6189,4,0.22419122192458274,1.1003654527531106,55.0,0
503,20,0,311672,22,0.24644549763033174,1.5307621935559834,55.0,0
603,35,13,28590,22,0.04338895584715409,0.4558622120650959,50.0,0
409,41,21,8711,24,0.8787830519273655,0.2103634537851618,51.0,0
442,37,16,27371,3,0.23071672354948805,0.3968925362747613,55.0,0
581,20,0,9043,27,0.053427845958527294,0.09724007114906538,54.0,0
593,18,0,21507,7,0.15531135531135531,0.2720058712507934,60.0,0
509,46,22,127056,3,0.1711201320426462,0.1005548175406946,52.0,0
609,45,25,24872,11,0.21438312573870352,0.58419834654866,56.0,0
584,18,0,9651,19,0.17184842506292947,0.30555083826905394,56.0,0
402,30,9,5332,29,0.05638287544898554,0.16178659219373223,54.0,0
456,33,10,221037,29,0.13574815745872137,0.24423019657325679,47.0,0
602,56,33,3261,24,0.09642531381661817,0.21316677522237873,59.0,0
631,42,18,7355,22,0.08227811168816013,0.5495381907745486,49.0,0
618,27,1,5446,12,0.06890485266090016,0.4220992158496667,53.0,0
514,49,27,74570,3,0.03237114939956739,0.13380521172370344,56.0,0
544,23,1,24516,1,0.23893439232232977,0.6688827551186232,55.0,0
608,56,35,20591,13,0.09352014010507881,0.23373189197360456,48.0,0
552,38,15,2531,29,0.17789072426937738,0.46177851639627926,54.0,0
537,32,9,55038,17,0.11803756476683938,0.18488570340655439,71.0,0
569,51,28,260398,22,0.19491023870585913,0.38043538133615057,58.0,0
597,45,22,3538,11,0.07656344535504098,0.11469876064865753,52.0,0
565,18,0,99915,7,0.0975119376727821,0.13354411216735965,66.0,0
558,29,3,20519,17,0.0906975197819004,0.1813638815453299,55.0,0
594,56,33,68969,26,0.2807868499056858,0.4447065941587932,52.0,0
646,62,37,63062,28,0.06776960209963913,0.08879050952049233,45.0,0
590,59,36,4378,24,0.578504210004953,0.3631374895371979,55.0,0
611,27,9,155488,17,0.12769051774287377,0.22519899048844083,49.0,0
619,34,12,91456,8,0.09482178883658372,0.13068908072389107,54.0,0
572,48,23,2397,4,0.09525895105660791,0.16310650100056048,53.0,0
454,23,1,41005,19,0.46153846153846156,0.3877323243969398,55.0,0
570,40,20,76010,17,0.4339242546333602,0.2843434191475615,55.0,0
453,52,30,92010,15,0.26746198705829094,0.09773771323099721,53.0,0
574,31,8,29664,29,0.20880387185987553,0.11376646409209466,54.0,0
630,38,14,67882,18,0.41369135438182353,0.31005750553954653,53.0,0
474,32,12,88058,16,0.22627705439184775,0.11404308307130026,52.0,0
541,46,23,2198,3,0.11297584936553418,0.09107404710220737,67.0,0
525,40,17,3706,9,0.2069857697283312,0.4214457302585128,56.0,0
615,32,12,1018,19,0.10552608219969861,0.30949695650556197,49.0,0
584,22,0,11924,3,0.116144931159485,0.578400953576508,53.0,0
593,44,23,29625,8,0.0839556360744112,0.23217974600993105,53.0,0
533,33,9,38091,25,0.14209775703357966,0.6707834506289609,53.0,0
604,23,5,33025,5,0.21411878176354937,0.19555843499486694,60.0,0
485,22,1,2065,3,0.07135691224486074,0.16347030000350465,58.0,0
601,28,7,72669,24,0.10178953973990003,0.1024570448574573,47.0,0
546,29,7,2836,10,0.16559546313799622,0.18317887756476342,58.0,0
518,44,20,2587,26,0.07160950896336711,0.339442466319765,55.0,0
620,55,37,52723,21,0.065321527072144,0.585629514677055,46.0,0
590,52,29,32106,25,0.3253402011624265,0.5376300444111065,65.0,0
581,35,13,133906,13,0.04055650347814674,0.2256470828814427,46.0,0
580,30,5,9806,24,0.11003273416413024,0.3345010567798869,50.0,0
554,43,16,4852,23,0.06143745576653767,0.1853665850735102,50.0,0
611,52,29,9253,22,0.5057564785810179,0.3656376899323115,54.0,0
635,42,19,72716,19,0.12396323023026022,0.11905017509914492,52.0,0
643,53,33,71193,18,0.10541603202153663,0.3085047024948825,53.0,0
603,24,2,243904,13,0.1792854945730984,0.7838497163368865,51.0,0
538,38,13,224144,19,0.07426548826301274,0.13456262089349097,48.0,0
596,22,0,7950,17,0.05157980016203079,0.323353990921338,54.0,0
628,38,14,9253,13,0.0904178046371085,0.2246604767527602,53.0,0
590,40,19,1766,19,0.1520986286189223,0.09980794883206973,53.0,0
513,47,24,21700,19,0.16372223193982857,0.6064452566259818,57.0,0
562,40,17,59851,13,0.4153433236412436,0.738938646039056,51.0,0
527,39,15,245554,15,0.29690439541645286,0.9271438149199851,48.0,0
608,32,6,56380,26,0.20387502181881656,0.3383794361928147,55.0,0
643,68,45,47180,1,0.06921708996397793,0.11359393753543345,65.0,0
592,63,41,44569,15,0.03852526926263463,0.23513454464274544,59.0,0
574,31,8,92077,22,0.09847735811746094,0.0511617810146483,51.0,0
516,46,22,23517,25,0.08041711117455262,0.07363956970768736,65.0,0
577,18,0,16305,3,0.18656584572983287,0.2219039945207762,54.0,0
542,32,6,59982,21,0.1293061224489796,0.19414273613781413,67.0,0
487,34,10,45818,12,0.26578215279263856,0.5970073041421619,59.0,0
605,24,6,176848,11,0.033376995100179496,0.18731728700745634,48.0,0
563,48,28,36315,2,0.04458796980779706,0.2036918663315086,55.0,0
615,52,30,72357,2,0.06414546036231787,0.2107307454178814,55.0,0
593,43,20,93310,8,0.0847231100005811,0.1646202782380404,55.0,0
614,33,8,51454,4,0.21979182590086022,0.27646531859569773,51.0,0
571,40,18,8019,5,0.06726526161552486,0.7365954666009488,51.0,0
496,23,1,20859,16,0.11416992042702516,0.15100781699952165,58.0,0
523,46,22,85780,17,0.3253112033195021,0.2574293796337287,58.0,0
510,19,0,195517,29,0.09340733721402465,0.4554015854087473,48.0,0
533,20,0,1987,12,0.03855228954209158,0.08450049903417263,53.0,0
599,34,9,8819,1,0.06254832431279495,0.0650439246538535,57.0,0
593,26,4,79437,15,0.11810527788791195,0.2621928868230908,54.0,0
593,27,7,70415,11,0.2485149320530556,0.5853482166844649,54.0,0
570,37,13,5161,11,0.3868020304568528,0.5332814803884335,55.0,0
594,37,14,3824,7,0.09809448641334988,0.16192118960071908,51.0,0
556,40,19,2537,2,0.07959197676280218,0.19951516180688653,63.0,0
592,38,18,59983,4,0.20269002189552707,0.19525518532413833,51.0,0
515,39,13,30656,20,0.06727717173191287,0.3128929410370821,48.0,0
514,26,1,181135,23,0.2040376598435524,1.1427472715333902,52.0,0
608,51,26,16563,6,0.14380144845877937,0.20146856471609675,49.0,0
603,42,18,4740,8,0.034472116046627574,0.09209250673212127,47.0,0
494,42,17,8595,3,0.11975407645014702,0.15399615003733985,56.0,0
619,34,11,5366,23,0.061849820313977684,0.05078950182822823,62.0,0
546,49,28,9713,12,0.04265864538291945,0.26099603180287057,53.0,0
636,54,31,8040,9,0.04264865945489682,0.0647074200707646,49.0,0
610,42,22,38514,18,0.060070845222867264,0.14439940686772165,48.0,0
566,49,26,114504,6,0.0658432163771468,0.20788002625902022,68.0,0
648,55,35,1421,18,0.0923725122443356,0.2406343946169653,48.0,0
526,18,0,13564,7,0.43451003368976127,0.5674040021358208,58.0,0
539,18,0,28693,27,0.2514455151964418,1.1516197716211813,60.0,0
555,41,18,17814,24,0.14750426621160412,0.19164983878714892,55.0,0
605,29,5,11454,24,0.036185100707465105,0.14179800660127312,56.0,0
576,30,12,2701,10,0.24297400178180933,0.2608911682858733,62.0,0
594,24,2,88277,7,0.0739383846794338,0.15528785803419223,58.0,0
607,25,5,124397,3,0.06422503656221801,0.29473931816858245,51.0,0
550,60,37,43413,23,0.053508711521245096,0.6623359533379083,50.0,0
622,40,17,18409,12,0.16366612111292964,0.35377947556862727,50.0,0
555,46,27,31483,2,0.1503377151572373,0.5016500628130403,58.0,0
619,44,20,100788,10,0.16727756148513911,0.08018086912849826,56.0,0
550,38,17,22853,26,0.2895818568391212,0.19071140171454132,57.0,0
573,35,13,4405,20,0.12589227774172615,0.2178743077622634,53.0,0
498,18,0,82574,16,0.329927439656449,0.33726536829770676,58.0,0
557,27,2,22841,24,0.2256724945115984,0.23894547872835153,55.0,0
604,53,30,7742,10,0.09007086794178161,0.3887345826887278,57.0,0
611,50,26,23219,5,0.15594563986409968,0.44959771503985446,57.0,0
524,42,22,148472,5,0.2952,0.2619342233912699,58.0,0
568,40,14,5197,2,0.10669350780070458,0.21466909348309823,72.0,0
565,40,19,4483,6,0.1319004217113318,0.22868945345557024,61.0,0
537,39,16,57677,25,0.28413110597664953,0.14156089928457502,49.0,0
609,34,12,8654,29,0.6328,0.3994111902288238,51.0,0
587,49,25,13414,24,0.23057594718431293,0.7174294270028518,51.0,0
563,26,5,16064,29,0.1254363554810149,0.23903021578744071,69.0,0
539,43,25,201736,10,0.13783954897645392,0.2036886900357027,52.0,0
609,56,34,14004,28,0.1799442770743199,0.05154930277142855,57.0,0
569,48,27,9161,18,0.08397737502760179,0.08348041759816152,61.0,0
609,50,25,9589,29,0.16172697513934353,0.23283575970188577,48.0,0
504,50,32,34100,15,0.04725551832533076,0.13467211111402957,63.0,0
510,38,16,124460,29,0.15456706281833615,0.8109973945538558,51.0,0
620,48,24,6081,2,0.08400746733042938,0.05377339880105578,57.0,0
511,44,17,8753,4,0.12467154464971501,0.15935232462320217,55.0,0
650,46,26,30089,15,0.1630080873857788,0.17833926084776122,45.0,0
637,39,17,11831,2,0.05187787084571738,0.22470461584909432,52.0,0
643,62,41,1350,13,0.12176588075942975,0.15609689262553555,63.0,0
591,49,25,49608,8,0.14104963689451225,0.32816157697912224,59.0,0
613,31,5,7191,12,0.14324484776524468,0.13119296200455302,52.0,0
512,35,11,123502,5,0.10199598892178398,0.32166775265877046,48.0,0
558,22,0,138224,14,0.11926262356398612,1.0219165348640502,54.0,0
548,34,9,85506,20,0.10887662519876531,0.7059152216658134,55.0,0
532,38,17,113528,4,0.09201541220005341,0.4302498490995789,57.0,0
536,21,0,8773,22,0.1793540630635554,0.13797530647034364,56.0,0
607,30,10,42349,19,0.04487911084578512,0.07779705109066533,64.0,0
564,26,1,39207,4,0.3688,0.5471743240901101,60.0,0
595,48,25,8171,27,0.03970424389749823,0.09271116578524655,65.0,0
595,31,9,85455,24,0.04964302395409355,0.10452020361817471,50.0,0
586,60,40,7025,5,0.0961157246182695,0.4475204051503179,53.0,0
633,45,21,2409,15,0.11830342138872084,0.1285763393091379,47.0,0
475,18,0,218648,5,0.13171165826164344,0.09037652353444196,56.0,0
565,23,0,65094,23,0.12183953812462672,0.22003999928503667,50.0,0
592,53,29,21529,10,0.11935335932125661,0.23273454403126845,54.0,0
519,40,19,42361,8,0.23057644110275688,0.5044415902402108,58.0,0
568,47,18,285440,9,0.07593646479232141,0.16380521874745152,59.0,0
492,44,19,114273,14,0.04616011961397309,0.1467130119781719,46.0,0
616,35,16,5697,15,0.06712322940150581,0.3214066827491087,55.0,0
438,36,15,40501,29,0.0972644376899696,0.1235725421950954,57.0,0
536,30,8,58610,7,0.06717881660673423,0.14248372602615092,60.0,0
506,29,5,34275,12,0.396,1.4414841443377542,53.0,0
586,27,2,4292,9,0.3012774812616813,0.2743087638126843,52.0,0
612,40,16,28829,21,0.10894564822660695,0.7532038104164771,54.0,0
559,50,27,87994,26,0.04524090783421721,0.5429001169441268,60.0,0
419,44,17,32770,5,0.06568232184337702,0.0782602567432222,53.0,0
504,18,0,10411,2,0.3509036144578313,0.46541361062693215,57.0,0
512,19,0,4343,9,0.1523226503420958,0.3314589943199425,54.0,0
626,58,40,44401,11,0.08140208574739281,0.4592998834436722,51.0,0
611,59,34,7861,1,0.07856688187687551,0.12533810036642754,51.0,0
553,29,6,38972,19,0.09149026850404887,0.12163339755056178,51.0,0
652,51,27,3720,10,0.2571669477234401,0.20023281468610846,58.0,0
492,37,12,9621,1,0.1549943768530825,0.7477447764635801,67.0,0
543,61,40,9186,6,0.09156645759258521,0.7068952864971515,58.0,0
580,18,0,18883,23,0.05426935524022903,0.2026690213653076,58.0,0
598,35,16,120255,10,0.04684961184329302,0.2718123942875029,54.0,0
492,61,39,9839,11,0.1706148032076689,0.2585590256635642,58.0,0
534,53,31,27711,13,0.0950797391668956,0.103861992780023,56.0,0
522,42,20,106328,10,0.04134133972986461,0.1495470017765178,50.0,0
503,47,29,142084,11,0.11252486344836296,0.07167834756787786,54.0,0
506,32,14,47111,1,0.15576166256242666,0.09921594041817679,56.0,0
633,40,17,149082,13,0.16647569160255363,0.26142776158463416,52.0,0
629,37,16,203666,18,0.19197989739294313,0.41786214947723443,45.0,0
620,43,19,118633,5,0.16914188219783627,0.08865992420962929,47.0,0
522,43,23,116374,2,0.17615594912635207,0.2933429953951247,49.0,0
424,33,10,7353,29,0.11590214908780716,0.27562475665937,60.0,0
570,48,24,111268,1,0.08304175414042454,0.2735724151149722,50.0,0
606,32,6,5901,29,0.06885758998435054,0.027046894324149813,48.0,0
630,42,19,5919,1,0.22197042660472496,0.2789874317489569,56.0,0
481,18,0,63268,13,0.08775998393075618,0.05941930788411602,55.0,0
506,21,0,7572,25,0.07194461817162329,0.17494717596148546,60.0,0
532,56,34,256605,19,0.13917884481558804,0.6127123615285589,53.0,0
521,19,0,45518,20,0.212,1.1242317249826619,59.0,0
600,42,19,1432,6,0.08173087837991236,0.15729434244114085,60.0,0
589,38,17,66797,3,0.14799899320412788,0.11141018279925441,64.0,0
554,53,32,118158,24,0.21734397677793904,0.26435313535765204,46.0,0
498,22,0,8099,5,0.15885052883655956,0.36577026471223945,55.0,0
549,24,5,64951,20,0.2585278276481149,0.589014473436684,59.0,0
514,50,27,73604,6,0.1566893212922447,0.1254394465565954,50.0,0
525,28,6,9999,15,0.1528951684117573,0.1052525737392742,50.0,0
581,57,32,78198,11,0.05434938892882818,0.060163464462541005,49.0,0
521,18,0,23281,19,0.07915341906705263,0.11969125118745426,61.0,0
592,54,28,19643,11,0.25584149886938734,0.09528241830432571,51.0,0
530,18,0,303784,22,0.08531944722611656,1.0112677465841013,46.0,0
599,19,1,257704,14,0.04165962956707763,0.13624564641449338,46.0,0
615,27,5,7343,7,0.026413607632881687,0.121831306464317,61.0,0
567,25,3,55504,21,0.09011461947213562,0.0655864833633672,52.0,0
557,36,15,35724,22,0.392290116585623,1.0079817365892818,54.0,0
542,44,21,6869,21,0.251851202734084,0.19852460362635455,51.0,0
550,18,0,35898,6,0.1875156680872399,0.3980347917042399,57.0,0
551,32,10,58879,29,0.31790511817718076,0.476770398469599,51.0,0
589,31,8,8598,19,0.121830827911151,0.19680984742930635,61.0,0
493,44,22,39279,15,0.0904343475405735,0.06505810436776356,56.0,0
610,19,0,8609,13,0.29957786755027005,0.49982040622770835,51.0,0
607,34,14,1912,5,0.12884710539336963,0.7191121497188677,54.0,0
613,31,12,8684,2,0.09104815517346876,0.2101261735580727,57.0,0
606,57,37,30799,4,0.06164461751163764,0.34013595973324,50.0,0
634,40,16,8727,13,0.12291405713362157,0.1623757597967769,48.0,0
611,49,26,6943,6,0.10162179435967085,0.5674382873892586,53.0,0
585,43,22,70833,8,0.09174887892376682,0.2771863004187229,54.0,0
504,25,1,131206,28,0.17172490755125708,0.14290908774969233,54.0,0
582,37,15,23131,16,0.06981104860810616,0.1880061744810802,50.0,0
660,46,22,146916,2,0.036980963045912654,0.09521550394358103,49.0,0
568,45,21,105597,6,0.33328843511758843,0.36339757732005185,51.0,0
638,31,7,47922,16,0.10755107781215639,0.19953656811059112,46.0,0
603,45,23,1207,20,0.18952719877986782,0.4364560074752208,54.0,0
460,29,10,10070,12,0.10586485005089656,0.28882763368565684,59.0,0
611,44,19,48831,21,0.05128279925905398,0.07597652640706713,52.0,0
601,54,29,254324,4,0.1112792457222675,0.3009177607228442,46.0,0
581,51,30,6795,8,0.22550650875990996,0.4716401516995759,52.0,0
625,43,19,3234,6,0.2058535219156981,0.6774425032786291,53.0,0
539,47,24,64165,27,0.2316651825467498,0.3516885310346313,52.0,0
614,30,7,37446,14,0.18674899866488653,0.3661905537576941,61.0,0
537,64,39,63501,5,0.06971363940157319,0.1782132048118953,58.0,0
571,46,23,195594,5,0.11475358604956407,0.42449263309562474,58.0,0
626,48,24,30855,19,0.1491989727283845,0.09335970466359449,54.0,0
617,37,15,135357,15,0.2589565136157691,2.68691738757504,58.0,0
588,49,25,8271,2,0.05023954421856791,0.1926526247374718,59.0,0
613,36,17,46287,5,0.1281708945260347,0.13360746247706753,56.0,0
553,30,7,10827,22,0.06116120140125194,0.18881468828946776,56.0,0
595,36,13,6253,13,0.040747028862478774,0.6213999569033541,50.0,0
635,51,28,47532,7,0.21096078880990599,0.23581419358067784,56.0,0
612,48,22,10877,11,0.05927060863254239,0.3126681276451911,48.0,0
606,46,24,4191,8,0.07828820606429368,0.2539198233037065,48.0,0
540,49,28,18361,2,0.25061499071238513,1.0496298079703723,57.0,0
612,51,25,28137,23,0.15385216745495056,0.2001835225248777,63.0,0
536,37,14,78646,5,0.08509494202655017,0.22565706766264942,53.0,0
526,18,0,221502,25,0.2168295589988081,1.5227665473752006,58.0,0
591,38,12,7307,20,0.1740401006575209,0.8461138095998832,53.0,0
655,38,20,26156,5,0.08051242088457225,0.07318399022588053,50.0,0
528,46,23,10255,10,0.2754486640593589,0.7772628875909625,60.0,0
573,51,28,91349,21,0.12340224080795328,0.2961452486594707,49.0,0
592,39,17,10250,19,0.04110478965293226,0.24643053982034607,52.0,0
600,52,28,89742,16,0.11564200945837423,0.08524407994447401,49.0,0
514,30,6,107365,22,0.07273186438537786,0.18452028210200042,48.0,0
573,32,12,5439,27,0.25029578020244514,0.7386456361902107,51.0,0
665,47,26,11912,4,0.15971556654815275,0.2977894170127384,51.0,0
549,30,9,64314,13,0.36,0.4597302739290211,56.0,0
442,28,5,59975,1,0.1944,2.4858219275113167,56.0,0
544,23,0,12652,14,0.07079110573286947,0.12151011413338654,54.0,0
550,34,11,26388,27,0.13018002717391303,0.08207968031841929,59.0,0
582,31,10,38457,28,0.16178296140188805,0.28250390594984737,50.0,0
597,76,56,60201,22,0.13273082889323531,0.18657971615415087,55.0,0
633,40,19,14944,4,0.17173192227738932,0.06983477255601371,58.0,0
602,33,8,9788,25,0.13136304527721954,0.19823209846635606,48.0,0
627,46,23,9984,20,0.05560349679210595,0.18515693158799146,50.0,0
433,38,15,15387,7,0.05243951056456807,0.09707285564762015,51.0,0
501,28,5,6866,10,0.05960006587558182,0.09057459069709008,56.0,0
501,49,26,114733,1,0.04723144984807217,0.20614160584239571,59.0,0
508,18,0,6202,23,0.4901383132770759,3.2084861494608132,55.0,0
472,23,2,181346,5,0.10816716744059002,0.7237710117935234,52.0,0
531,43,21,2333,15,0.04155591329414848,0.0917838762508916,53.0,0
481,45,27,2437,7,0.18804716360508072,0.24722543729657556,51.0,0
626,52,30,70923,22,0.14298554223055393,0.09274756583108852,51.0,0
567,53,32,50465,7,0.054078911064103743,0.2607663558320243,47.0,0
499,27,6,88957,8,0.1133359453941806,0.18260228870660747,53.0,0
577,39,15,12641,24,0.2445268822822509,0.21897188429273584,59.0,0
560,48,25,10497,3,0.09891376480039119,0.02946967691141106,54.0,0
598,48,27,94643,14,0.5603820187716121,0.267779282683122,50.0,0
575,29,5,30487,21,0.27876615896582624,0.1611374738327642,52.0,0
652,51,27,8055,5,0.08201668737795136,0.11515921004912111,49.0,0
617,41,23,57679,14,0.1735007190329978,0.16197688631453383,53.0,0
558,39,17,21382,22,0.1451989456508096,0.07326050523930384,57.0,0
568,42,20,1595,4,0.0363348865375881,0.1663090496036787,65.0,0
618,34,12,8236,5,0.09801664023635218,0.07826141504488877,49.0,0
508,34,8,9584,25,0.1893871379294051,1.254684677807881,53.0,0
562,34,13,252647,20,0.19174757281553398,0.12704757523540688,54.0,0
471,49,26,590837,6,0.0904,0.31646250901394285,52.0,0
634,54,31,6508,12,0.3727697222904891,0.4030317889754335,50.0,0
505,54,32,384796,1,0.08231871565564056,0.18732264982612754,48.0,0
594,43,21,8633,23,0.20848593121929435,0.24382301911636434,55.0,0
600,18,0,18719,7,0.07601188132985007,0.23890272475367794,51.0,0
599,63,42,122619,21,0.26272912423625255,0.44830889644832517,51.0,0
529,29,8,294525,22,0.17011029982911297,0.6349750436732702,52.0,0
592,54,29,109764,4,0.06307866913565498,0.2452305256178939,49.0,0
587,40,14,80714,27,0.2759027266028003,0.31189821052672906,57.0,0
512,31,13,57515,22,0.057806227622870784,0.09060264596409881,53.0,0
554,30,5,557461,19,0.12806379734959542,0.22236321338506573,47.0,0
538,33,13,14779,19,0.07196224931183642,0.07562687188338736,52.0,0
543,18,0,28684,16,0.28674003884409394,0.48890660194609614,55.0,0
576,35,13,39443,2,0.034766004378672895,0.09864822676608608,55.0,0
525,57,34,7538,11,0.12103047651119717,0.18000731129381578,55.0,0
569,34,13,2100,5,0.028819045630155582,0.17547574556002668,74.0,0
383,20,0,75819,18,0.47054033144672014,0.7878987094158683,50.0,0
574,27,6,1029,13,0.49388922052216533,0.18872781297808403,52.0,0
591,39,18,186057,2,0.21722820662835118,0.1785098549009837,55.0,0
630,49,28,174827,24,0.4197199721045008,0.5415680377107571,45.0,0
545,54,30,18261,16,0.0865700123338996,0.16955723836682776,51.0,0
580,23,0,4712,2,0.3152746425884123,0.3262146247522033,60.0,0
507,19,0,8571,22,0.046607052994232186,0.1841334999392439,52.0,0
579,25,4,125413,6,0.15681933046136076,0.1332635923727121,56.0,0
577,47,25,11226,21,0.2941065357007933,0.14617192127266584,58.0,0
627,31,7,23300,3,0.2208,1.1309529236334086,57.0,0
535,55,33,9862,13,0.1612798335175912,0.1986119913764748,50.0,0
571,18,0,27941,15,0.222865905605725,0.16038387502324705,58.0,0
585,36,14,160698,15,0.4015619915392125,0.23092049508894502,63.0,0
526,36,11,142686,26,0.3912,0.5080422719196148,61.0,0
540,20,0,4345,15,0.10467798213968893,0.9973752828324381,62.0,0
589,43,18,95193,1,0.19745765852573846,0.18711029810328628,58.0,0
627,32,11,39736,7,0.3808,0.3608351420639463,50.0,0
627,38,12,474421,2,0.10446180325698398,0.14339700685583964,47.0,0
593,29,8,3563,13,0.17171879176690724,0.20029622911641157,59.0,0
507,42,22,1505,15,0.19938362588771272,0.21255872608493487,53.0,0
614,49,28,130064,18,0.15916570839446448,0.12162549819387493,49.0,0
497,27,3,43568,12,0.098342939481268,0.7909077466985363,52.0,0
525,30,10,32839,20,0.05082603392837343,0.9160029384406837,62.0,0
581,34,9,5389,22,0.11970707517250659,0.21108328212070765,52.0,0
537,47,25,5033,19,0.16219664064635667,0.3033235596985998,57.0,0
609,64,42,42542,25,0.06530990359841359,0.11522460783424616,63.0,0
593,38,16,22358,26,0.2976,0.47187605977949587,62.0,0
600,49,29,225685,5,0.15745980868432913,0.4187397194058754,46.0,0
520,40,17,97073,15,0.3136,0.31875084629440936,50.0,0
601,37,18,420412,19,0.11702014281146755,0.5305305598994661,42.0,0
619,40,18,7137,5,0.1042499793154803,0.21807334925854918,63.0,0
631,48,24,94835,17,0.04992574335640029,0.06634138284001402,56.0,0
487,34,13,29780,10,0.1478111085833144,0.2139254990388249,53.0,0
581,51,31,5512,25,0.18536121673003805,0.25256884238169114,51.0,0
567,45,21,1902,8,0.11262119830943897,0.23950908960089748,52.0,0
580,31,9,154945,20,0.29743817234113346,0.3103219834671074,51.0,0
604,29,9,115937,13,0.05470743234765151,0.39251105553462506,44.0,0
551,36,13,65909,19,0.2584,1.1642566782760906,55.0,0
619,48,24,4090,5,0.10922048505607425,0.09782559204276177,62.0,0
583,51,28,8193,11,0.16682744141179143,0.11420733886167568,55.0,0
614,52,27,8634,17,0.047023327691515196,0.273458251892458,56.0,0
606,24,0,68974,6,0.07808492447990881,0.18091258948341482,55.0,0
479,46,24,10201,19,0.1903726708074534,0.3528003132228387,55.0,0
534,62,38,10932,21,0.08320201701859438,0.07778000454736617,55.0,0
602,44,20,9278,3,0.02644314584175953,0.16780115059419523,51.0,0
551,22,0,14047,19,0.1425973537342447,0.20449869835407442,51.0,0
625,50,26,3483,27,0.1904423773343748,0.23201501146216771,49.0,0
568,44,20,35171,5,0.06677414322117635,0.12457764158191047,56.0,0
551,23,4,193021,29,0.04669613510143942,0.17248808402768903,52.0,0
534,29,6,9875,14,0.0734311084505637,0.28737810650702256,50.0,0
603,42,17,20828,6,0.032614382884716006,0.18797847228395997,50.0,0
508,24,2,35097,23,0.05226354375861985,0.07322203864655874,54.0,0
541,34,12,33160,24,0.1314260856214335,0.15947438448090792,56.0,0
560,29,4,19032,1,0.11484334279261017,0.20276899206551735,64.0,0
539,34,11,1957,9,0.04857451931465261,0.45060926354176994,68.0,0
591,31,5,64513,27,0.26786727706102686,0.18093817196672204,64.0,0
551,43,19,8638,7,0.04875579924082665,0.26491827678305746,58.0,0
597,63,43,10338,2,0.08106462163076576,0.18504552595778143,56.0,0
590,25,4,8714,2,0.21741919784085129,0.11653564346652354,54.0,0
563,40,17,49504,19,0.019932386219295332,0.13580767726066684,53.0,0
483,47,25,77594,12,0.045061862383329716,0.18364113368090343,48.0,0
605,42,23,9156,6,0.04590127048159368,0.051086033162181924,58.0,0
509,22,0,2050,1,0.05413966882649388,0.38716386605766073,55.0,0
533,42,20,225062,14,0.4344,0.4977721947778584,51.0,0
524,40,18,6457,14,0.03729429546728257,0.39236909163990374,59.0,0
609,31,6,6702,6,0.12059196053596427,0.42802308890509094,53.0,0
476,29,4,41191,28,0.17028963690010238,0.13253380276568155,51.0,0
580,41,16,46570,14,0.1262609827530101,0.18257519033580913,58.0,0
588,42,16,127284,9,0.03297180043383948,0.30403143284815953,56.0,0
643,42,21,180785,7,0.023544918072072613,0.16390622923442683,46.0,0
575,18,0,216673,11,0.021956461835216313,0.13945571195668047,47.0,0
623,44,21,8361,27,0.11561184693207707,0.22324555270183377,53.0,0
518,49,25,100025,2,0.19235815021318464,1.022372265414094,55.0,0
574,56,36,15634,12,0.07602469026155691,0.1536354233057762,49.0,0
626,68,45,95374,3,0.056923394949571875,0.04694623790270045,51.0,0
521,22,0,36949,6,0.4144,0.7521149837464361,68.0,0
603,25,4,78519,9,0.2024,0.818034774484487,53.0,0
637,40,19,8200,15,0.28305369815809983,0.15192161093850712,49.0,0
520,25,0,25449,10,0.25739197271395287,0.17293006468249297,53.0,0
630,44,22,53042,13,0.11378596087456846,0.6973502462514614,52.0,0
598,43,18,26635,8,0.30776760804659586,0.35475360247319115,56.0,0
558,21,0,5590,20,0.1458360383287024,0.09551672034794093,59.0,0
627,49,27,1759,15,0.4492837277640762,0.3954701665744233,56.0,0
524,36,15,10476,7,0.08335250011500069,0.1249147998206532,77.0,0
579,25,6,30535,22,0.04744557053816537,0.30308842832155414,54.0,0
572,37,11,94651,6,0.2167935461879332,0.3193056575128791,60.0,0
618,56,28,16923,23,0.17965835460435892,0.29295919368004064,55.0,0
660,58,40,562023,11,0.20983766928556144,0.2010199497908191,43.0,0
542,40,16,147895,26,0.16755257684307834,0.15471413029465206,47.0,0
560,22,0,40370,13,0.03771908170822019,0.14735595353552844,60.0,0
560,26,5,136854,13,0.1812853427993561,0.2684037572351769,48.0,0
543,43,19,46780,14,0.02393687236601512,0.07207586748780644,53.0,0
620,39,19,4085,28,0.1960154564159181,0.1789599928874577,54.0,0
573,58,38,59524,1,0.0656122222574408,0.24595530452823516,51.0,0
597,21,0,1599,22,0.08461598562387687,0.19715728487402,55.0,0
585,33,11,115050,20,0.07575589766308562,0.286797987903496,53.0,0
615,38,18,17706,9,0.38489218825262805,0.131666088058474,49.0,0
651,51,29,127071,3,0.15035815804434338,0.21476066391134768,50.0,0
637,64,43,55640,18,0.15272020725388602,0.15739477864488552,50.0,0
585,18,0,4329,10,0.23178452623672066,0.4545862251356712,53.0,0
634,61,37,70357,3,0.2649596751452259,0.07836533154447942,50.0,0
593,38,14,115940,6,0.15176151761517614,0.6107145832040455,50.0,0
625,37,15,33849,8,0.06937638128182953,0.18061219737192205,52.0,0
524,28,4,138991,22,0.64,0.6122052460571472,48.0,0
608,48,25,74574,7,0.05882597316272693,0.18218957488483603,47.0,0
566,43,20,48222,10,0.1824,1.3329201293382298,51.0,0
616,49,26,168032,16,0.052869719565441335,0.37300638747165044,46.0,0
564,55,35,48081,12,0.0766132774076205,0.42681936219829775,56.0,0
625,49,23,44523,19,0.6024,1.5379387071375892,51.0,0
500,37,14,4870,12,0.07615446934917634,0.2096179546663022,50.0,0
594,36,10,108049,11,0.2728,0.5398997395893028,49.0,0
558,46,25,49015,4,0.29660503550052103,0.38614936377955666,60.0,0
598,39,16,1968,7,0.09951902334574392,0.16668929021673323,65.0,0
535,38,15,10770,25,0.08412362329413021,0.2563015157251658,49.0,0
413,18,0,77081,24,0.228,0.669977695524022,53.0,0
607,30,6,1144,12,0.27465584334072557,0.3871120545508839,57.0,0
443,27,5,10936,4,0.06252894858730894,0.20956837124995184,54.0,0
495,21,0,2535,6,0.03663978705081031,0.24707249484065372,58.0,0
643,50,29,4942,16,0.06687206965840589,0.127254189384681,50.0,0
495,30,8,43917,2,0.12155956418645136,0.13353606258323664,53.0,0
610,34,16,278021,4,0.10706862889173473,0.2550911386026963,44.0,0
667,55,32,9527,26,0.15807736794756458,0.27158585930563817,52.0,0
556,38,13,5534,6,0.11572230485054935,0.317370619585743,54.0,0
570,43,18,3636,2,0.09268629977684886,0.07221194700811315,54.0,0
551,29,4,109770,18,0.13431208663420305,0.0915424243561052,54.0,0
528,28,6,2371,14,0.0405903470283207,0.09679287084041494,62.0,0
527,44,19,53165,21,0.10486020643351036,0.14450166428546768,54.0,0
616,51,31,57444,15,0.22227032375769196,0.2613393237002333,58.0,0
549,50,28,4684,11,0.11276741232783041,0.2769554162317195,54.0,0
591,51,27,7336,23,0.3818750630739732,0.25579333473305926,56.0,0
581,43,23,19449,12,0.3695919994202479,0.3003719376740819,51.0,0
513,41,17,44980,9,0.08795432705895653,0.5329819342715675,51.0,0
615,50,27,286353,17,0.3476978754775149,0.08227724980299261,41.0,0
432,28,8,350314,24,0.5248,2.3148090707364095,46.0,0
588,33,11,10205,2,0.3992,0.36532007067573524,61.0,0
607,54,32,3530,14,0.1273037849501034,0.2951485408163574,51.0,0
562,56,36,241587,18,0.26820685023505714,0.04831298504625256,51.0,0
550,33,9,30466,24,0.09069976974672139,0.42894456234372674,52.0,0
562,37,13,73859,15,0.15290912005129026,0.18252213382459317,49.0,0
591,42,20,134554,5,0.15162454873646208,0.4235986418289322,50.0,0
621,41,15,5299,10,0.3064635958395245,0.29741518584251847,55.0,0
569,49,26,86784,21,0.16111111111111112,0.19667963081247533,49.0,0
590,41,17,6102,17,0.15133066620281788,0.2513528356310466,50.0,0
623,60,37,117481,20,0.20882002383790227,0.43565217081211943,45.0,0
503,51,31,20690,19,0.2536514917779893,0.30107311017380967,52.0,0
596,40,16,9228,16,0.09501142421934501,0.12323353480633573,58.0,0
525,31,10,29458,8,0.08259214704084249,0.09342086244583402,58.0,0
583,26,8,66953,8,0.24628347878423112,0.36015621402639025,54.0,0
602,34,13,2813,24,0.03156312625250501,0.10176857263136277,50.0,0
616,32,10,94331,27,0.121097119199586,0.21395865556941468,53.0,0
554,18,0,16542,9,0.2700218573109903,0.36976742593770373,53.0,0
508,37,19,55081,13,0.15965114166313366,0.06706931917639136,60.0,0
637,55,33,7003,9,0.09921327971030747,0.1407667450782651,52.0,0
405,27,2,21625,9,0.1648196766616001,0.28917530661673685,73.0,0
546,40,18,22794,24,0.10569905511450732,0.21439234445669983,57.0,0
551,41,19,91186,2,0.1633025133480922,0.18870285103261272,71.0,0
642,58,35,70235,20,0.31344137273593903,0.2652541525464115,51.0,0
517,18,0,39310,24,0.06590179200343836,0.07480488618115905,50.0,0
577,38,13,25526,15,0.0871963834188951,0.160809035225869,54.0,0
595,31,9,61398,20,0.11756308219422536,0.22811271894101148,51.0,0
480,35,14,7094,26,0.07523775977456852,0.4678064347215746,53.0,0
554,37,14,10929,21,0.04454976303317536,0.1591539072257582,53.0,0
564,24,0,1565,26,0.1063266778927111,0.4818049380547791,59.0,0
529,42,20,6231,21,0.2488,0.5632291995523899,55.0,0
632,45,22,52241,4,0.05009665610990006,0.10363274852277397,59.0,0
532,62,38,4192,3,0.042614029423972695,0.26785314740340965,53.0,0
512,27,5,7986,2,0.08317755046314773,0.14901204765105608,61.0,0
488,44,23,116064,11,0.1287996921768363,0.12079028912988739,46.0,0
480,21,0,16724,28,0.16942366452428617,0.5646725450732454,53.0,0
548,31,10,19043,15,0.27336185543796443,0.4130514400425394,59.0,0
606,63,40,16812,20,0.12112869924294563,0.06411431247499712,52.0,0
565,29,6,123537,4,0.2144,0.3130036981350979,50.0,0
621,32,11,7609,14,0.02293799919098343,0.07744923470751193,57.0,0
607,18,0,11769,21,0.2924281984334204,0.2802669804682821,55.0,0
622,26,5,77522,4,0.07915701165367116,0.14296456648696443,52.0,0
551,42,22,10443,3,0.05946752923612839,0.6524592888437019,53.0,0
523,22,2,11656,27,0.1217155839089428,1.2700192099935703,63.0,0
613,34,11,32922,26,0.15554708349218452,0.23725136692136456,47.0,0
604,50,28,37306,9,0.036831817520960215,0.10133602452662904,61.0,0
556,44,22,19654,28,0.06536086863955716,0.1786812397320419,60.0,0
591,37,17,13053,6,0.0399105037189333,0.18497144503294377,62.0,0
651,69,49,17051,6,0.2492299246698588,0.2595684349535869,45.0,0
588,35,13,180433,5,0.10218045112781955,0.2164361894472685,51.0,0
613,40,16,2471,25,0.24023874658045263,0.7649096629625216,49.0,0
655,55,35,3837,14,0.26021537099867237,0.19495551986630785,55.0,0
519,18,0,26317,7,0.196530260892597,0.3964961472216281,71.0,0
574,43,21,232760,24,0.03831108194735381,0.16030561061041257,46.0,0
566,33,6,62100,11,0.06029222091747358,0.09108177025523431,54.0,0
632,41,18,6744,1,0.24050246434335065,0.26368988425941586,56.0,0
594,49,26,75114,25,0.2185710261947235,0.6227199286933132,54.0,0
574,37,17,8476,12,0.097719149563359,0.1717449648686576,55.0,0
645,55,30,54143,27,0.06422055544293534,1.0756029829048783,54.0,0
634,53,31,5365,21,0.14248579955713872,0.3901309226365583,52.0,0
494,49,26,99941,12,0.17020864597957108,0.12422361616987453,54.0,0
512,47,26,9821,13,0.18155410312273057,0.16789489153281015,51.0,0
589,54,32,157188,27,0.11543584430960487,0.3900459827828094,55.0,0
515,45,18,57614,21,0.13399810457785652,0.5540535803131332,62.0,0
480,38,17,9034,16,0.1799537393986122,0.6489358822046483,52.0,0
485,23,1,21242,14,0.37648333784882143,0.21920536145448344,52.0,0
592,41,16,8677,3,0.3362682796110558,0.41408797999059127,62.0,0
611,33,14,3830,26,0.0872872409654235,0.41323949346872174,51.0,0
626,39,17,2788,5,0.08032832609475236,0.28711964795261496,62.0,0
576,49,28,8342,20,0.11625622438264288,0.16949162109153032,54.0,0
546,27,5,2484,13,0.0822722820763957,0.6241825018571966,55.0,0
585,21,0,36972,28,0.2639508103196907,0.2604566664754773,57.0,0
610,43,18,9326,3,0.14922970159611382,1.458307088127968,56.0,0
619,49,29,8110,20,0.12126315789473685,0.34417208324247744,48.0,0
607,47,25,41630,23,0.05213032581453634,0.1771945798098128,56.0,0
547,32,8,8695,16,0.0753974418725079,0.16257990413687004,54.0,0
618,33,13,9184,18,0.24921051223036986,0.12521074283812178,46.0,0
469,42,19,3503,17,0.1209714372995265,0.44133252912759485,53.0,0
561,62,42,48412,15,0.07803002459642079,0.05267877401762844,53.0,0
581,37,13,20679,13,0.08852459016393442,0.6107115138263927,56.0,0
519,35,15,7216,27,0.1007444954855061,0.2918907405087984,54.0,0
451,25,3,22457,6,0.10782057183775766,0.3612416443961597,53.0,0
559,42,19,49437,10,0.11831889637471928,0.14303280630463003,52.0,0
472,22,1,81114,20,0.30483937680959605,0.31212739580177,55.0,0
546,26,4,53435,21,0.2407203780201492,0.22032759869163113,48.0,0
557,29,8,15808,4,0.16009318748521195,0.1639425608729879,53.0,0
510,48,27,22758,4,0.16650909293142763,0.11867663054254428,55.0,0
622,54,33,110714,9,0.2061168630251101,0.4518585141631799,53.0,0
576,48,25,32336,25,0.09203256760686247,0.15122559816555847,53.0,0
540,25,2,21275,1,0.06563106796116505,0.4762911630712149,62.0,0
573,38,17,64050,26,0.09302050356519424,0.09606576266303718,49.0,0
498,30,7,58500,22,0.0438587550054605,0.20692350590058592,49.0,0
561,28,6,7129,14,0.06697896940097678,0.10361821936010877,54.0,0
419,32,11,21278,29,0.057177615571776155,0.1457027151886089,53.0,0
614,38,12,399260,7,0.12825515310883026,0.6266473847598227,48.0,0
626,29,11,153204,16,0.08245959286382552,0.045399908591194506,46.0,0
605,33,10,95271,4,0.2399218495604038,0.5454322588273782,56.0,0
475,47,24,49771,10,0.06759999165432201,0.25821814316715946,54.0,0
508,26,0,1030,28,0.12513557903870587,0.10910351133864442,52.0,0
604,46,27,251321,21,0.09057305385245358,0.23822464980096644,43.0,0
531,19,0,53554,12,0.019072602422652574,0.20393578638010054,48.0,0
600,18,0,6224,16,0.11254240294437176,0.09679073799146193,53.0,0
625,32,10,27846,10,0.06857916943005912,0.09763183703213846,52.0,0
563,48,26,73732,17,0.12567602369302086,0.08424331528159447,51.0,0
612,46,23,26110,14,0.03816388019141017,0.08913588562079881,54.0,0
561,51,29,38869,3,0.054061693933076575,0.14817005945047246,56.0,0
585,32,10,91366,21,0.06182625237793278,0.2996378292811488,48.0,0
616,49,29,50194,7,0.27871847971738334,0.9171097704286352,49.0,0
572,50,29,5625,14,0.27286250619820074,0.28813796082342247,52.0,0
562,40,17,2071,6,0.051839524096172235,0.048493091557006776,55.0,0
444,32,11,6675,15,0.29419759539989543,0.5819969552719778,53.0,0
587,56,32,7089,29,0.17944745675187193,0.3475812486243955,54.0,0
531,40,17,6916,3,0.3723024957778195,0.5790212615736187,64.0,0
609,45,18,9431,26,0.2096,1.4908877189335905,53.0,0
521,52,33,4359,6,0.17666503428011754,0.23712373614626828,55.0,0
514,51,27,2824,24,0.1912953582135842,0.07983391624871632,60.0,0
587,44,25,56796,27,0.24602638989085662,0.4296422873565241,56.0,0
619,50,27,37932,1,0.2556496906235126,0.5869927384505763,50.0,0
586,46,23,1707,19,0.045555034501239364,0.07190971628582735,57.0,0
611,30,10,43005,26,0.11969008816457387,0.19704556596589398,51.0,0
556,29,3,7881,1,0.05339179778179004,0.08653418148871467,57.0,0
617,51,29,395917,25,0.18301731244847486,1.3335996233335186,64.0,0
536,37,15,32476,26,0.3336,1.0859846975513021,52.0,0
513,40,16,4998,6,0.09836508579921632,0.24857657229055224,71.0,0
521,31,10,36286,4,0.13069346868802315,0.13711122882344,56.0,0
597,30,7,19335,26,0.12034246392659964,0.28770477134420347,52.0,0
571,65,43,9430,11,0.1477357884594797,0.22106671048681165,61.0,0
594,24,0,8812,10,0.11288135593220339,0.38167578795332363,56.0,0
531,31,6,8356,29,0.1289958933891618,0.21778599602072765,61.0,0
567,39,17,7449,21,0.04470086802848381,0.1983941216243547,52.0,0
530,18,0,4879,19,0.20016049524246246,0.19807683848871388,59.0,0
571,18,0,31554,4,0.05079527963057978,0.21636542334332698,60.0,0
596,24,3,192116,17,0.412,0.2770946515870116,55.0,0
625,55,31,101116,14,0.16022198107116856,0.2688879620959946,50.0,0
571,47,22,16770,13,0.1281476904063031,0.18079640024753282,51.0,0
587,21,0,32414,23,0.23142713399295656,0.44793582717635594,52.0,0
545,39,15,9889,29,0.4246817323506122,0.5687467829927213,68.0,0
533,30,9,40671,12,0.12860914537848556,0.07074778367994368,54.0,0
556,22,3,34979,24,0.09485141672425708,0.08075442429207678,51.0,0
500,47,28,93072,13,0.4041143654114365,0.20749896113707222,59.0,0
584,35,11,92697,6,0.07919057969881307,0.1733642629129705,52.0,0
616,49,21,8272,22,0.25033620887591435,0.5116045204402658,48.0,0
605,32,12,24533,23,0.11059746035461408,0.0673861832443504,49.0,0
581,54,28,230372,20,0.058472253485693106,0.1321636935452981,50.0,0
596,36,16,66459,20,0.135112168592794,0.17047186344650822,56.0,0
590,25,0,10650,28,0.05947741213949233,0.09399697327110884,50.0,0
595,68,43,4600,22,0.02622887818703688,0.6762906905600014,58.0,0
556,49,28,65862,14,0.06920821114369502,0.18350295983121662,53.0,0
572,25,2,10810,10,0.030018010806483888,0.07568631588920338,54.0,0
502,39,15,207037,11,0.2664,0.3102553252262189,50.0,0
460,27,4,2064,19,0.15033333333333335,0.31234674710382,54.0,0
599,44,17,7928,18,0.15165036166615858,0.13081815426488327,50.0,0
640,54,31,2710,27,0.17087261871523376,0.11573913056175507,55.0,0
540,34,13,50961,20,0.11328911633750255,0.20255935982652837,49.0,0
638,49,24,5699,29,0.05792847763960763,0.2377546916934884,50.0,0
496,23,3,20655,10,0.05144110151913237,0.047721679723881714,52.0,0
582,44,23,89031,11,0.07345922390537456,0.03685867780719537,47.0,0
602,68,47,132556,20,0.053110146724529864,0.08267949872393253,55.0,0
525,25,7,53651,27,0.07811171382495236,0.12039391661754525,55.0,0
557,58,35,3174,5,0.11181639098214566,0.2836260757293295,57.0,0
595,43,20,23560,25,0.2121971595655806,0.18861109350058458,53.0,0
523,42,18,9602,28,0.15725806451612903,0.3006677934378008,55.0,0
675,42,17,3000,13,0.23277720124531015,0.6979996674501517,48.0,0
455,20,0,30359,28,0.22646995477062246,0.21113406901971388,54.0,0
574,49,25,40680,6,0.047874054410704144,0.09793986899032461,51.0,0
593,35,15,139933,2,0.1372027653270531,0.6169957946522409,53.0,0
597,40,13,43499,1,0.401392732791715,0.20789579381534626,59.0,0
467,33,8,25814,5,0.1690997006677412,0.2273197549589748,60.0,0
590,26,2,24791,10,0.03816009250931517,0.1404666741254581,55.0,0
546,38,18,7300,27,0.06786030845594754,0.13984774755064444,56.0,0
561,54,32,4465,21,0.12412930135557872,0.09441111108508052,58.0,0
585,18,0,28416,3,0.044686622566982345,0.16452280396476993,51.0,0
607,45,24,26354,1,0.06666333616426039,0.06361280111011831,57.0,0
636,48,27,12915,16,0.09749478079331941,0.0394786936052001,47.0,0
613,39,17,2337,25,0.18499769903359412,0.25979276305554605,49.0,0
590,51,31,11502,11,0.13944310458232845,0.18402634592221814,68.0,0
472,53,30,1806,11,0.18240717667580364,0.14358030488094206,55.0,0
493,20,0,2010,21,0.2048,0.7209284946209341,57.0,0
384,28,4,57009,24,0.13701657458563535,0.11933032436748026,54.0,0
623,55,30,7495,14,0.1495814630595657,0.08619685565094146,54.0,0
606,77,56,30311,9,0.02892606583917971,0.25029988527087316,49.0,0
582,19,0,1589,23,0.11175321165758949,0.5218546968620759,60.0,0
576,23,1,92637,16,0.05510799766491535,0.14720608733007248,50.0,0
622,57,33,77385,18,0.684,0.5002657405416089,47.0,0
573,18,0,10210,3,0.12558212547747372,0.3209794127631295,65.0,0
588,53,33,45226,10,0.11785681907467288,0.21605194544752074,53.0,0
499,44,19,7027,29,0.18889925373134328,1.2373804293668307,51.0,0
562,30,5,5705,15,0.06700534680154627,0.17110958612181237,53.0,0
566,40,19,88566,19,0.1599150517653305,0.24754220606297397,49.0,0
474,36,15,11488,10,0.15598641691313397,0.3919060562437122,52.0,0
607,34,12,5898,2,0.15850415987649025,0.1928543551859474,57.0,0
529,35,9,18486,3,0.1259928786633799,0.1446433133294453,54.0,0
516,35,14,93963,15,0.06507567162169958,0.24323107623128665,47.0,0
568,21,0,9477,1,0.04466021733684826,0.10140140400581134,62.0,0
579,29,4,24130,14,0.07227722772277227,0.08368354708423564,62.0,0
551,28,5,3474,21,0.08796967331921061,0.09340284485188156,67.0,0
519,43,22,120510,6,0.09098920015574728,0.18832911095017357,49.0,0
452,29,9,25496,2,0.5793645022904094,0.6784492675331669,63.0,0
565,46,24,3473,19,0.0907978795704771,0.13178280856479066,50.0,0
602,35,11,17480,14,0.08990402138257805,0.3466694357830383,64.0,0
547,21,0,66306,1,0.1751658767772512,0.12409606369112727,56.0,0
602,69,44,9641,17,0.10021382991261596,0.180407825199034,48.0,0
616,32,9,23538,11,0.17797692891662192,0.04502985568935056,50.0,0
563,42,20,51000,15,0.24765862962224944,0.20958025276242984,54.0,0
549,51,26,12822,25,0.2506269999135172,0.21473071442209268,54.0,0
588,61,36,23787,21,0.1807707279096925,2.368108453279055,53.0,0
551,27,4,18002,26,0.06575945882167859,0.3638336916217727,55.0,0
578,43,24,54036,28,0.22346266471449489,0.21290541091760956,52.0,0
412,23,4,62375,6,0.09465964364021272,0.2910263872746201,52.0,0
534,18,0,97037,11,0.1537550269663622,0.20046550078586878,52.0,0
477,52,33,92461,13,0.16005616005616005,0.1991554873648514,55.0,0
574,41,18,29259,3,0.1434360514270721,0.5993091517745197,56.0,0
585,34,12,84978,15,0.10258449304174952,0.19873445227152223,49.0,0
606,18,0,4550,6,0.06548281141630789,0.07556183963701589,50.0,0
587,53,31,26083,1,0.05569686639569949,0.2571344618624371,54.0,0
551,42,17,21627,20,0.05336642879304995,0.0643665206267985,49.0,0
633,26,4,78656,21,0.16198378276447295,0.16596085098888255,46.0,0
559,55,30,113879,1,0.09590718659361908,0.07016909494934212,52.0,0
613,53,33,303910,28,0.17363964414591448,0.24918057187757134,51.0,0
567,30,5,24354,1,0.05419379548065875,0.2629174390823914,53.0,0
579,38,16,431336,5,0.1804511278195489,0.42091175792607316,48.0,0
605,45,22,85462,12,0.07255234674881797,0.19942680767859797,44.0,0
484,33,9,111911,27,0.11146877586682609,0.38431980871742794,54.0,0
588,32,12,5458,17,0.07851878482833004,0.1243279430997188,62.0,0
626,39,13,83687,5,0.1465997013709787,0.3497629696803847,49.0,0
642,56,36,263620,25,0.3739867582451581,0.16919430805075092,42.0,0
563,33,10,6066,21,0.20486896368232008,0.4102408266477793,54.0,0
490,43,20,2574,12,0.12941993248904743,0.09251985869170946,54.0,0
607,62,40,21374,4,0.06952578877763084,0.25717937640872174,54.0,0
548,32,6,36099,11,0.037875489769264255,0.8547669104054838,54.0,0
504,47,25,81553,25,0.2013685794599506,0.44935009726878294,50.0,0
609,46,21,112251,17,0.31745659314875646,1.2456850853196773,48.0,0
570,26,2,171301,9,0.01986964946274441,0.18773997312236856,62.0,0
574,52,28,312446,4,0.24585926280516995,0.3281697678141211,56.0,0
529,47,25,129584,13,0.3433206341403466,0.336525786858296,50.0,0
565,39,18,4995,2,0.05140493697478992,0.11602601178944183,58.0,0
636,55,34,8043,18,0.30198062248135127,0.493555324033607,52.0,0
578,33,8,3300,5,0.14532303139898076,0.23121093923525524,54.0,0
448,39,16,78144,12,0.3456,0.874529745287078,55.0,0
572,18,0,47634,11,0.22141186184119996,0.20155857113831138,48.0,0
578,24,0,154916,5,0.051680016644127746,0.11457578252666296,49.0,0
448,26,2,9016,28,0.17361562403803402,0.2103177461097658,58.0,0
574,18,0,7138,2,0.7775806155540598,0.33377444529029243,57.0,0
482,43,21,26277,28,0.13296113377710972,0.35196665937781496,58.0,0
563,43,18,6735,18,0.06423453841719509,0.08869736057190443,51.0,0
569,31,7,194668,4,0.08571609712800356,0.23592711355358428,64.0,0
536,22,0,35056,25,0.1021096233503516,0.391246133475255,52.0,0
480,45,26,126421,17,0.12862966131548487,0.31177814780738344,49.0,0
582,36,14,9365,19,0.2396990790782135,0.1730574255378699,57.0,0
570,25,2,407311,19,0.21867037294417419,0.16929386392804943,67.0,0
600,43,18,111388,20,0.216,0.6580354425913845,47.0,0
566,27,3,3211,9,0.06519087918991832,0.16827246379267866,53.0,0
538,29,3,8327,14,0.0829842180774749,1.252693549831448,59.0,0
632,46,26,197911,12,0.38866396761133604,0.832123966155383,49.0,0
620,30,4,76021,9,0.23952315451627693,0.37015898412302967,48.0,0
524,33,12,37769,16,0.0554459257833181,0.16254564700163088,55.0,0
529,36,15,6973,13,0.10798507265172168,0.07225534265416375,58.0,0
587,35,8,7298,2,0.0472338768977897,0.03331208064399364,56.0,0
571,52,31,32001,15,0.20127881040892195,0.37786791158645716,54.0,0
558,51,27,2644,10,0.24110646510131875,0.24442646964250236,62.0,0
594,54,32,20150,3,0.2678590592022894,0.48161693145684215,63.0,0
501,35,16,71330,2,0.17745403484137084,0.13043422287614684,63.0,0
589,31,9,3162,25,0.08969851333019574,0.15377163227700993,56.0,0
529,37,16,1761,13,0.0466636714332192,0.2506416366370447,51.0,0
633,42,20,29673,10,0.08084753209979008,0.10136158831426255,52.0,0
546,57,34,152038,10,0.15334924870102515,0.37623845142361645,56.0,0
532,18,0,5417,20,0.19594576596254762,0.9104232822405435,55.0,0
611,46,24,6998,7,0.07568934186616101,0.12521862889304708,50.0,0
584,38,15,68852,1,0.06292860024203308,0.1553142370806995,53.0,0
536,31,9,1586,5,0.11890049009162583,0.18292945212367273,55.0,0
453,39,16,61169,21,0.22308078273958856,0.3804781718466504,63.0,0
579,31,10,5315,8,0.026231312482802898,0.1588644539759507,61.0,0
460,27,5,53974,4,0.3939485021540928,0.13507985947660162,65.0,0
601,54,30,17075,14,0.040326355915200965,0.05293164058500138,53.0,0
599,52,31,17307,10,0.07579604196617014,0.09989720557821423,54.0,0
544,26,2,154319,16,0.09787674779906784,0.15463870620197878,56.0,0
494,30,11,87394,18,0.07091667558027598,0.1577554730322504,49.0,0
573,54,31,202110,18,0.2390509587405805,0.6868620045876053,57.0,0
545,27,5,113278,18,0.20589173667978306,0.2981699126285737,52.0,0
631,59,36,8541,9,0.15530179445350734,0.5846672895013748,51.0,0
504,51,27,10095,1,0.04912111726462798,0.18747804035981255,59.0,0
667,60,42,72276,22,0.04938177085327107,0.2886458495345137,60.0,0
639,59,37,32220,16,0.01845188670541563,0.1263700228905318,50.0,0
576,28,5,91093,5,0.27652640383006954,0.3970545010526439,55.0,0
574,35,11,43411,18,0.10038264267687047,0.08648003444584036,51.0,0
585,48,23,32426,17,0.048083928311234155,0.3065575998869122,48.0,0
532,36,13,9066,17,0.12845359173540483,0.28877424018192166,55.0,0
520,34,12,3647,4,0.1002199369910242,0.26513523754914564,56.0,0
468,47,24,21522,9,0.030743077420358908,0.07362737699335173,54.0,0
553,33,12,108613,19,0.2034443168771527,0.34675426517628527,48.0,0
585,29,5,29148,13,0.229502556804854,0.08588763106022315,56.0,0
603,25,3,7808,17,0.07611107375781617,0.32034919329745537,53.0,0
503,31,8,158215,2,0.14409034854287012,1.2423713058444745,54.0,0
531,49,28,78208,14,0.0973732641793542,0.1264630981740437,52.0,0
533,40,15,26139,25,0.21691805317990984,0.5097023627524725,54.0,0
561,41,20,57095,26,0.10440533048328378,0.08246143444622608,53.0,0
538,53,33,4998,21,0.09278996865203762,0.2737847170328439,51.0,0
582,25,3,43920,27,0.2672,0.6087068299998385,59.0,0
611,58,35,103879,15,0.13503757618794013,0.17322972422014268,41.0,0
595,66,43,38271,11,0.11867403314917127,0.5422402766104925,59.0,0
639,54,31,118300,29,0.0362132963152971,0.24656488395955845,50.0,0
515,27,4,112049,29,0.06524117354549976,0.22350695802428083,48.0,0
590,36,10,73089,24,0.10265163543982216,0.09379641024809778,58.0,0
638,57,36,8127,25,0.2821731249693823,0.317919092193047,51.0,0
504,19,0,13203,7,0.16589727392001558,0.2759103070793195,53.0,0
575,24,2,6380,1,0.05979944668929946,0.09999173650314937,57.0,0
601,46,24,13691,18,0.09917355371900825,0.07337678991970484,62.0,0
564,26,5,251408,10,0.07914262159934048,0.46999165715114943,51.0,0
640,43,22,47728,28,0.2958477508650519,0.2610166205790763,50.0,0
589,41,17,48299,17,0.05363536839332604,0.10520760262954469,49.0,0
559,40,16,114707,13,0.09794970986460348,0.2612325205073689,54.0,0
610,28,4,3775,13,0.08371903630810995,0.08118068577257515,50.0,0
525,46,24,59807,11,0.10177691503658355,0.39265137757777846,52.0,0
490,51,32,109464,18,0.22319138019497178,0.4245912050461157,52.0,0
624,46,24,6290,12,0.030909747022883665,0.09177470313631499,50.0,0
576,19,0,588658,4,0.18908740321171402,0.2765591728458074,47.0,0
650,45,22,30751,2,0.11975251147628235,0.2188223855919656,50.0,0
508,33,7,315486,11,0.45315978763486897,0.3866537295691392,49.0,0
650,23,0,47193,6,0.18748886116556762,0.19610364713845752,48.0,0
560,32,12,70755,11,0.20751622334735792,0.38031735142664375,56.0,0
469,57,35,1970,18,0.020946445208340027,0.22887602398824902,48.0,0
616,53,32,10040,11,0.08909454201282994,0.2392521183340069,68.0,0
568,31,11,16059,24,0.06507708856220867,0.4699686579529223,51.0,0
607,43,18,2456,5,0.13814386203766735,0.050633405585751995,65.0,0
517,30,8,18137,19,0.5788690476190477,0.4369520051936622,54.0,0
556,57,37,141055,23,0.04580093413204642,0.6687869295589496,46.0,0
601,62,38,89282,1,0.42324995501169693,0.3808143335245483,49.0,0
509,26,1,2860,29,0.3349414197105445,0.4185514683643043,58.0,0
548,35,13,131062,22,0.07483983692486895,0.17030651651013137,46.0,0
634,46,24,114618,19,0.06022924626606461,0.13336045563875903,62.0,0
570,39,14,322695,8,0.4136,0.23643731083065045,53.0,0
605,38,15,8986,1,0.055103003616920894,0.0867882353591988,51.0,0
585,35,13,14220,7,0.46184660095039864,0.4514868817195063,55.0,0
528,30,5,27730,27,0.08089260808926081,0.20547356048199494,55.0,0
520,28,6,40691,26,0.12066933773273628,0.5143157696266861,58.0,0
475,34,14,40318,15,0.1746554206953302,0.3970120575645641,51.0,0
587,42,23,12750,4,0.04905951712521056,0.4579531954921373,56.0,0
643,61,37,57132,19,0.1856348820894717,0.12000146333168374,46.0,0
478,19,0,96744,24,0.15101609595426016,0.974715944265739,53.0,0
496,33,11,6770,25,0.23143768562314376,0.636586296677602,63.0,0
562,33,13,118921,21,0.04059539918809201,0.4879880439370374,51.0,0
598,39,19,36819,22,0.2807322868904582,0.09982366245863414,52.0,0
554,35,13,3805,19,0.12823688682777892,0.43636990077833754,51.0,0
628,45,22,165041,28,0.07745517640254483,0.16551312828615378,63.0,0
563,48,26,5469,28,0.2990395431340313,0.1990595004821562,60.0,0
589,35,10,6177,25,0.13465648854961831,0.12378903660747893,53.0,0
514,54,27,5230,20,0.11827284105131415,0.19182135173874545,60.0,0
493,25,5,36201,17,0.19631454114212735,0.26240647170633963,54.0,0
608,28,6,9934,1,0.15899237011020953,0.13866348391676903,51.0,0
544,35,13,1881,2,0.06902151847340642,0.04926315589326549,55.0,0
601,18,0,5861,16,0.14338277130827295,0.3447002460908302,51.0,0
542,58,39,76134,27,0.16270894612239042,0.25527545643398647,49.0,0
566,54,34,9692,1,0.027984922851641947,0.13508954184070915,60.0,0
598,41,17,32153,20,0.11365376435559336,0.5960230996681124,51.0,0
616,26,2,6601,12,0.22709020792748383,0.7410033893611262,53.0,0
675,48,25,1991,2,0.19106970367369833,0.38177530515346453,50.0,0
592,39,18,25673,11,0.0685484908524818,0.5158544508827048,50.0,0
560,40,17,12679,21,0.07534453936370457,0.3257891535422893,57.0,0
572,30,8,49282,19,0.08758545526602596,0.5829056670809722,56.0,0
516,43,18,1210,16,0.10455282026238095,0.05209930752903502,61.0,0
559,44,21,1126,3,0.17067867284029573,0.14087692290289855,55.0,0
581,49,28,263295,19,0.0971558192287559,0.3536652407804745,48.0,0
572,32,12,86460,26,0.18898483289338286,0.18202427707539565,64.0,0
596,32,11,4548,16,0.16959015712029263,0.32228215928725,62.0,0
529,47,24,8340,18,0.09719946372709669,0.11180976314653043,50.0,0
579,48,27,6022,16,0.11392469557242574,0.07661951120397122,58.0,0
505,46,22,58209,3,0.0489512962897464,0.12244190371954905,53.0,0
572,48,23,159769,12,0.16619402492910376,0.23842345775393126,56.0,0
572,37,15,7016,10,0.17390909297412716,0.5648903097135033,65.0,0
545,30,12,17521,9,0.09446107784431138,0.11166972706629351,50.0,0
449,45,17,4305,6,0.036840085521627104,0.19231200427867395,53.0,0
633,49,26,90795,12,0.18778152213806681,0.3518118366394329,52.0,0
626,52,32,56927,26,0.17026228627696716,0.250463445169465,48.0,0
624,50,29,45220,13,0.07082655995998499,0.30733626678791914,46.0,0
438,26,5,12563,22,0.11215667948254986,0.20322901138937152,56.0,0
586,56,34,71359,7,0.07203354987254337,0.20615844504168906,52.0,0
615,29,7,7976,19,0.09238535969709719,0.09619858377960111,54.0,0
558,35,14,104458,8,0.08078377059043901,0.14834013716797814,52.0,0
586,36,15,8936,26,0.07167235494880546,0.13092624003153638,54.0,0
576,46,20,7662,10,0.23834881641854863,0.4524868329031938,61.0,0
463,20,2,3078,24,0.39788997739261495,0.9660151329007395,58.0,0
545,42,20,10609,14,0.276,0.5027161104281688,57.0,0
627,47,27,7475,16,0.4912,3.165497658752378,54.0,0
513,36,11,36368,22,0.07390399347653484,0.16106700028778864,57.0,0
577,39,17,238824,22,0.21677593629533753,0.10143872251272017,56.0,0
612,46,24,168102,13,0.07664286287410735,0.3509664233306457,44.0,0
556,63,38,14496,1,0.11412744638820439,0.12199808572040627,55.0,0
621,53,31,24438,17,0.06311518521301375,0.2395701315979572,51.0,0
525,45,25,356810,10,0.08128386827844936,0.14367258774227853,49.0,0
581,45,25,14638,28,0.3091334894613583,1.1164300157471472,61.0,0
505,22,1,437040,24,0.06239653635553292,0.07634850138521065,48.0,0
608,32,11,86202,8,0.04406499586890664,0.18288699800878438,53.0,0
411,18,0,22941,8,0.15545376467220157,0.4602440930138872,59.0,0
554,33,10,73957,12,0.10543673549752652,0.4386809646821229,60.0,0
546,44,20,132183,8,0.15121174195016499,0.22112765042058208,50.0,0
624,48,28,89912,8,0.03187965774220259,0.7997210471119177,50.0,0
579,49,27,3094,10,0.019346328594459915,0.1289066504032874,48.0,0
571,46,24,4095,18,0.12531962425645307,0.484580531521012,51.0,0
460,44,20,20841,15,0.05151437219331737,0.21496356129680094,48.0,0
588,21,0,21857,10,0.2019655152121462,0.4354060801630724,55.0,0
621,47,23,12850,10,0.2418516769012754,0.1625191555596908,48.0,0
558,33,9,5862,6,0.6180977864266602,0.6608626724447839,57.0,0
569,34,10,251946,14,0.0983034415899176,0.3012570685357876,45.0,0
493,29,5,16812,3,0.18533895771747436,0.31615919640442325,57.0,0
649,44,21,71090,29,0.2509021913017598,0.2397410347813215,50.0,0
462,26,0,16754,25,0.35301148814662325,0.8575889815494332,51.0,0
518,47,27,153733,4,0.4081321570794353,0.1917347262601659,54.0,0
624,40,15,8471,18,0.13820399688554375,0.3158569324623489,53.0,0
537,40,20,92420,11,0.04745624896050856,0.15799057082908793,48.0,0
659,39,15,5001,18,0.08264391774287126,0.2610500211865189,47.0,0
548,39,15,184783,19,0.0808059042180682,0.24968666886928498,47.0,0
623,40,17,19582,29,0.08155100784736113,0.4641813609163728,49.0,0
579,39,17,51564,12,0.09770114942528736,0.45774074466313514,50.0,0
614,25,4,39614,19,0.052913299921584674,0.21276397706014258,61.0,0
635,44,20,13684,5,0.08423179697159038,0.058638440952342136,53.0,0
483,34,12,19083,5,0.1714564845721729,0.16685393134000287,56.0,0
583,58,35,3663,5,0.08311284046692607,0.27800688518349237,68.0,0
602,23,0,130217,11,0.04858496295396575,0.09926221460061913,59.0,0
596,26,1,104362,24,0.24607791292085315,1.1568724019175456,57.0,0
539,46,22,22744,18,0.10915356565643074,0.04940756339096386,50.0,0
534,25,5,92610,2,0.18868133082789876,0.27296090217220714,54.0,0
559,44,20,19669,24,0.05377829138363539,0.3252514853819932,52.0,0
597,56,34,59492,27,0.10074509392381152,0.24051521149578836,48.0,0
558,24,0,29475,26,0.10177494098102649,0.28655330963141973,50.0,0
547,44,23,33199,10,0.03949777177832431,0.27712364210395607,59.0,0
616,29,7,3063,22,0.07627861009411288,0.0927981984903826,48.0,0
618,32,11,59791,23,0.19093432007400554,0.2658940141359948,53.0,0
527,46,22,6085,19,0.2904803106827374,0.09936643781252101,55.0,0
595,30,11,39648,13,0.03701660844517987,0.11949024004957615,52.0,0
574,48,26,1606,14,0.09534175010883761,0.13049026200715722,56.0,0
583,43,18,3769,12,0.1951196488412706,0.20456630285236002,52.0,0
547,23,1,99009,21,0.060497903096279115,0.13360154149188921,51.0,0
521,31,7,7599,7,0.13389261744966444,0.10589580614037938,54.0,0
591,53,32,172049,4,0.18413239660189895,0.23616567687466034,53.0,0
569,35,12,37322,5,0.02895191975095123,0.07000073878206534,53.0,0
530,18,0,230646,14,0.07547169811320754,0.2640618526987513,52.0,0
540,40,18,179322,14,0.2856589897425973,0.27967339054080076,48.0,0
467,35,10,66593,5,0.1721682174975308,0.24437926907332516,56.0,0
585,55,33,7584,9,0.039904553992993856,0.1062945013815319,51.0,0
631,30,8,110395,16,0.061124408897191895,0.3104090501324577,43.0,0
524,31,11,84640,8,0.11592647256138468,0.47105422070938835,57.0,0
546,30,7,3060,27,0.1949286846275753,0.24481297381828226,51.0,0
446,40,19,14957,8,0.36648795710970633,0.3249407726638489,55.0,0
550,28,4,10259,14,0.24827288428324698,0.4704069676622656,55.0,0
528,33,8,7463,11,0.08678881388621022,0.16953863859049992,51.0,0
617,36,13,10169,28,0.033937546708087275,0.14843576903960692,50.0,0
596,26,2,186592,23,0.11161957819339435,0.3480464318262376,47.0,0
614,37,17,16241,2,0.09810528641661603,0.2393564434813545,53.0,0
583,46,28,1058,27,0.18389423076923078,0.8557599629008917,56.0,0
644,46,26,95073,27,0.04164335881658276,0.14454980484098254,57.0,0
614,37,14,25132,17,0.07506862989767907,0.4508598721376116,60.0,0
596,36,15,61248,20,0.45562245096135173,0.3513552895971675,61.0,0
657,64,40,5418,3,0.10665873959571938,0.3036610059019154,47.0,0
561,38,14,32261,10,0.05433458666525447,0.24604275187810504,52.0,0
495,26,2,24847,9,0.14520058470034108,0.4469238588410392,60.0,0
526,54,30,5271,5,0.21454877396203847,0.30272119437703965,58.0,0
436,27,4,49533,8,0.24132885790515535,0.2746383659446681,54.0,0
552,18,0,76048,4,0.03950208663116995,0.15014069028955243,51.0,0
583,39,19,127633,19,0.13175885643256682,0.2737724131529318,47.0,0
606,44,21,104774,18,0.2024478994376447,0.28850690303440163,51.0,0
608,53,34,10366,14,0.05599490955367694,0.3863528005760663,48.0,0
581,41,18,5603,19,0.11759144789469855,0.3614813472625608,54.0,0
664,54,31,96356,10,0.0880292733925771,0.40986495238717624,50.0,0
521,52,28,7637,26,0.09469417833456154,0.3593230106864722,74.0,0
565,38,14,48734,3,0.16004549978671975,0.32847024011491444,58.0,0
530,53,30,27205,26,0.1640378548895899,0.2476030566984914,55.0,0
639,55,29,189897,9,0.19764186607270573,0.08426363577464241,47.0,0
554,18,0,37175,4,0.37882523567802756,0.5262343747828307,60.0,0
534,40,18,27129,16,0.05335985225174031,0.1403407874718575,57.0,0
457,54,33,2267,26,0.164,0.33021977910453204,53.0,0
584,43,20,34257,2,0.17800453514739228,0.2797585396120015,61.0,0
508,26,2,70652,15,0.4095458044649731,0.19663061288871506,59.0,0
530,51,28,37880,19,0.168538305536217,0.42229625751167343,52.0,0
615,45,21,1878,24,0.0709807556015919,0.24517005006331644,50.0,0
513,34,13,23080,13,0.2633219533917174,0.35844436410533737,72.0,0
545,43,22,57368,16,0.12967357147437955,0.1112031312044307,50.0,0
513,24,1,15601,18,0.18907985606687078,0.28660889466705575,58.0,0
481,37,16,1196,29,0.03774526935942883,0.40701562428264926,61.0,0
536,36,15,90955,16,0.10150213975931298,0.2608809356405467,49.0,0
623,60,37,5725,14,0.11111931591617315,0.5112906046421887,59.0,0
587,47,25,49734,5,0.047871722374995165,0.21613078284057102,61.0,0
461,39,18,33827,24,0.09984614138796664,0.1670476278992572,50.0,0
507,46,22,10878,18,0.09652926668063772,0.13209544369524362,53.0,0
552,32,8,64990,29,0.1818091203588338,0.2462589335483079,54.0,0
609,31,11,4724,5,0.1702427564604542,0.2083104451285964,51.0,0
574,44,18,303536,19,0.1711304347826087,0.23553225372922773,51.0,0
557,43,18,10944,1,0.08727046050751928,0.16627932696794567,60.0,0
484,23,3,41164,13,0.39657623676193243,0.11018646286224153,53.0,0
628,37,13,13369,21,0.16704581028905355,0.899985833934441,57.0,0
572,48,24,17398,3,0.0323840903742057,0.4011781611191032,54.0,0
581,31,11,172958,18,0.12031030259039151,0.2562629462328221,46.0,0
582,61,38,8065,6,0.16453547964310317,0.09517504829786336,55.0,0
561,33,7,15741,17,0.08143776824034335,0.3568134811906413,52.0,0
608,36,9,28416,9,0.20921119881878583,0.38171219952135743,51.0,0
504,40,15,7391,17,0.12081404113276624,0.10639200394077922,53.0,0
591,32,9,155968,13,0.0810565581207783,0.516196841158644,51.0,0
546,43,18,3447,21,0.14505672609400325,0.3607273411905751,52.0,0
593,41,18,5234,18,0.11723002205040892,0.2240502964233005,56.0,0
598,61,42,46816,4,0.053265107963565185,0.1430107617773894,58.0,0
558,18,0,40972,19,0.136801216010809,0.215354499870715,54.0,0
588,42,18,4313,6,0.07407242339832869,0.05699494097845407,58.0,0
585,29,4,6334,28,0.16681423764830886,1.2573827224864083,70.0,0
594,44,18,13300,19,0.1699000270197244,0.6773971573688901,60.0,0
603,36,10,125224,12,0.05062643825108668,0.19666594514513014,45.0,0
587,25,1,9027,7,0.025086673678469867,0.07861915935207618,52.0,0
589,42,17,56676,16,0.16324511501360375,0.14371866603805147,61.0,0
458,48,23,10564,23,0.3058518948355131,0.582004692195584,56.0,0
530,18,0,40745,16,0.13673008706868753,0.16669566979674866,55.0,0
572,38,14,4083,19,0.2875192604006163,0.2926574465340297,53.0,0
629,64,45,18638,23,0.08525302865625746,0.13308965133429584,68.0,0
584,39,21,147227,5,0.11895862450027628,0.20129620432637896,48.0,0
561,39,14,184349,8,0.1431276031806134,0.40436131157806227,55.0,0
540,44,20,8731,15,0.3739173718267795,0.4715104842231689,69.0,0
565,41,19,38510,23,0.11196080519757162,0.29905371852492724,67.0,0
588,32,13,1977,11,0.24784011272201417,0.29774316760153685,52.0,0
620,39,13,18014,10,0.08520504274742792,0.06436114218829227,50.0,0
601,57,34,105827,22,0.36453812771233723,0.4472071142975278,56.0,0
553,32,9,18829,20,0.10547258669755963,0.27665954287329325,57.0,0
486,27,3,49457,4,0.08987890566601883,0.16356641214981002,56.0,0
580,40,16,13096,8,0.11612488682496568,0.045311363851274045,58.0,0
543,43,21,6396,15,0.277116512992456,0.5312450773571106,52.0,0
624,53,27,4136,5,0.13453743137154292,0.13422063253100647,51.0,0
609,18,0,1787,16,0.05443294350435408,0.01772740919250553,53.0,0
619,62,41,54465,27,0.1805968402574605,0.27755413646894705,46.0,0
585,48,24,72150,17,0.1904,0.7410035759030839,55.0,0
629,44,21,36706,20,0.150913566051634,0.14993529435913283,46.0,0
610,50,22,7713,25,0.1477017364657814,0.22016640919017286,57.0,0
542,44,24,2368,2,0.24661836414226287,0.37542400982220064,54.0,0
615,40,16,5521,23,0.06569471280519937,0.3405626574904514,55.0,0
589,35,12,19118,23,0.09322536045822635,0.13368714645899415,59.0,0
616,49,24,16927,25,0.1411098995019304,0.10249112752537384,49.0,0
612,49,24,4755,19,0.0524849796275408,0.2034054281922497,47.0,0
555,34,12,62353,24,0.058759749571543486,0.5500134694507325,52.0,0
494,29,7,5395,17,0.06314686535886839,0.08400528548261368,64.0,0
500,28,3,130693,10,0.07522762326483905,0.16663002407309058,61.0,0
502,23,1,100189,28,0.25990136763434846,0.7579761460124196,48.0,0
545,24,3,44976,16,0.17796115371141646,0.29120146186889323,61.0,0
562,45,22,169460,1,0.062464878294046323,0.18859090771235076,54.0,0
592,36,13,30409,1,0.15160468670402447,0.5182096384206778,66.0,0
534,24,1,40338,23,0.17504339155803392,0.6446950787310634,53.0,0
604,50,28,22186,29,0.4762777305150187,0.3889041378244745,47.0,0
576,51,29,8808,12,0.04982575813746571,0.40062338790396773,60.0,0
641,55,34,14156,14,0.08777564846554563,0.294988962766777,46.0,0
488,32,9,46801,13,0.1707623857172358,0.20088474362611466,56.0,0
662,53,31,50923,9,0.2872728406221751,0.1554233960587939,42.0,0
545,19,0,30951,11,0.39939841757666905,0.3402181569405346,58.0,0
639,32,8,22996,27,0.17043584273087475,0.14560854589691624,49.0,0
552,24,3,55006,10,0.1450813255631904,0.26507474442695433,51.0,0
548,27,4,37385,28,0.16831168831168833,0.16534828896598655,53.0,0
623,33,14,68164,1,0.123046875,0.48820829067606014,51.0,0
606,37,18,1517,24,0.2167100440856217,0.389430663520504,54.0,0
530,35,13,44512,2,0.3387646003441837,0.6898247683925454,69.0,0
628,35,12,95921,12,0.24242424242424243,1.9470737326846665,56.0,0
604,42,23,2207,2,0.14802818041946716,0.5580701925246122,51.0,0
598,21,0,19509,15,0.3877148492533108,0.38714832250754555,66.0,0
616,39,13,18794,12,0.1525200876552228,0.16549571184986062,48.0,0
554,18,0,1686,10,0.08967685409472763,0.42660163600980205,54.0,0
511,30,7,82309,17,0.22872511474259657,0.2528842624275291,53.0,0
609,45,23,55532,19,0.036584387452196936,0.4378846975225222,46.0,0
604,43,22,49887,11,0.3542282842785356,0.2639796545387042,52.0,0
571,42,19,2295,23,0.022498593837885134,0.07236815172504495,58.0,0
604,21,0,146624,15,0.05397812782181198,0.06769098295935311,43.0,0
609,53,27,7149,26,0.2978425225889729,0.2755791684485443,56.0,0
522,49,28,7600,3,0.34738169938868585,0.2989866078126735,61.0,0
552,39,18,67269,24,0.18539996231708084,0.16571026787576518,62.0,0
584,50,28,10640,6,0.13628671354969726,0.24625477152396666,61.0,0
606,36,15,33540,17,0.02251515443086693,0.2674839090378898,50.0,0
515,49,25,40722,22,0.18274990977986288,0.25336479759938246,61.0,0
504,24,3,111834,29,0.21249482829954489,0.13767937322467022,50.0,0
596,29,2,126926,16,0.18922099317486468,0.6416060731710668,48.0,0
565,40,17,3397,12,0.11743796260883259,0.5757552138554809,73.0,0
540,20,1,99318,5,0.22179437812860994,0.4611866770153504,53.0,0
562,56,33,195514,28,0.2366816987957778,0.19000334329014018,59.0,0
632,24,1,65308,8,0.06221832925985053,0.060371564648689285,54.0,0
615,48,24,8004,10,0.13339461136324468,0.18545391381497492,49.0,0
463,39,16,35563,19,0.05729047447761682,0.34298684183482314,50.0,0
572,72,46,10764,21,0.34757096069869,0.14861317293909662,54.0,0
633,39,15,71919,24,0.05317109759146595,0.1369769511689977,55.0,0
601,38,13,13991,3,0.16282045625027577,0.08581272055406326,52.0,0
629,20,0,8838,12,0.07288910271830648,0.9937871480456391,49.0,0
576,46,21,7122,15,0.4976,0.4188277514262652,53.0,0
602,47,25,142965,26,0.4509047437917731,0.09249431631123559,49.0,0
554,45,23,9397,10,0.1569078568963534,0.586510807230941,49.0,0
542,36,13,20159,24,0.11876169211272705,0.26175226312041466,54.0,0
447,25,3,75125,18,0.08772221299219139,0.5852354152530824,49.0,0
556,38,16,1196,23,0.23586344050381175,0.344251317803397,59.0,0
645,40,17,6735,17,0.14426365426469065,0.07923129723991162,66.0,0
605,47,27,86854,2,0.061714285714285715,0.1936635928591982,49.0,0
638,52,32,16619,27,0.14725166983271032,0.19197880576691473,49.0,0
585,48,25,3028,1,0.056531584289841494,0.05420830781023116,57.0,0
659,66,45,5015,8,0.10482259008536438,0.14013698295959395,51.0,0
501,23,1,6678,8,0.20083190604355272,1.2579567371781117,61.0,0
544,44,21,105014,26,0.14302377367293703,0.38680917425869044,50.0,0
595,32,10,27235,1,0.06201671789049194,0.11818258120156223,56.0,0
533,28,6,17585,17,0.02584449393093498,0.04894690661651491,57.0,0
512,25,1,155800,23,0.09877157208932213,0.37299047281663483,47.0,0
605,20,0,85614,24,0.061687075375273064,0.05108711376346028,46.0,0
608,33,7,126494,23,0.1163213376953835,0.20494943953561656,52.0,0
583,38,14,44759,15,0.13021130782410054,0.2964612684022189,54.0,0
499,39,19,18098,26,0.24658613445378152,0.15382826205113465,51.0,0
580,28,6,1238,4,0.03793682891401555,0.19250674023691686,53.0,0
559,41,20,19465,18,0.17660927341573196,0.377841740172375,54.0,0
632,54,30,525234,9,0.1296608842412959,0.5290767195069978,40.0,0
524,35,12,16229,6,0.0850660457065139,0.11978735976975076,58.0,0
615,47,23,6889,18,0.08083221753012669,0.24200527468125213,54.0,0
536,22,0,113478,6,0.1700311833251272,0.5534561380972917,51.0,0
587,18,0,75380,22,0.4944,0.6168346999677626,58.0,0
604,24,0,10697,15,0.09494922853751814,0.18091974560323015,56.0,0
646,45,21,16312,24,0.09311966420955811,0.8315221917588734,52.0,0
484,30,6,132363,2,0.05753104075927972,0.13379991218000234,54.0,0
596,43,19,18958,18,0.15230939381703912,0.534328607131903,54.0,0
470,18,0,136129,6,0.051891181783348846,0.27847489213156285,53.0,0
616,46,21,85120,3,0.16,0.42208316936778145,49.0,0
601,20,0,7102,28,0.20657510409545712,0.8734814436527901,51.0,0
479,18,0,55114,1,0.02305782689799296,0.07529697780409234,58.0,0
510,51,28,8889,4,0.296,1.030342489671614,55.0,0
610,52,31,203646,16,0.17002341920374708,0.25477311808737246,50.0,0
620,58,35,28505,21,0.15648299420763406,0.17957937970145546,64.0,0
637,41,17,69435,22,0.13572292715865292,0.5946438794024657,47.0,0
605,57,35,42682,9,0.10671009147947699,0.12020412799815972,49.0,0
590,57,36,5815,16,0.2060238665507959,0.13273256644981296,53.0,0
615,40,18,5186,8,0.21049155970118455,0.3599051480318919,54.0,0
534,53,28,49537,9,0.06615456332718539,0.2991989207640439,54.0,0
546,29,8,91681,23,0.14612291786329695,1.1977125859707314,55.0,0
532,32,8,80220,19,0.06284340659340659,0.13382837871460565,60.0,0
595,51,33,14799,19,0.1318913587205411,0.49116134082739105,53.0,0
569,23,0,8545,8,0.19889502762430938,0.8487927703718057,59.0,0
558,18,0,399314,19,0.3953265657919939,0.25321718012398786,58.0,0
569,34,11,9429,8,0.1944,0.4027560267854909,55.0,0
572,20,0,5954,14,0.26048330772454253,0.41512985600094554,56.0,0
575,41,19,10836,27,0.13033748097753112,0.309999075200714,55.0,0
657,69,47,2452,6,0.12857542159694402,0.07898518534053726,48.0,0
556,30,5,7233,15,0.3052950299091648,0.279748028948883,55.0,0
505,32,7,122302,6,0.10720321931589538,0.05033248416886216,51.0,0
483,26,4,55612,5,0.05323997223312106,1.0449784410939862,51.0,0
489,18,0,10024,22,0.0656726318804746,0.34471064837678933,54.0,0
576,19,0,10740,23,0.10796242717292222,0.50701236660591,53.0,0
498,37,14,30293,14,0.06414344123935631,0.2989249861501093,50.0,0
569,49,26,4842,2,0.04115009232392509,0.22957045250427552,68.0,0
571,38,16,1494,1,0.1039740064983754,0.7571464177869904,61.0,0
567,39,16,45138,20,0.05503690079854725,0.2973867016725575,57.0,0
610,51,24,55640,18,0.029893047330658274,0.08867876571367861,50.0,0
556,51,26,93076,28,0.16620498614958448,0.49383255769176676,51.0,0
551,41,21,85396,4,0.2192,0.38805081612072256,59.0,0
525,38,16,8096,7,0.06155189348466659,0.1326207874644399,55.0,0
519,32,9,172754,5,0.049960870245734854,0.06844838726071134,54.0,0
483,38,14,31788,10,0.09186167693036475,0.12054873245443644,50.0,0
611,29,9,69693,22,0.12161306214371174,0.1567196360840481,54.0,0
604,32,11,3194,13,0.17652209444866032,0.1717353430526226,49.0,0
483,59,38,53579,1,0.03607114030448941,0.16882153095787386,53.0,0
604,40,16,3636,5,0.24272142200429053,0.4994730887393732,54.0,0
519,18,0,159625,28,0.05352893302702202,0.19660921337402978,51.0,0
557,25,3,2832,21,0.05370859458478659,0.07144764015567755,50.0,0
577,30,6,98169,1,0.28980968441339433,0.35821809838400115,65.0,0
530,33,8,114951,1,0.19574150168098617,0.765765869479683,55.0,0
581,59,35,2683,11,0.29318769761425695,0.07946760904726947,71.0,0
575,32,11,134131,20,0.0684280973248501,0.09251661955381549,48.0,0
572,40,20,59534,3,0.0677642714263733,0.34054788272018616,63.0,0
583,40,18,246294,13,0.18850600143813265,0.11835006965103147,47.0,0
509,32,11,1801,22,0.0361383359958551,0.17829909967693908,68.0,0
567,25,1,18450,26,0.13406171563561198,1.6901682019450903,64.0,0
633,47,27,5612,10,0.21933568380033402,0.08090201386502137,58.0,0
641,59,35,1011,10,0.09219847534035257,1.573386885918518,47.0,0
471,40,17,4176,16,0.060839828216955626,0.1835720019935901,52.0,0
583,28,7,5508,2,0.06651748497213812,0.1297605087043429,59.0,0
543,30,7,10809,11,0.1243245439401942,0.8348204550840543,54.0,0
579,29,7,13828,1,0.17324729301104672,0.21848642057985632,60.0,0
589,20,0,11689,13,0.8544,1.105838300842172,54.0,0
577,68,44,89233,26,0.1536826799396007,0.5731005628223662,51.0,0
575,37,19,448144,21,0.1955085865257596,0.4526704011395585,46.0,0
619,18,0,198730,4,0.27501293326435594,0.12549765061730556,51.0,0
587,18,0,21113,27,0.17370080341706498,0.44775514255594795,61.0,0
589,44,23,99904,1,0.07502613615398807,0.07811259739667985,61.0,0
578,38,17,152690,17,0.051649499925362,0.14638154954306476,47.0,0
524,45,20,70429,8,0.027926375918034273,0.12443382468899547,61.0,0
552,47,25,21610,27,0.2792,0.4733181991655375,52.0,0
606,35,13,284921,21,0.0542174082163909,0.33826442794375233,46.0,0
492,33,12,10154,11,0.14114494156182533,0.13124790799261138,56.0,0
517,37,15,27742,16,0.16148895266222732,0.39040976049637344,59.0,0
476,43,22,8639,12,0.0623464707288972,0.6286483353914968,50.0,0
504,30,9,36047,23,0.6660806228808238,0.7260508348520867,59.0,0
542,22,0,3256,26,0.0992,0.3055750415631498,62.0,0
612,18,0,9803,5,0.12764000424523295,0.10764677115161823,47.0,0
497,18,0,19315,3,0.19779048701644703,0.22021329222623284,64.0,0
500,18,0,1022,5,0.07661812914538386,0.05505453904842636,50.0,0
524,39,16,26318,9,0.05930284448705023,0.11641699982475748,59.0,0
467,31,9,49137,25,0.1114040870138431,0.09811701973682735,60.0,0
478,18,0,64908,20,0.07150508837707553,0.5475127280219135,50.0,0
564,25,2,10910,1,0.6867469879518072,0.9426081744446764,59.0,0
608,41,19,5273,6,0.14612034485823483,0.17401827890268176,52.0,0
548,38,19,247418,29,0.08369334407263675,0.3943270471502807,45.0,0
518,42,22,41500,14,0.07826761319572868,0.16445605637753224,55.0,0
499,48,25,217644,20,0.06937246651957514,0.26219837486293723,61.0,0
527,26,5,69521,3,0.12899164750030265,0.27893612914375887,60.0,0
555,18,0,19747,13,0.0557975969522321,0.26265609702497367,55.0,0
482,25,0,17094,5,0.06686193038621348,0.27489245783016264,51.0,0
589,30,8,27821,29,0.10155902004454342,0.10867568943850948,54.0,0
491,50,27,24696,8,0.1474863375586748,0.4722318999673665,57.0,0
554,30,8,56049,26,0.32903658445719397,0.6258773197289601,57.0,0
518,36,13,3584,28,0.19105786547647013,0.356687602902592,67.0,0
631,32,8,10960,16,0.08930716071744994,0.16009788385586218,56.0,0
556,48,25,116777,17,0.04443471163225896,0.10257294634595156,45.0,0
436,26,5,105666,26,0.04582401396541378,0.10589393667000668,48.0,0
661,55,33,298069,21,0.08493500279129117,0.18241119891289959,45.0,0
560,32,12,5686,23,0.0686114936772255,0.39739130635098047,55.0,0
581,37,11,202237,12,0.07398830544780872,0.5999421765466352,54.0,0
562,41,20,65167,4,0.025025711347274597,0.30737781416038473,59.0,0
587,58,33,15283,9,0.06881674037320677,0.6064670196180223,58.0,0
562,55,31,8524,24,0.08143853367889492,0.10075658288488165,50.0,0
564,43,21,98103,14,0.1965214714483608,0.24688180624011857,50.0,0
577,39,19,30424,13,0.134968493800393,0.3036456344230754,59.0,0
620,35,10,153076,10,0.02583630321549643,0.12218278770229149,55.0,0
591,52,31,7777,15,0.5868076414754296,0.18524419843306725,59.0,0
501,23,0,3794,9,0.20219350635248126,0.1056937240077082,55.0,0
412,33,12,23798,9,0.08714771137317609,0.1308767061303184,57.0,0
505,38,16,6391,24,0.11825813516017633,0.2673326644208127,58.0,0
493,40,19,27458,14,0.16126971647584887,0.30434499581412283,51.0,0
565,25,1,2015,9,0.17134026990831358,0.08207454103371865,53.0,0
538,37,13,338858,4,0.14489020542211348,0.19989576369807338,57.0,0
398,18,0,42451,18,0.11196905496582167,0.24424034940098507,49.0,0
605,37,12,44306,23,0.2235136862904632,0.8816732499043177,50.0,0
619,51,31,8509,10,0.19241298396558468,0.17763488972503533,49.0,0
605,26,4,5301,13,0.3804407336435806,0.15488686847040883,49.0,0
505,33,10,9251,19,0.10114552397114977,0.3866053069692961,59.0,0
629,25,1,28283,12,0.07355886935232583,0.09065354440451187,46.0,0
554,18,0,15672,18,0.04672131147540984,0.12049489194925274,48.0,0
627,43,18,46181,4,0.03749760857088196,0.053726229119206395,50.0,0
637,32,5,9457,28,0.3489328785907669,0.29791212506250664,53.0,0
553,18,0,74001,21,0.15455076383979346,0.2546038911091039,56.0,0
616,40,16,177291,4,0.2928,0.39518706776478874,66.0,0
588,44,18,16080,15,0.057868994834757964,0.3216643469956868,55.0,0
530,18,0,8387,29,0.15839933305543977,0.16886458232466,52.0,0
580,60,37,7077,7,0.11033824331696672,0.1567672739465296,49.0,0
611,44,19,158046,7,0.0852683435902945,0.19054380715315183,50.0,0
642,52,28,25528,23,0.07005996550796639,0.27386743922300716,56.0,0
546,43,23,27070,28,0.07356107780946285,0.1577666408466431,55.0,0
561,30,8,4485,4,0.29730828657396113,0.16404553636868954,57.0,0
579,48,29,57065,13,0.13923337091319052,0.14694420211210737,64.0,0
597,32,11,55962,1,0.3756388415672913,0.9173518441947308,61.0,0
598,33,12,9573,10,0.18983218163869695,0.31494915591135,58.0,0
549,20,0,3552,14,0.16542884820785414,0.27162635510358724,59.0,0
584,44,23,9508,6,0.21460162810076278,0.7980582935678868,57.0,0
606,19,0,17083,4,0.18721842149174037,0.5416943869237517,54.0,0
565,60,37,62286,17,0.21709334383615597,0.10201407426662562,50.0,0
655,49,30,1969,20,0.11820376629647514,0.35096208940522644,49.0,0
539,28,6,22316,20,0.11177861323204527,0.10928146010047964,50.0,0
569,18,0,7323,12,0.27960336164347016,0.40631917319993804,58.0,0
566,21,0,308231,7,0.07159714672111585,0.15535392989341362,50.0,0
567,29,8,153117,1,0.2748170916489891,1.495863183675464,59.0,0
612,68,50,197366,4,0.12052069621178879,0.22389110284712677,49.0,0
607,51,29,1669,2,0.16479651649639926,0.2918312828314016,54.0,0
567,43,21,189744,20,0.31422557880401136,0.3301017182003226,56.0,0
413,28,8,92366,12,0.058060589034040364,0.3112077700093561,52.0,0
460,23,3,6860,22,0.09322625698324022,0.326342530054308,62.0,0
467,32,10,204578,17,0.10880181714934696,0.5156932829783365,52.0,0
544,43,21,5978,10,0.10853138770497724,0.11556108332944215,50.0,0
521,42,21,16981,4,0.1453287197231834,0.20699571956459742,56.0,0
579,36,10,248564,21,0.0911731843575419,0.284019420307008,57.0,0
577,26,6,185625,5,0.1471452885656816,0.2318070499930316,51.0,0
630,53,33,17902,20,0.28986592764586927,0.31385645358380315,65.0,0
517,37,17,72176,8,0.088336062303067,0.14239786386673253,52.0,0
574,50,29,60336,25,0.3632,0.6492974409193211,64.0,0
588,52,31,8437,9,0.14647979139504563,0.14665347582310687,50.0,0
615,26,5,42398,5,0.19589178356713427,0.12223995026610954,60.0,0
517,43,21,10148,25,0.09332878877079913,0.5799665868377208,51.0,0
551,49,28,84897,26,0.35450516986706054,0.26753477953003807,54.0,0
599,21,0,4602,29,0.12620242869562778,0.24819067783646084,50.0,0
634,63,42,5144,7,0.08788557642598656,0.11322240194076183,48.0,0
489,23,0,5403,16,0.06394386708148542,0.5298039267424504,54.0,0
617,30,8,103663,24,0.2047764440168974,0.17728918956121384,44.0,0
574,26,5,17546,16,0.04827465251896348,0.15417805263082923,51.0,0
456,26,3,58354,4,0.0630462817022496,0.25963952484888886,65.0,0
532,26,2,11542,27,0.31540665638086846,0.567310987518564,54.0,0
647,59,37,1413,24,0.15091342335186655,0.08559111118246356,53.0,0
632,45,16,89833,11,0.16209045226130656,0.42106883291222774,48.0,0
615,26,5,34199,22,0.11716127040481612,0.19779432328535418,52.0,0
445,20,0,323666,23,0.22654811797422744,1.0707119906026168,49.0,0
392,39,15,8411,20,0.2472,0.6479574578876787,55.0,0
549,52,32,7810,24,0.03929251992807107,0.22648341169870534,51.0,0
512,31,6,43116,12,0.12011973349641122,0.2543996312994353,55.0,0
575,31,10,5180,26,0.17661130950317233,0.1781144419702518,55.0,0
484,51,28,8505,6,0.3477408485219789,0.5154860025350263,62.0,0
566,19,0,28356,12,0.28561194029850745,0.17901789672425894,52.0,0
549,24,1,43405,7,0.17515129939480245,0.14676321234422912,53.0,0
535,37,15,86640,13,0.3221476510067114,0.6284861259595236,50.0,0
505,60,34,34752,29,0.07327049617641829,0.4346401397626393,56.0,0
623,35,13,10931,6,0.07534474718539737,0.13646951332264298,57.0,0
483,21,0,5009,3,0.06742904004738257,0.22988688610319122,58.0,0
514,27,8,24602,17,0.42485497278870876,0.4097759263589575,59.0,0
626,53,30,43925,14,0.07486311597809855,0.050138143933058994,46.0,0
568,40,16,101285,16,0.3344006403842305,0.2857034732687082,49.0,0
626,38,18,2252,14,0.10855872545387181,0.27240765759607055,49.0,0
489,27,2,250542,18,0.1326736051868282,0.3041228452965708,48.0,0
473,29,8,23117,16,0.40792478886705263,0.21301192982801945,51.0,0
557,38,15,76387,28,0.14221931321442766,0.23665759056078212,48.0,0
445,26,5,63894,7,0.1156816751530408,0.13492109308422864,49.0,0
613,38,14,5380,2,0.17658292933744674,0.09861208895905123,51.0,0
484,30,8,3701,18,0.053044535307768814,0.08312508117191515,53.0,0
581,33,10,31290,24,0.038820212535241816,0.26522613148084573,52.0,0
493,42,21,36494,11,0.08181754500665468,0.3429809001533874,50.0,0
591,48,27,27051,28,0.03306135424393345,0.46617865262536695,55.0,0
575,41,20,203820,15,0.03198507363230492,0.12817615325180232,49.0,0
612,43,21,57676,22,0.05622551655273062,0.1957385773531576,44.0,0
542,42,20,2743,1,0.050345979479837745,0.1269674750754146,58.0,0
544,44,23,6676,22,0.08254146752881641,0.11221867759160387,55.0,0
594,43,21,2928,9,0.0764682243527183,0.05814623677084615,57.0,0
567,38,13,40419,7,0.03560267415641441,0.09459688571728384,67.0,0
615,36,16,107863,29,0.06204497500332655,0.15959736848918513,42.0,0
497,24,1,40524,26,0.167390113363395,0.28631177726296186,58.0,0
574,34,8,42036,5,0.10965890978642015,0.22299936739857296,54.0,0
566,27,2,4717,10,0.1193997999333111,0.12433341962669768,50.0,0
608,50,29,3237,6,0.24567901234567902,0.5171503560770712,59.0,0
528,35,16,14864,6,0.1768735727631306,1.7033398254707128,52.0,0
604,33,12,23591,5,0.06423495973472287,0.756211179176881,56.0,0
633,59,33,49042,18,0.04766408170985436,0.24499755178475344,60.0,0
615,47,26,25955,23,0.1144000129046828,0.34643564386166803,47.0,0
564,55,33,88058,17,0.10487113292987431,0.149581916306418,52.0,0
491,28,3,159358,4,0.0562959803817038,0.12312943162485866,52.0,0
515,21,0,234167,2,0.16503610164723534,0.21724724961660233,59.0,0
596,34,12,114787,17,0.07455787781350483,0.033600209516270754,47.0,0
565,29,8,17141,19,0.06360907798430836,0.06759754470042798,55.0,0
551,28,6,7458,5,0.1211251345574814,0.04654960876539448,70.0,0
545,31,10,18759,14,0.38614427955594555,0.15511782194010168,51.0,0
594,29,11,6061,13,0.040230848439857275,0.16646792952627681,72.0,0
638,46,25,22583,19,0.15290759500755582,0.2115547108865176,47.0,0
533,43,16,6828,7,0.030972465009326936,0.13327280372698025,53.0,0
539,34,10,23721,7,0.14768193312728295,0.10332468488387409,53.0,0
596,47,27,10366,28,0.14205228840919162,0.16280648069351986,59.0,0
559,34,14,32197,18,0.07645779529699605,0.14085682097624563,60.0,0
574,35,11,57783,24,0.2264,0.5568722053573538,52.0,0
602,37,14,3312,13,0.2752565439280031,0.08867161649775145,51.0,0
535,33,7,4266,1,0.1445076616984886,0.18550913243353973,60.0,0
525,43,22,89451,10,0.12848398157302424,0.36381763590273397,51.0,0
581,24,0,10800,2,0.056828981491921844,0.175575059144195,61.0,0
397,50,28,121640,11,0.1982259930582337,0.5947897592738618,48.0,0
519,31,7,27691,4,0.04975173783515392,0.3222063950309611,64.0,0
559,38,12,4165,9,0.1797083532353685,0.32213467843791277,60.0,0
515,18,0,83641,16,0.12065696695993013,0.2528216275336143,53.0,0
555,37,14,23139,28,0.055763780967181646,0.266759193461247,50.0,0
637,44,24,49831,27,0.24034574097309355,0.3289423436538192,54.0,0
551,29,7,83602,17,0.064951516687012,0.23528418450554206,48.0,0
512,21,0,10163,15,0.14988705319573017,0.2766874236883733,51.0,0
545,40,16,7009,20,0.01831572826824305,0.22039327674774364,50.0,0
599,23,0,7574,12,0.08541044463672649,1.462095458578571,62.0,0
604,18,0,55908,9,0.5088,0.21471327097247211,47.0,0
496,29,9,118572,7,0.054815163644925835,0.26915927568029807,57.0,0
545,52,29,2628,1,0.062366717319405955,0.06717551547793044,55.0,0
608,38,20,38459,10,0.19832515586379904,0.06601166939707064,52.0,0
560,28,4,100998,26,0.14738488430930585,0.2942036997537468,51.0,0
627,35,13,92394,6,0.3717025511127194,0.08609758633453733,56.0,0
549,60,34,228458,13,0.03963109643292725,0.6604019726128912,47.0,0
575,44,21,80599,1,0.07487195405866832,0.12919430461650688,52.0,0
588,30,8,343779,6,0.10566809721820729,0.23362569666434457,50.0,0
542,20,0,167211,9,0.0966791118097858,0.25555087470020416,48.0,0
627,62,36,29641,8,0.1050390347764372,0.11224182137725475,50.0,0
573,43,19,134556,18,0.040780658316341395,0.22535594351688817,48.0,0
584,46,23,16057,3,0.055238878768290534,0.10198769177205214,53.0,0
576,26,5,120585,7,0.10781384850295427,0.30892333585582027,49.0,0
591,29,7,61167,1,0.11795418946221425,0.2555928735839157,60.0,0
570,34,11,48723,21,0.1574054054054054,1.8311113011292477,61.0,0
604,42,16,175039,7,0.20164829283955904,0.3478773981795822,46.0,0
608,35,17,1028,12,0.1922640536358948,0.4179626787577887,52.0,0
568,26,2,111562,8,0.1571152607855763,0.14185389417742097,52.0,0
602,36,14,175455,9,0.7977818853974122,0.9300234646257027,46.0,0
608,29,9,5135,16,0.8387496131228722,0.9259461900190875,49.0,0
634,30,9,8738,18,0.18579795021961934,0.6958628162648782,56.0,0
570,56,34,117778,5,0.14841259722045136,0.054958019876067535,52.0,0
573,44,23,8008,2,0.25900519502884534,0.17103874654119938,60.0,0
565,37,11,111395,10,0.10623856459894943,0.04495222163819229,49.0,0
455,35,12,4507,19,0.2603227834835464,0.36680789163578564,59.0,0
593,56,31,4490,22,0.1479863831973794,0.19309481329951583,54.0,0
535,39,15,5229,3,0.024253090069157057,0.18916300780823758,56.0,0
469,34,14,65057,2,0.24143852259841247,0.3304469421187308,61.0,0
569,28,5,47641,4,0.16575860521761426,0.6061707312858239,58.0,0
553,18,0,46209,1,0.1775508062541537,0.4909289824321141,56.0,0
590,41,20,5423,9,0.036814077332715904,0.076408644299137,52.0,0
539,34,12,5221,18,0.1192834010370842,0.6501483197437821,57.0,0
549,31,7,21408,22,0.223069590085796,0.7512534908385389,56.0,0
590,20,0,233260,9,0.5245337608007195,1.3483534861021211,58.0,0
609,45,23,197892,15,0.09369701283205292,0.0760515148549705,46.0,0
471,54,35,13932,9,0.1218197769144003,0.08400397748013967,51.0,0
603,44,21,193827,19,0.12614169917540705,0.1150088387599717,48.0,0
574,41,17,18879,4,0.39558000832216006,0.6047236008802509,55.0,0
480,38,19,86701,5,0.09535291538798774,0.2793727949026581,54.0,0
513,45,25,86325,29,0.13757368910952528,0.13936704190034188,56.0,0
568,39,19,108007,6,0.11934048678356451,0.3770563405398025,52.0,0
564,48,27,6061,1,0.06598037032596221,0.16975278053355888,72.0,0
548,39,18,14962,12,0.11720813246698805,0.12797349683350634,54.0,0
577,26,5,73811,28,0.13948807009926784,0.13101065726455682,48.0,0
599,18,0,57868,5,0.05090961386352196,0.08688099891629404,54.0,0
649,49,28,24638,11,0.4210161021654637,0.1270604063168855,50.0,0
566,45,23,59491,5,0.05717739928172671,0.1481494583126594,57.0,0
546,36,13,226997,9,0.10636847129414974,0.2848825722765957,49.0,0
590,47,26,99624,24,0.1812421335879519,0.25061463768860115,57.0,0
550,18,0,3931,25,0.13949568026971976,0.1714307340231663,53.0,0
565,60,36,3858,15,0.11237131390682255,0.18550841024082176,55.0,0
579,18,0,38870,7,0.17968199844334903,0.14915209465818086,55.0,0
632,48,23,86545,24,0.2935407507609063,0.8820158510506216,52.0,0
601,44,19,159937,15,0.11409836065573771,0.3530426063184831,46.0,0
609,30,7,133622,17,0.21168110702487064,0.4665783452051641,54.0,0
497,55,32,4069,29,0.10674473595315843,0.2627342637995488,57.0,0
555,33,8,142098,15,0.05230810341372169,0.08486893575928432,53.0,0
594,35,12,53290,21,0.2344,0.30844083066817973,49.0,0
586,36,11,387154,28,0.14531088972861558,0.6949705002424722,49.0,0
478,45,23,37286,6,0.023122672447334777,0.3692719651992211,62.0,0
578,19,0,7871,14,0.03954013108413022,0.09257104514451356,49.0,0
566,32,8,437329,20,0.07772285665587184,0.3903293798383553,70.0,0
569,44,20,9821,13,0.5928,1.9763066398014146,61.0,0
587,34,9,20798,11,0.3472,1.1931042258191804,60.0,0
641,61,41,16188,18,0.2326428549377952,0.24978561087995535,53.0,0
421,35,14,10171,8,0.5759920139755428,0.7097946571566431,55.0,0
599,33,14,13119,25,0.12263528060858332,0.19770107589873406,67.0,0
486,18,0,93386,9,0.17568584524868305,1.104286769322401,54.0,0
502,31,8,18021,3,0.051312677671340866,1.0109906206530257,61.0,0
603,44,24,5286,4,0.2287403251258673,0.3196675801125421,58.0,0
589,29,5,21157,15,0.12813179270106395,0.5699589136932013,72.0,0
573,38,17,2765,2,0.2682063699012852,0.17116937014620545,56.0,0
613,38,18,21364,29,0.05490176889389084,0.09379831571847239,60.0,0
608,41,16,3799,25,0.09549292838030372,0.4098646353639854,49.0,0
610,44,20,1070,17,0.14650019616440885,0.08102669181544694,52.0,0
648,40,19,229720,11,0.054974581021784936,0.15956532439716947,45.0,0
452,31,7,17387,8,0.2233224294934135,0.32415064833783813,54.0,0
563,44,24,129395,12,0.2593738398713031,0.057480266731329464,50.0,0
597,18,0,3951,16,0.11848974141070778,0.27582106598417594,60.0,0
596,30,9,5435,15,0.19361147327249023,0.30755965181497663,54.0,0
602,33,14,23832,16,0.18202537415482792,0.082702437484719,53.0,0
549,39,16,33328,28,0.11605668559815646,0.21979538868857937,52.0,0
538,42,22,51734,7,0.08557208138079576,0.09831346480643027,50.0,0
618,28,6,40678,14,0.22150503778337535,0.319962265759964,56.0,0
567,31,9,94245,8,0.3360214253831275,0.07227799629973654,51.0,0
519,23,0,62836,20,0.244,2.0732842181202407,49.0,0
650,67,46,212023,19,0.22753128555176336,0.38166167318338007,46.0,0
497,31,10,116321,27,0.23228526260319693,0.32116669672039505,48.0,0
621,52,34,282161,28,0.1277655160236603,0.1377673905825866,42.0,0
559,50,23,96577,24,0.2125255061999686,0.21360222266178275,48.0,0
558,41,18,184705,21,0.14314908987215438,0.4401095588262353,51.0,0
592,35,10,103735,21,0.1474939682250649,0.3528883480317741,50.0,0
614,31,9,1196,6,0.13406362218433748,0.13331970702860846,55.0,0
614,47,26,60025,28,0.11026547611913466,0.23530813701486847,48.0,0
584,44,25,17422,3,0.05644440471934215,0.39795894312076,51.0,0
427,41,17,159887,9,0.23061277705345504,0.4428324976033715,51.0,0
502,53,31,27336,19,0.03849473502503021,0.27418710702854204,54.0,0
487,18,0,156707,21,0.07728114972657839,0.4926438303389358,55.0,0
601,42,20,48147,5,0.21027860654704375,0.10022782359539843,50.0,0
600,38,18,5366,5,0.27071561057671567,0.979371864546813,51.0,0
612,34,12,82825,28,0.1833933093429295,0.6085145293902631,48.0,0
618,37,15,71382,17,0.08184679958027283,0.23000774140792063,54.0,0
602,38,14,1876,22,0.18857037628138237,0.7600000811180355,51.0,0
550,46,23,94879,29,0.3888,1.5383427055673693,52.0,0
564,18,0,47075,16,0.09697633804746089,0.2583675315947102,56.0,0
478,21,0,3969,5,0.2722127639994479,0.4049594805173714,54.0,0
581,52,27,132603,24,0.23019388144193825,0.13661083496091567,47.0,0
560,53,32,62113,10,0.07864903164855928,0.28026662031878347,51.0,0
657,65,45,3092,13,0.14174864902313983,0.16434092814661105,48.0,0
557,52,27,82429,1,0.4804709056349255,0.9216601275833275,56.0,0
617,36,18,6794,14,0.3220278702835527,0.41138377803441684,53.0,0
597,28,6,12459,16,0.10086661888316936,0.35401878025869093,51.0,0
629,52,27,5926,22,0.1514179819264565,0.1971001882949311,46.0,0
598,46,26,50223,18,0.1996378034930477,1.1615614330240287,55.0,0
622,34,11,151042,11,0.05212099516735278,0.07501184731801575,42.0,0
578,47,24,67998,8,0.14477958236658933,0.24573569324407238,51.0,0
571,40,14,83657,21,0.09259819645342857,0.4857973552045403,52.0,0
641,42,21,2996,17,0.19970712787430245,0.2835281821570819,54.0,0
635,62,38,1931,22,0.11945273977359538,0.17211496030486118,47.0,0
551,40,16,27201,22,0.050891998718085675,0.1084117102620756,52.0,0
585,42,19,135238,12,0.24683707720113607,0.5276423957452182,50.0,0
589,42,22,239881,7,0.12755576208178437,0.15919226403443698,48.0,0
594,47,24,3464,18,0.059795551973033385,0.2791962003130848,51.0,0
622,20,0,10746,22,0.15115655096449856,0.11330251302452382,66.0,0
557,30,7,2066,23,0.1982444518052335,0.5354943580823116,62.0,0
599,30,10,87974,12,0.1571085466580751,0.15065071732243882,55.0,0
632,49,26,1113,11,0.08383624204860544,0.15059187673744348,47.0,0
539,48,26,1600,4,0.06874562018220041,0.4478636368835476,52.0,0
560,36,10,114997,16,0.2288,0.5856929467172185,61.0,0
547,43,20,276452,19,0.13863358279031388,0.8148842322620258,44.0,0
525,38,17,327291,1,0.15525687727672402,0.1895847127390962,51.0,0
584,24,2,13995,22,0.14176061405612858,0.5895122674451737,54.0,0
573,53,29,78781,13,0.17091357064125007,0.13681345787985272,58.0,0
615,54,30,5101,24,0.11052347544522396,0.5023096244104102,53.0,0
583,53,29,30929,27,0.3093794349116243,0.09325250806133598,60.0,0
609,42,19,31784,27,0.061682021272389385,0.19631387178167303,49.0,0
583,51,27,103976,12,0.05640707916924817,0.1474728892534718,49.0,0
579,18,0,31745,13,0.1233423576377736,0.10191801864090046,53.0,0
538,43,24,274377,4,0.08675259640646765,0.12415403241788721,55.0,0
566,42,19,8350,24,0.07030539748813092,0.09661535755243138,53.0,0
601,41,21,28469,20,0.1368289055437287,0.3147510513735387,52.0,0
543,58,37,9980,17,0.19327521793275218,0.5188732263584528,70.0,0
550,38,15,8175,21,0.051678150700155585,0.10549730622799909,63.0,0
660,45,24,290434,29,0.16150036683785768,0.2541302170844218,45.0,0
573,29,9,7963,15,0.21748218527315916,0.22094017335842225,56.0,0
550,18,0,36714,21,0.31543345398445377,0.23877052442251537,59.0,0
550,45,22,46760,28,0.17742335501841008,0.2912878801111268,50.0,0
613,40,19,34323,4,0.15224879918490128,0.17600403992363095,57.0,0
526,42,24,30377,13,0.19632423244449165,0.44065744809963214,58.0,0
665,63,40,14397,15,0.06238408855269499,0.20262987105280522,53.0,0
615,38,18,4431,7,0.2663060346738793,0.1352577012958486,51.0,0
558,39,15,314871,18,0.405859235441229,0.5107361366693582,52.0,0
572,37,15,4343,7,0.1541861771867391,0.19813341593243794,54.0,0
558,63,40,6394,18,0.11962274285533736,0.14309495884971735,52.0,0
608,27,6,46242,10,0.10141466103251884,0.2833811175565472,50.0,0
642,51,26,115215,3,0.04180199836362284,0.09410618696444097,59.0,0
611,40,20,3965,28,0.09510156609234265,0.3056257676587217,47.0,0
582,19,0,13859,18,0.1359003397508494,0.1507616746138426,52.0,0
562,36,13,6800,9,0.14374225526641884,0.31915501794196893,59.0,0
562,45,21,122705,15,0.028548912316179204,0.15024886310303198,52.0,0
484,37,15,10815,6,0.2002184200946487,0.8667081071172377,57.0,0
559,48,26,92956,26,0.11480257436075839,0.2942818549296668,50.0,0
648,35,12,12589,12,0.1697092942644544,0.18367654813986453,55.0,0
576,36,13,42816,27,0.16623045004787745,0.1509499024415024,59.0,0
615,46,27,52556,10,0.06679671483418859,0.3971236921810721,48.0,0
589,42,22,3718,23,0.0864958544222778,0.1862468366272122,55.0,0
597,42,18,189971,26,0.28727120301802433,0.4985968544702047,47.0,0
668,60,39,18490,5,0.047924203560895315,0.11267470351401798,45.0,0
602,45,21,63265,1,0.08121251418382233,0.21808833076221992,53.0,0
548,43,25,169077,18,0.23842997033846655,0.5479793073466619,54.0,0
560,48,25,9311,9,0.06090219882628516,0.07326043377346181,61.0,0
618,32,10,2647,19,0.07164960399143913,0.1741003644962697,63.0,0
571,46,23,6351,16,0.06527001085051332,0.13364689307354263,49.0,0
534,36,16,416743,28,0.32985156679494226,0.3072838512359707,53.0,0
538,45,22,7971,15,0.7267752767068772,0.29472528955865845,55.0,0
614,53,28,44477,2,0.0432273424158949,0.054626986778452034,64.0,0
581,54,31,10938,21,0.07568525301141096,0.0939168689262494,49.0,0
514,50,30,33380,2,0.05103268328222158,0.11943903569036056,56.0,0
574,30,6,3437,28,0.0718449661257287,0.5346936227867134,59.0,0
665,49,29,72098,18,0.2127881506206321,0.32587315193085187,51.0,0
589,51,29,68115,28,0.17448910846620258,0.4903175405962077,57.0,0
611,56,32,8058,17,0.2324170616113744,0.13986064797378434,52.0,0
593,40,15,16766,13,0.1253583786455759,0.2998453906650086,50.0,0
454,31,9,14895,2,0.024418069371334786,0.18125912492375418,53.0,0
465,29,4,204036,14,0.2608,1.4229543149482509,48.0,0
610,56,32,8659,12,0.1276919179123385,0.17630212516018146,50.0,0
579,46,24,9791,28,0.22018348623853212,0.417570445575492,57.0,0
484,39,15,157964,10,0.09237633579376446,0.06513279976436341,55.0,0
590,47,22,215339,21,0.04617830376744304,0.1826454218467716,57.0,0
561,42,22,65623,19,0.0748897098382411,0.4674731778483932,48.0,0
638,55,36,10829,19,0.18989219661754525,0.161118006758611,52.0,0
622,24,0,20229,18,0.28849247988807275,0.3640787179358162,48.0,0
609,22,2,10100,23,0.026992071079120508,0.19485495091198207,48.0,0
475,35,12,84531,25,0.12706969580284946,0.3538052802154814,53.0,0
552,44,20,7574,20,0.07928534309965109,0.17133444620768828,54.0,0
516,29,7,99957,28,0.07269264344099674,0.07667554819873545,51.0,0
598,28,5,46930,1,0.040754229864920936,0.23808186469602735,54.0,0
557,25,1,132317,1,0.13248076730942154,0.3313132148077478,51.0,0
509,32,8,59836,12,0.06863193672789071,0.1090685069874922,51.0,0
551,66,44,65040,20,0.22665662650602408,0.2946460640513169,53.0,0
564,49,29,167874,29,0.26880228363002023,0.5095664024029234,62.0,0
599,21,0,30897,22,0.2527304949923752,0.5963218375658722,57.0,0
598,53,33,8583,18,0.11723967350976999,0.177827808212814,53.0,0
639,43,23,107075,2,0.6592,0.2592342222470268,50.0,0
552,43,18,131913,11,0.07270420301348138,0.291591175215708,47.0,0
593,35,13,39915,28,0.15104624267092218,0.05974108122647229,66.0,0
554,41,21,110599,3,0.3752310536044362,0.36097785005961863,50.0,0
568,35,16,2230,26,0.1908254134550625,0.7166482321484887,62.0,0
587,46,22,21096,1,0.07537892291238983,0.09700575488817376,60.0,0
582,23,0,2154,5,0.08249772105742935,0.09236269287231286,53.0,0
560,36,16,16958,28,0.09689550918073889,0.16476142319225595,52.0,0
587,58,36,62950,14,0.08809317939067189,0.39563207612505097,47.0,0
581,35,13,23437,14,0.08510783046465746,0.2901589531450208,54.0,0
445,39,14,7128,22,0.03826231257037871,0.2077905290850605,55.0,0
523,33,11,18826,22,0.08995459023089307,0.12196803801881725,55.0,0
643,52,33,76726,17,0.02640771272879698,0.09226384409552837,50.0,0
602,48,22,7640,16,0.3183157894736842,0.7121699868054548,59.0,0
599,27,6,8792,28,0.2445601053489685,0.15231030417847932,52.0,0
638,38,17,9640,5,0.3275779376498801,0.16328830002947145,68.0,0
555,18,0,5215,4,0.08832490372143065,0.1452593131123911,54.0,0
521,42,19,11955,12,0.16390988698450715,0.11689522585884225,55.0,0
637,40,15,9379,6,0.05173935676617704,0.2958280424420172,53.0,0
524,37,17,210343,21,0.02765472562927304,0.25269117257232065,54.0,0
576,32,5,227737,9,0.12069977691675472,0.3557665689579286,62.0,0
547,27,6,195591,24,0.12607548327707888,0.20903349663495457,50.0,0
528,43,19,2560,6,0.1387222719043776,0.20591637321821707,55.0,0
610,43,24,9559,15,0.1428845153696658,0.2140423777874829,50.0,0
544,36,14,17181,24,0.12541576682377792,0.21066691130865892,56.0,0
578,26,1,5890,11,0.23080235395435625,0.3240405503939633,52.0,0
585,42,17,53448,22,0.148,0.9607160656018854,57.0,0
671,74,56,220057,3,0.18850115401839543,0.32700933796836607,56.0,0
571,44,17,9363,22,0.056857067649381414,0.1946048305597224,51.0,0
617,58,34,8579,19,0.06100064143681847,0.11214812502909899,53.0,0
605,40,18,68459,26,0.24583640383198233,0.6057607457053391,51.0,0
582,27,6,23718,18,0.13581137309292649,0.31480310416689866,58.0,0
530,33,9,10580,25,0.0936184542852332,0.14880484968185276,57.0,0
622,35,12,112331,5,0.13695155972609688,0.23010104817639848,54.0,0
622,46,23,69646,15,0.2235718260785405,0.6678777767561693,52.0,0
440,18,0,9222,13,0.04586886209938253,0.3701531636565619,57.0,0
595,38,17,7571,23,0.11113490364025697,0.2601134652273907,63.0,0
588,50,28,17214,6,0.08212105566860024,0.12968193066446082,54.0,0
475,28,7,211096,16,0.3186446869720078,0.12482287326012173,51.0,0
525,37,12,8948,8,0.0992,0.5389085310767115,59.0,0
547,41,23,7312,23,0.16981902299632604,0.2214514720618973,52.0,0
651,57,38,57032,23,0.0953584253225163,0.4613314645179369,52.0,0
579,53,30,141167,9,0.12834032354703415,0.6259350945767276,49.0,0
594,36,10,8967,28,0.16466234967622573,0.1709753956869893,53.0,0
580,27,2,22777,2,0.15411921903356401,0.4411163604574126,58.0,0
641,60,36,30315,13,0.02688700549961476,0.04076456548306836,56.0,0
487,49,29,18753,21,0.13419425745294683,2.506754192778224,58.0,0
528,39,17,5241,18,0.11694962599708247,0.7008939832159247,54.0,0
629,58,35,2651,9,0.2929242949035131,0.6587300580065439,53.0,0
574,61,39,13600,6,0.12225500854169903,0.22330900019128896,52.0,0
507,49,31,5724,11,0.3746905089408529,0.6929261067002908,51.0,0
524,35,12,86263,15,0.32267649156168293,0.4822564164293656,48.0,0
582,37,14,193074,28,0.22183370185632748,0.09581378621065387,65.0,0
560,40,20,85929,25,0.22864401397268977,0.39449200371825194,54.0,0
552,50,30,19695,13,0.3358461138549519,0.281911759417949,53.0,0
585,61,42,7447,15,0.17733393856861854,3.296301867119737,50.0,0
588,36,14,6836,23,0.1890527166229045,0.38517511555018,55.0,0
565,36,13,65674,1,0.33663607075557717,0.08637849868997992,51.0,0
483,32,12,8405,5,0.17839003687469562,0.3063873519800657,61.0,0
632,41,18,92689,21,0.060495569048336216,0.112452682862845,55.0,0
596,33,14,29539,4,0.08183508989460632,0.5509321397753573,58.0,0
524,19,0,109195,25,0.08377571050610225,0.32833615951076695,49.0,0
607,37,11,177285,24,0.15231255030648258,0.31648872507261755,47.0,0
548,43,22,38223,27,0.42741825147078943,0.9149630261757403,52.0,0
540,34,13,121761,10,0.19774633567737016,0.3020801244782727,57.0,0
564,43,22,68505,11,0.07216276969778478,0.15004934996229355,55.0,0
611,39,17,50930,3,0.14954221770091555,0.21904666420823504,50.0,0
415,21,0,10955,20,0.08304140584620687,0.1227433486338149,61.0,0
612,39,16,41264,9,0.3888402352058051,0.6185238432297127,60.0,0
615,29,4,40723,9,0.1496435948006771,0.8718227784190958,51.0,0
573,32,9,25071,29,0.1671544272782958,0.24305756517597385,71.0,0
587,36,15,4243,13,0.1234477861159626,0.39259672208845214,53.0,0
614,34,11,2716,21,0.5728,0.3133298147724264,60.0,0
595,43,18,31489,17,0.10653429430576106,0.35080253142286133,66.0,0
598,30,8,92458,23,0.08911365451157839,0.3127095630285688,54.0,0
587,31,6,95930,22,0.08240873299928418,0.34745457768261556,50.0,0
479,18,0,10733,12,0.06916256157635468,0.18587097453504714,67.0,0
514,30,4,30690,6,0.1735794773435627,0.32107197702920376,63.0,0
608,41,19,6755,25,0.23586792176754623,0.3232821963748515,49.0,0
678,49,25,4501,11,0.17893476959904248,0.2531254809487974,52.0,0
579,50,28,47055,16,0.10608051606737547,0.20148354129366142,66.0,0
607,45,22,49056,18,0.25359451896169066,0.1687596790137115,47.0,0
601,18,0,25458,23,0.06359995145041875,0.16454140507463635,50.0,0
599,20,0,20078,10,0.3470566991693752,0.9190079968569751,54.0,0
528,37,12,86080,21,0.07521367521367521,0.10543314451802671,47.0,0
610,38,15,1926,19,0.1493151162385417,0.3598935081596643,60.0,0
592,29,9,9671,13,0.13748088641394893,0.13650521726001594,55.0,0
573,18,0,49852,23,0.2128,1.2850553303311587,54.0,0
490,25,6,4777,23,0.22577724117114398,0.09745007183465017,53.0,0
505,40,15,5179,28,0.06914310127824672,0.23036303983138545,51.0,0
570,33,6,42494,12,0.04284166011432943,0.10809370481924124,50.0,0
595,50,24,15190,2,0.05703466130839677,0.30995156879715413,61.0,0
547,36,14,5133,5,0.030642132932782576,0.13428211934114367,72.0,0
596,44,22,42798,21,0.08638668870021084,0.11603919879210879,53.0,0
539,30,6,8547,8,0.12399831294812315,0.29550105158514833,66.0,0
579,46,22,195229,28,0.282100576747951,0.18384497835106922,47.0,0
501,56,36,9518,16,0.23113295755082416,0.1632652283612663,56.0,0
602,56,36,40561,23,0.1037006686160207,0.2753493594879987,61.0,0
619,50,29,149323,4,0.05298433112942668,0.25897754255019945,51.0,0
599,32,11,4752,22,0.18993781797625778,0.1311050985490262,68.0,0
623,53,32,49404,2,0.08507230675020021,0.15402134651976793,67.0,0
604,54,34,41041,3,0.07620634011764094,0.29158774392576026,53.0,0
584,38,16,4151,21,0.11331813741452296,0.30901580175015203,60.0,0
519,36,16,3898,9,0.13606039807824297,0.06459526844961345,55.0,0
568,63,38,6458,5,0.38369261297014523,0.7126717546536314,55.0,0
588,32,9,129624,11,0.15000000000000002,0.40887645625292474,50.0,0
560,37,12,164607,8,0.15340185169455534,0.35401377572187903,51.0,0
632,41,18,47479,25,0.07669959325973272,0.28311315565688033,56.0,0
591,55,32,20581,29,0.10287863186640998,0.36849769911350466,52.0,0
496,34,12,29309,16,0.1312422616591003,0.34540977043806287,57.0,0
494,18,0,33836,26,0.09209789518758853,0.19296476849695904,59.0,0
528,25,2,196300,23,0.20139143170999635,0.4818715665588605,47.0,0
617,49,29,11407,13,0.1366150368047799,0.21951607690522518,53.0,0
581,29,5,270169,26,0.528,0.21713938311019595,55.0,0
557,51,27,16850,19,0.08659494422810375,0.09266721908453121,61.0,0
561,41,20,55474,28,0.02618943692710607,0.3538567051803192,58.0,0
584,39,18,6721,15,0.048408301776544226,0.05926382560931408,50.0,0
577,31,5,34354,25,0.5484419263456091,0.16091337106620232,51.0,0
613,38,13,135563,6,0.05503482141478405,0.1169322834078331,48.0,0
553,59,33,2396,17,0.11688687433696597,0.14943159999613304,50.0,0
523,36,13,5243,6,0.0610051993067591,0.2141951870965376,67.0,0
644,65,41,23518,27,0.45545912455364534,0.4590726314189446,54.0,0
648,43,21,130616,17,0.04746835443037974,0.8914454972365766,49.0,0
594,25,5,8563,21,0.08306173759195455,0.4676954142178761,52.0,0
594,18,0,87847,6,0.08313800327739634,0.9161534074570897,54.0,0
591,34,13,124302,11,0.08514468295756267,0.24153007153835696,45.0,0
530,50,29,288713,2,0.07255839617436087,0.303373498937367,57.0,0
582,26,2,80586,22,0.0813979208139792,0.0750374006134325,53.0,0
638,42,17,2929,29,0.09399608349652099,0.2819816759275152,47.0,0
436,45,24,55501,28,0.08755079423716292,0.1580604431129147,52.0,0
588,53,30,1631,23,0.04547643084569387,0.5583527376008082,55.0,0
554,53,31,32839,8,0.236834974257068,0.33178736462886865,52.0,0
550,37,17,31703,24,0.23317979309824058,0.19366955186924578,56.0,0
456,40,18,60459,15,0.0654897077137206,0.524660650805283,54.0,0
541,41,16,10382,12,0.09076251896813355,0.15769913154445367,72.0,0
578,50,29,105560,14,0.38681531749878817,0.1118215485452458,50.0,0
622,35,14,4329,14,0.05164433617539586,0.27194609769387607,51.0,0
624,35,10,8065,1,0.1466582993410731,0.08703379411811389,54.0,0
607,18,0,96878,18,0.03242532680931863,0.04824842503116258,59.0,0
498,51,29,17957,7,0.10113201265190612,0.08939925705792984,52.0,0
603,24,2,11083,22,0.15831055152868,0.5123422849910229,50.0,0
515,29,7,1686,1,0.11855335427378173,0.18569435428053194,55.0,0
567,64,46,41285,20,0.29801969483822094,0.7644817134944301,57.0,0
544,22,0,6629,24,0.5663238319130179,0.2911201518442184,56.0,0
642,57,35,51661,12,0.055843703232948606,0.17723691191486016,46.0,0
620,34,8,196962,18,0.12249149364627457,0.3320795902685299,51.0,0
589,44,23,7055,9,0.1016,0.9182273907705432,55.0,0
458,18,0,50381,1,0.18823832196628493,0.12189669448068953,59.0,0
603,59,38,18957,16,0.03016998345457402,0.0954615735502479,52.0,0
571,36,13,3865,1,0.08139165529998692,0.12357448612873576,59.0,0
526,53,34,8948,27,0.20442307041013313,0.4635950735936108,65.0,0
504,35,14,114218,11,0.08094131754478004,0.22104107017105173,51.0,0
542,40,20,5447,25,0.06747086485381312,0.34316483614428867,51.0,0
621,46,22,55843,15,0.24267291910902697,0.24772008024293718,47.0,0
591,56,34,8239,9,0.2664,0.20888462213394715,59.0,0
540,25,4,33055,7,0.16478989288656964,0.35892385931154147,55.0,0
586,40,18,3616,26,0.07578123659327649,0.1897977323945027,66.0,0
637,29,10,128537,7,0.20108966536617226,0.17397168380030262,45.0,0
530,18,0,10445,4,0.11651196873473377,0.15742033224150317,59.0,0
591,52,30,19980,14,0.19102680869599653,0.6048842690789549,59.0,0
515,27,4,69207,2,0.08937651435006655,0.12706776584986834,50.0,0
526,37,15,9354,18,0.09868733196267596,0.27011072117127694,52.0,0
444,42,20,219924,27,0.2399615622211545,0.4370585361731895,53.0,0
571,37,15,65652,6,0.24546065904505715,0.9571658740896024,57.0,0
541,42,19,14237,4,0.4243383849807736,0.4021852292631958,54.0,0
569,22,0,10780,7,0.1817398119122257,0.1106367549341624,51.0,0
550,31,10,9011,9,0.046069767091733035,0.22286784500634071,64.0,0
663,59,39,8320,20,0.0701075513571957,0.21063786671488693,48.0,0
596,41,20,2350,21,0.1048,0.9098852320454834,53.0,0
616,49,29,28756,11,0.08611971945848965,0.3220579249494964,49.0,0
508,22,0,16849,24,0.15681979959480918,0.1431216587139459,68.0,0
462,30,9,8916,15,0.10162687513205156,0.4170268801842748,50.0,0
574,18,0,5064,6,0.09248974931229564,0.11699232074575389,62.0,0
490,23,0,35705,21,0.059501210970740334,0.1469534771259163,49.0,0
565,46,25,36829,21,0.19947831469118882,0.3422982485678502,62.0,0
610,34,10,78399,12,0.10100856904527186,0.21561319947303328,46.0,0
633,48,25,176746,21,0.22604929359595752,0.3462768206246077,50.0,0
616,41,18,22630,1,0.04824162279842881,0.15928277852837078,51.0,0
472,24,3,1140,29,0.2098775714166736,0.24651432343156007,53.0,0
614,54,33,18807,5,0.23646091609030406,0.13169874279762178,55.0,0
503,30,10,74131,3,0.21821594775331432,0.357291208759284,54.0,0
628,56,35,3195,5,0.06296751144356369,0.34538709381655003,54.0,0
551,49,28,152322,26,0.1577079773951899,0.19441598826433748,48.0,0
520,28,5,189065,3,0.4223157517686039,0.0988537870218201,51.0,0
617,56,38,3136,3,0.07433016421780467,0.21416085059585108,59.0,0
588,42,21,2677,25,0.15079500769362283,0.21977483579634632,58.0,0
524,31,10,8451,23,0.22243230467958675,0.15247033968263907,52.0,0
602,31,6,19219,3,0.041031829838588024,0.06435175658151386,49.0,0
630,39,16,223251,19,0.31595648232094287,0.3367650326621581,46.0,0
630,57,33,35168,23,0.12010113780025285,0.22278752565795482,52.0,0
513,50,26,22594,1,0.15580391722916898,1.167785359568674,60.0,0
409,18,0,17725,22,0.2100436488690975,0.42443553299414016,57.0,0
573,63,39,39122,4,0.07139588100686499,0.06086966574987867,60.0,0
561,33,10,4674,18,0.12986528342724935,0.09762068375606568,60.0,0
500,22,1,11052,13,0.26682089839984574,0.6121618722406594,55.0,0
544,37,14,61867,8,0.08589092514903952,0.19583667087837864,48.0,0
573,44,25,370332,9,0.07368249837345478,0.23130660991861887,50.0,0
609,52,31,3270,4,0.1407524656033118,0.22734064813632185,54.0,0
628,50,27,5245,15,0.3087325234930094,0.21173103034323745,50.0,0
521,43,19,55833,23,0.1458660094107103,0.2807056242574049,57.0,0
599,46,26,208764,14,0.12759102137257008,0.7739631776242923,49.0,0
602,42,20,163247,26,0.10410119217682658,0.4971486172207687,48.0,0
619,42,19,116256,24,0.18539038527105353,0.19437203750856277,61.0,0
515,30,10,92279,24,0.07317982393255527,0.6896072639745763,50.0,0
615,35,9,8560,22,0.37129755855744206,0.33346006998363964,53.0,0
527,29,9,104765,1,0.29829104091144487,0.6973328750367349,53.0,0
580,30,9,122960,19,0.3803643477197702,0.26700106925070466,49.0,0
501,22,2,16705,19,0.10118533365587311,0.8055460765174305,60.0,0
612,41,20,28449,4,0.02836283418246757,0.7087165930724089,59.0,0
478,58,35,1223,20,0.12652218145944447,0.28716133995841286,52.0,0
633,53,30,6029,13,0.1016781836130306,0.25504574794560414,55.0,0
566,36,14,163450,11,0.1064180546870559,0.10832067879029615,46.0,0
604,46,22,27355,16,0.13603612258622347,0.19821588309887433,63.0,0
508,44,25,4905,9,0.13069592376071115,0.43206555730327817,55.0,0
641,80,53,178703,2,0.10319352695149123,0.16181900610570493,67.0,0
558,18,0,110535,6,0.07298378138191514,0.1307049953290566,48.0,0
551,47,24,33927,20,0.1193772802465499,0.42291113109356776,56.0,0
643,38,13,5153,6,0.1361871301775148,0.330903382809508,52.0,0
572,25,4,4623,21,0.12144340853098885,0.2936244546047106,50.0,0
396,21,0,128656,9,0.12880999894969014,0.09605728430411013,55.0,0
518,31,12,155506,19,0.06748876339748762,0.2337634789602588,51.0,0
608,28,6,12287,21,0.0884254072222701,1.1139388183689272,55.0,0
557,53,28,5001,5,0.11805245021963859,0.1522820827901809,57.0,0
582,40,17,4855,3,0.06291384298724248,0.061864503506224404,57.0,0
524,38,14,59614,1,0.12898336856379372,0.10126844138728511,55.0,0
532,45,19,54299,11,0.07938524229351913,0.6049047996769947,68.0,0
616,52,30,9073,12,0.07783358811967678,0.253722713400092,50.0,0
593,41,20,10092,8,0.036832866249884515,0.07772688803483543,51.0,0
599,29,6,6748,26,0.20941752547970166,0.24220122991686965,55.0,0
450,34,8,314549,11,0.08526302272824551,0.20680004070057378,45.0,0
567,36,11,10020,19,0.04191133133963458,0.3090533165960545,55.0,0
545,40,18,3212,10,0.14135004362655668,0.27243976100632744,55.0,0
619,41,16,59741,8,0.1091233460528272,0.08851749163956756,52.0,0
640,46,24,19209,6,0.14469871090236835,0.10339161680391572,50.0,0
464,63,43,37144,27,0.0726806471749363,0.4086415889527861,57.0,0
558,42,20,6410,16,0.15085714285714286,0.21252654492817347,67.0,0
569,40,19,9337,26,0.06081024014414279,0.13531601372730426,53.0,0
547,43,19,16044,19,0.4158937811188128,0.33513782157726213,52.0,0
595,50,26,14954,14,0.049830684430382875,0.2688797308886296,57.0,0
550,36,13,81836,6,0.08970718722271517,0.29384921203450887,50.0,0
559,51,31,4081,19,0.04577988194152067,0.06980529147560591,49.0,0
636,80,60,30211,26,0.09734847642966685,0.3262353005129107,62.0,0
519,36,18,85299,2,0.08070648469333656,0.09247135316042844,55.0,0
487,45,24,8213,23,0.046852620075753554,0.15704593130928401,52.0,0
495,43,20,8800,28,0.17870563674321502,0.6514506303731166,51.0,0
597,48,25,10768,23,0.037758438089975595,0.05551883503670093,57.0,0
604,43,19,7759,10,0.21507501572185786,0.3378407836225156,69.0,0
551,18,0,8009,10,0.06449182987599954,0.33104304516991556,57.0,0
637,44,21,16398,3,0.37474462496351785,0.20498916324572633,60.0,0
626,42,19,150160,4,0.15943136971299873,0.11347283187819139,47.0,0
573,18,0,4772,24,0.11759465478841871,0.19878515816448514,51.0,0
592,54,31,7397,21,0.048405186832215036,0.19397973030259463,52.0,0
624,39,17,8524,10,0.09988649262202043,0.17369841636072378,48.0,0
594,45,22,96324,18,0.232846865364851,0.05396318380406425,56.0,0
611,51,28,32207,9,0.12125191507988618,0.20258951578516388,53.0,0
585,25,0,20918,5,0.12253084543852184,0.26370293779724635,65.0,0
579,36,11,2512,24,0.0487838951677121,0.09898779292655042,67.0,0
627,60,39,67943,10,0.08403208166241341,0.06738075204657529,60.0,0
601,51,28,6586,28,0.10714750871912128,0.1605258835185991,50.0,0
580,34,13,268523,21,0.4456233421750663,0.45249562744571137,52.0,0
569,26,3,379185,6,0.14695322874145478,0.2534617241132794,54.0,0
660,53,29,24912,3,0.07934852552865733,0.20843868202083157,48.0,0
535,37,16,342097,6,0.17623368431267894,0.1488820812830028,48.0,0
587,29,5,10076,24,0.10026896180742334,0.2526456209135873,55.0,0
593,21,0,4531,3,0.12295797480982666,0.0822900131962751,57.0,0
653,47,26,34841,4,0.0789317002636727,0.15861083957263616,46.0,0
499,49,27,4304,23,0.09078661001140015,0.16293962603990025,60.0,0
559,30,11,46170,10,0.13307596230271376,0.1840185170001271,51.0,0
548,62,40,83086,16,0.23251055122138378,0.10446686108225403,51.0,0
557,39,17,120823,10,0.25663980901223515,0.16389895767230012,48.0,0
588,49,26,10833,27,0.27647605537347747,0.609095008168935,59.0,0
578,39,19,67494,7,0.10145200283741332,0.06573118770760758,56.0,0
539,33,14,59119,26,0.17866320502291574,0.18780399518778731,58.0,0
605,59,38,17297,5,0.12127078507968334,0.1176614916203115,50.0,0
568,32,8,77838,24,0.1070462062744312,0.2718307094775568,59.0,0
564,26,3,38274,2,0.1451437676540885,0.2851655666913197,61.0,0
614,51,29,208745,29,0.2876947535771065,0.6049162193883756,49.0,0
615,35,9,19316,10,0.07744259342638452,0.12108039723909841,48.0,0
571,50,27,5371,17,0.16403372350004092,0.27133704036577255,53.0,0
622,23,0,1831,11,0.0491080797481637,0.6753361624776922,53.0,0
505,22,0,11250,7,0.24649383765405866,0.19619297806654412,57.0,0
597,26,5,10202,4,0.6908837259215539,0.3015502516686674,54.0,0
592,49,27,10062,13,0.21297992074855984,0.4242945242441793,51.0,0
493,28,5,29030,2,0.10648350888514993,0.10869518922556569,62.0,0
521,52,28,2574,2,0.9406040090971598,0.35966487170052064,61.0,0
582,40,13,2002,3,0.061055430558396406,0.12287185697956722,58.0,0
553,32,7,118100,15,0.40656705404906845,0.30112796444387224,60.0,0
574,40,19,82766,3,0.08186417292656753,0.28132745110318064,53.0,0
528,26,3,81319,8,0.0981606695352026,0.061697307928687065,51.0,0
501,24,4,73912,4,0.07696779444250669,0.22575754268881176,50.0,0
564,35,14,121468,23,0.10251379521765788,0.16896299839870682,50.0,0
559,33,14,3601,12,0.19824049022594112,0.2568396195287469,51.0,0
594,23,0,55430,29,0.2611101504409476,0.13997409265400607,48.0,0
533,37,16,58398,2,0.09108035056106151,0.36794710461490165,60.0,0
621,41,15,59254,2,0.3220875472863429,0.11040843425300546,55.0,0
611,25,3,1103,28,0.07908721475461082,0.21354038921415094,60.0,0
614,37,13,68754,13,0.1376726761882463,0.21385899346406256,45.0,0
482,62,39,103739,8,0.06169821612557829,0.48687221479010767,47.0,0
518,57,38,96676,24,0.053134748918184566,0.12108042373915925,58.0,0
575,35,16,4653,29,0.04006129597197899,0.1815246279915006,49.0,0
579,23,0,217594,28,0.1896,0.41076630011819326,55.0,0
520,37,14,307867,18,0.24550867728637588,0.9805685444434818,51.0,0
521,39,16,7229,6,0.1589164180105274,0.47611014282531744,56.0,0
572,28,6,111404,15,0.06304590529979641,0.5389479519210698,48.0,0
552,28,5,3848,17,0.11502294098941535,0.5923222318508259,53.0,0
503,22,0,129701,19,0.09823446759117846,0.4769189589521376,53.0,0
584,48,28,52571,8,0.38067731867517585,0.490200392783253,56.0,0
582,51,26,43359,11,0.12877583465818762,0.12133144208794489,50.0,0
628,47,23,12537,24,0.09940701451175543,0.6863809187508726,55.0,0
494,18,0,97406,6,0.12173580942378384,0.43799465199392323,71.0,0
524,28,7,27517,18,0.035471686845916124,0.41227501034872754,61.0,0
603,21,0,3715,24,0.12137299771167048,0.3613628984048936,54.0,0
593,61,40,147510,2,0.2336,0.8142127822025724,58.0,0
596,39,18,37796,4,0.09286684939079162,0.20630603766256753,56.0,0
580,34,12,5895,21,0.054721471200209315,0.06836482949257922,54.0,0
449,27,4,151488,14,0.11014867485455722,0.3069531834320989,45.0,0
564,34,12,8374,11,0.07384786229872294,0.1735440939278634,72.0,0
589,45,27,40152,16,0.0997008166895771,0.08147607579976052,60.0,0
634,30,11,93548,2,0.04582739937464694,0.05837903408090262,60.0,0
635,70,47,6488,9,0.185453724378434,0.06731842009440128,48.0,0
567,37,12,39232,27,0.46946942234358086,0.2042913072819182,62.0,0
508,37,10,32631,1,0.13790910142245866,0.21364811397598452,57.0,0
586,29,5,3503,20,0.10614977973568283,0.8415429503378737,60.0,0
576,19,0,21398,3,0.1601882438119372,0.09154747190373098,58.0,0
554,24,3,105149,10,0.1338055883510429,1.051420245262228,50.0,0
599,45,22,12327,13,0.034151404560216966,0.29155877336702857,58.0,0
544,39,14,66332,16,0.45387142186766777,0.1839399420416369,52.0,0
586,34,11,61163,12,0.2964016682292846,0.17996355022505467,59.0,0
557,21,2,85369,24,0.1190082644628099,0.12198215953014982,49.0,0
648,51,29,1908,10,0.05943038264023285,0.05646441687855588,52.0,0
639,53,32,34646,13,0.3075636453080802,0.0743464404824178,48.0,0
570,51,30,25927,27,0.04398546567221266,0.13438904118034495,52.0,0
617,36,15,8480,11,0.2969202421689919,0.28765196334126075,52.0,0
597,57,32,6170,17,0.16581295439524124,0.10381169128471725,57.0,0
597,21,0,9647,1,0.20614035087719298,0.6662384148769772,62.0,0
599,45,27,37095,20,0.10879516465934848,0.36029500448791596,57.0,0
583,34,11,126470,12,0.2424,0.2653570317764829,50.0,0
603,42,13,27658,24,0.11412277433047649,0.11612229340402588,55.0,0
541,45,23,6116,2,0.07487172470411164,0.09800002739482117,55.0,0
480,23,2,62405,9,0.1770883631096089,0.25592264291995587,49.0,0
549,42,17,31317,12,0.08026911031202877,0.1868991184317512,64.0,0
385,36,15,250104,22,0.11021019867040696,0.4712844154519924,46.0,0
519,26,5,7994,18,0.21604002425712554,0.2570831906505482,54.0,0
573,45,22,6662,29,0.2328,0.7238852243463696,62.0,0
423,28,3,374909,6,0.12147591255317045,0.22534447525014425,51.0,0
544,36,14,13321,23,0.08975563909774437,0.3403965175401311,59.0,0
602,35,12,14282,8,0.10802095929060862,0.31981175771758824,55.0,0
583,18,0,8108,6,0.33295138320510725,0.3101250533256311,64.0,0
619,43,20,143967,1,0.11545644914822571,0.1911628676356786,62.0,0
568,24,1,11005,4,0.43816762530813474,0.7377765428775982,67.0,0
502,46,23,19016,21,0.11840862171524548,0.3994378228895354,53.0,0
616,38,13,288787,11,0.5236786811055438,1.1867300361673305,48.0,0
491,34,10,4120,21,0.2984,0.8329007736060765,56.0,0
569,43,22,4212,13,0.13379227776114938,0.08618883089504036,63.0,0
629,42,22,9720,11,0.040713235571304705,0.3003073587878298,46.0,0
613,60,38,61977,3,0.03967294703163882,0.17997872520331198,51.0,0
566,42,20,14958,5,0.08004250044271294,0.13636133783146637,57.0,0
544,26,3,41094,1,0.5458389390736114,0.1979540860539336,63.0,0
590,33,11,5258,7,0.05530512009688489,0.04944979732860649,59.0,0
608,42,17,3085,2,0.022545065837422867,0.2529243974098927,57.0,0
610,18,0,22477,22,0.2539219263042685,0.12916517247383197,51.0,0
480,51,33,2318,1,0.10713112060466645,1.1722910068286203,58.0,0
568,65,41,31620,20,0.20182575907918238,0.06210601002946297,52.0,0
469,52,26,63322,13,0.14878674868019567,0.39312677145503755,55.0,0
523,37,13,97587,23,0.11535516801361123,0.2494200495760023,55.0,0
584,43,20,4503,12,0.06500443555236783,0.14349362490145484,54.0,0
535,49,30,74106,8,0.09884741061390882,0.12180268812393336,53.0,0
617,44,23,11429,21,0.11054049697165097,0.09294593317888335,55.0,0
628,46,23,40077,26,0.1130783594992738,0.21427639748828067,62.0,0
569,40,19,15171,4,0.05441066449024009,0.10780702969597837,52.0,0
596,64,42,15924,3,0.07458512026850643,0.10588790835059572,54.0,0
625,58,35,182259,12,0.09872821479039096,0.6600155900175501,47.0,0
577,52,33,7965,21,0.06605393394606605,0.26150944686061334,54.0,0
560,35,11,5781,25,0.20818904053778775,0.47390199900226787,52.0,0
627,61,40,29125,3,0.1506565023527236,0.12324679347930452,53.0,0
581,27,7,12411,3,0.04168926951443312,0.14601260789726567,56.0,0
426,18,0,25412,28,0.046073485423456406,0.14713042399183204,54.0,0
635,38,15,39913,21,0.14252948885976408,0.31656644538662077,51.0,0
553,32,8,14277,7,0.039833330010566395,0.039938828389835875,54.0,0
523,48,25,4356,3,0.19694173477458476,0.32281873280981777,68.0,0
624,38,18,138282,26,0.16250658049993646,0.07362746426739843,52.0,0
603,27,7,40115,6,0.1393247741321921,0.30996251897869226,54.0,0
602,46,25,9436,26,0.1831234148648068,0.6975840173946372,51.0,0
561,47,23,4807,24,0.21290278442908941,0.18318641345356262,62.0,0
464,33,8,55873,17,0.3268632389983701,0.2624122012142045,52.0,0
613,26,7,156990,18,0.24751689778821442,0.31451037478292965,60.0,0
603,51,27,8380,21,0.16788118150970685,0.1928073166833148,54.0,0
544,40,16,10185,2,0.10679860104068924,0.4588483125204849,55.0,0
614,43,25,10478,19,0.11931355628643069,0.09647906024648756,52.0,0
488,32,12,21778,16,0.1045218680504077,0.17803398319354735,52.0,0
607,45,20,5260,26,0.1749398832016489,0.38237573903194866,57.0,0
536,40,17,4141,24,0.4425209629429267,0.5175563302851343,54.0,0
514,27,4,2048,24,0.16543855478963632,0.18822999168486754,52.0,0
402,36,14,4064,29,0.06559726331360946,0.1256569442412326,50.0,0
563,30,7,40857,17,0.11260818565133311,0.2549382801853927,55.0,0
571,18,0,4235,18,0.2975924220497303,0.3421082759899757,58.0,0
621,64,42,16643,4,0.035057942989107,0.17983566744002183,51.0,0
529,30,10,44411,4,0.15877805016028662,0.6792287624198747,55.0,0
562,61,33,1219,16,0.1691082802547771,0.2269134276100337,57.0,0
612,36,16,20095,22,0.1794750855838722,0.38495398756980154,51.0,0
642,54,33,33871,4,0.09543482751497626,0.175545331354412,53.0,0
619,46,24,13868,26,0.08604153086879597,0.23752806914727767,54.0,0
537,56,36,8174,28,0.08668073560446186,0.18360915808443484,51.0,0
510,39,17,169737,3,0.19609373206949576,0.4759262915790811,56.0,0
592,58,35,1712,11,0.1294469883761888,0.575743152002539,60.0,0
